,word,key_id,key_id_2,Hausdorff Distance,Euclidean Distance,IMED,First Three,Manhattan,Chessboard,SSIM,Three Longest
0,bread,4512057078579200,5301208245862400,101.04454463255303,0.32577840595248125,9.782608695652174,120.7393887677091,288,223,-5.223538843918155e-05,100.80178569846865
1,bread,4512177153114112,6334400226656256,35.11409973215888,0.06425482693964912,1.396551724137931,35.11409973215888,65,55,-6.8337010013550745e-06,52.80151512977634
2,bread,4517415574568960,5171456952500224,49.92995093127971,0.06854154874674517,7.148648648648648,49.92995093127971,210,118,-0.00013540855103392812,52.20153254455275
3,bread,4553981596532736,5760679489306624,109.77249200050075,0.1771963599546864,3.026315789473684,109.77249200050075,162,109,-2.3960056754135423e-05,161.19863522995473
4,bread,4561961628991488,5215576467177472,127.75758294520134,0.06767002381460273,25.155172413793103,127.75758294520134,127,70,-6.095455594394435e-05,127.75758294520134
5,bread,4588376130846720,5275074091286528,86.88498144098322,0.01214437577433267,15.76086956521739,86.88498144098322,83,66,-6.742925085982794e-05,86.88498144098322
6,bread,4603484299067392,5826439611940864,74.02702209328699,0.20365111779162365,5.14,74.02702209328699,167,152,-9.907018078567914e-06,74.02702209328699
7,bread,4603484299067392,6456419710664704,72.49827584156743,0.09372574773285604,13.39655172413793,94.89467845985885,107,75,8.104866445243795e-06,109.40292500660117
8,bread,4623583877791744,4601234612813824,99.62429422585637,0.05924967049312086,24.708333333333332,95.524865872714,112,74,-4.7762260321762086e-05,202.74368054269902
9,bread,4653333350449152,6697488574578688,110.11357772772621,0.46612049833226304,5.21875,110.11357772772621,227,216,1.1052093385856453e-05,110.11357772772621
10,bread,4656048642195456,6303531139072000,67.06713054842886,0.06178037003588269,23.25,67.06713054842886,79,64,-2.542205325872261e-05,67.06713054842886
11,bread,4673896848556032,4988894737072128,43.18564576337837,0.3447281870645932,29.227272727272727,62.289646009589745,212,179,-6.754495650245398e-06,48.33218389437829
12,bread,4674210850930688,6019556508172288,110.38568747804219,0.23714412736547064,16.134615384615383,110.38568747804219,349,230,-2.5645984605029774e-05,110.38568747804219
13,bread,4683017245163520,6471038269390848,98.18350166906862,0.10253019386183111,6.696428571428571,98.18350166906862,183,125,3.357873062943805e-05,98.18350166906862
14,bread,4693938105483264,6617681694294016,197.42846805868703,0.17767105469072347,52.611111111111114,197.42846805868703,104,84,1.804187455008915e-06,197.42846805868703
15,bread,4696621705068544,5690227727269888,49.24428900898052,0.18365478837734242,15.105263157894736,49.24428900898052,271,143,4.150652453839109e-05,49.24428900898052
16,bread,4705301078999040,4803424270942208,78.39005038906404,0.24811356021175118,22.517241379310345,86.68333173107735,349,210,-9.749159643530051e-05,78.39005038906404
17,bread,4705301078999040,5087658025943040,133.00375934536586,0.1952181760322853,35.43103448275862,133.00375934536586,307,182,-5.410749907857729e-05,133.00375934536586
18,bread,4706969170477056,6679387804008448,58.034472514187634,0.0743042414256923,12.068181818181818,58.034472514187634,63,46,2.1640518173523913e-06,58.034472514187634
19,bread,4712557224919040,5830382022819840,104.48444860360799,0.03751945829255659,15.32857142857143,104.48444860360799,78,54,2.0080141383385228e-05,92.02173656261873
20,bread,4762845570924544,4813886261821440,161.69724796668618,0.2410529435393799,40.39473684210526,161.69724796668618,246,127,-5.232548399131975e-05,161.69724796668618
21,bread,4774223929147392,6438204339126272,79.20858539325141,0.09828602121982931,9.870967741935484,79.20858539325141,133,131,-5.5734626450765284e-05,79.20858539325141
22,bread,4801654475980800,6291120428417024,77.41446893184762,0.12214188861731504,1.46,77.41446893184762,142,77,3.0480810379019436e-05,77.41446893184762
23,bread,4806635111317504,4685170688917504,48.82622246293481,0.13274758549128754,4.589285714285714,48.82622246293481,187,108,-5.762900475620892e-05,48.82622246293481
24,bread,4808817424465920,5883436562644992,159.15401345866212,0.2196955972510124,42.92857142857143,159.15401345866212,228,168,4.339702099930053e-06,159.15401345866212
25,bread,4823807099404288,6706496714833920,75.39230729988306,0.0859337120816385,10.513513513513514,75.39230729988306,229,194,5.4487218099401785e-06,75.39230729988306
26,bread,4835178172121088,6368627156582400,166.19265928433782,0.2050929061112895,30.02,166.19265928433782,191,117,-2.498376528238611e-05,166.19265928433782
27,bread,4871156911833088,6133755125170176,152.45327152934436,0.052131734267312824,3.6486486486486487,152.45327152934436,128,115,1.688949178613595e-05,152.45327152934436
28,bread,4883190625861632,4906501724438528,175.524927004685,0.17967950666265647,29.178571428571427,175.524927004685,198,110,3.3575362193277694e-06,175.524927004685
29,bread,4925687158800384,6100771890266112,60.29925372672534,0.15140108569693558,32.47727272727273,60.29925372672534,100,93,-1.9933332397663336e-06,60.29925372672534
30,bread,4936112269164544,4755338572070912,88.56635930193812,0.01344978275844833,9.838709677419354,88.56635930193812,45,36,-1.3255563061782474e-05,72.78049189171504
31,bread,4937218844000256,6314443111661568,49.76946855251722,0.11796102226863647,6.840909090909091,51.92301994298868,135,85,7.122041659278458e-06,35.34119409414458
32,bread,4945893591613440,5846668555583488,179.0111728356641,0.0970465258473767,12.06060606060606,179.0111728356641,134,121,-1.6064421813083906e-05,179.0111728356641
33,bread,4960131072655360,4809963576754176,63.06346010171025,0.13574842439514834,14.178571428571429,63.06346010171025,158,113,-2.482271156750564e-05,66.48308055437865
34,bread,4978898532040704,5972817654841344,154.46682491719702,0.09983910866823188,17.467741935483872,154.46682491719702,123,95,-3.0198206296528935e-06,154.46682491719702
35,bread,4993213125361664,5672293961302016,51.66236541235796,0.14128346756660748,0.9090909090909091,51.66236541235796,230,196,-2.1152547459965666e-05,77.3692445355388
36,bread,4997464316706816,6420443571421184,36.71511950137164,0.09837772778188131,6.225806451612903,36.71511950137164,110,93,1.9198094503175482e-05,36.71511950137164
37,bread,5015407364669440,5889453543391232,38.01315561749642,0.06853520851603205,0.3225806451612903,43.289721643826724,102,69,-3.470740939173625e-06,38.01315561749642
38,bread,5015899692072960,5945098854465536,56.515484603779164,0.06767161675250334,9.74468085106383,59.36328831862332,222,129,-4.961949376678315e-05,56.515484603779164
39,bread,5018645451243520,6746778944667648,108.04628637764465,0.04395828632533281,10.757575757575758,108.04628637764465,80,56,-1.6333578130025133e-05,98.08159868191383
40,bread,5030435874668544,5345981434429440,70.40596565632774,0.1067532413547017,8.573529411764707,70.40596565632774,203,151,-3.742874130299671e-06,156.46085772486356
41,bread,5038028525404160,5331899549483008,125.41929676090518,0.31392432923007163,11.211538461538462,125.41929676090518,404,202,-3.795848940446299e-05,125.41929676090518
42,bread,5054457341542400,4701830862864384,120.50311199301038,0.009222127014465575,23.442307692307693,120.50311199301038,21,11,-8.144529436569494e-05,120.50311199301038
43,bread,5055594903896064,6129118624088064,157.87653403846943,0.04486599811565058,27.651515151515152,157.87653403846943,71,51,-6.315089050135021e-05,157.87653403846943
44,bread,5057106950488064,6622646538076160,156.5790535161073,0.07488319034088727,42.06,156.5790535161073,60,58,1.1908412847032822e-05,156.5790535161073
45,bread,5069642584293376,5266744761384960,157.4960316960399,0.18673462751895933,29.64814814814815,157.4960316960399,335,172,2.2651990422665997e-05,157.4960316960399
46,bread,5085614447788032,4830263773233152,65.12296062065974,0.3230374937759307,6.761904761904762,65.12296062065974,279,191,-8.425600015330666e-06,65.12296062065974
47,bread,5094016758579200,6311392644694016,144.51643505151932,0.014533034556445711,3.1607142857142856,144.51643505151932,151,123,-7.517709695112164e-06,176.57009939398006
48,bread,5097250768289792,4534849647935488,138.2316895650198,0.0904672306908298,45.166666666666664,125.96031120952345,197,141,-3.459957089117274e-05,138.2316895650198
49,bread,5106353162944512,5613401130663936,39.824615503479755,0.04542030322318233,17.644444444444446,94.5568612000208,260,224,-3.060575436225576e-05,118.71394189394942
50,bread,5113019975598080,6214978379972608,191.637678967368,0.09861471044661274,44.25,191.637678967368,165,118,3.028182283725612e-06,191.637678967368
51,bread,5113801491873792,6531895909154816,44.181444068749045,0.01022699603592875,14.80952380952381,120.55289295574785,26,23,-5.73662732291656e-06,43.382023926967726
52,bread,5114652717481984,4579761516969984,144.88616221019868,0.09638807991963846,19.060606060606062,144.88616221019868,176,138,2.3858459619910166e-05,113.29607230614837
53,bread,5132349257809920,6234092729270272,173.4156855650607,0.09708467854599655,43.833333333333336,173.4156855650607,133,72,-8.25856422598828e-06,173.4156855650607
54,bread,5138400535379968,4597371323285504,99.64436762808022,0.14936001192147394,13.732142857142858,99.64436762808022,165,145,-8.48256838679538e-06,99.64436762808022
55,bread,5138470362152960,6237249777696768,122.88612614937456,0.08171767114754175,22.72,122.88612614937456,116,96,-3.6363747727411614e-05,58.137767414994535
56,bread,5161026624421888,5762596114268160,70.11419257183242,0.32122266420662166,3.45,70.11419257183242,174,160,-1.861820230675025e-05,70.11419257183242
57,bread,5164322542059520,4553901250445312,128.63125592172378,0.08158896916970967,10.844827586206897,128.63125592172378,98,66,-1.548597326917122e-05,130.49521064008442
58,bread,5165722164527104,5848453651365888,41.30375285612676,0.045875213452839916,9.272727272727273,41.30375285612676,25,22,9.522945093044441e-06,49.64876634922564
59,bread,5171070506106880,4690437874909184,120.07081243999309,0.19065152964103466,4.758620689655173,128.191263352851,247,191,1.8480886752691793e-05,57.21887800367987
60,bread,5192786494095360,5112461394968576,143.40502083260543,0.05672814951867087,24.266666666666666,121.3424904969401,178,92,1.3406713922972541e-05,143.40502083260543
61,bread,5196818612748288,4557891681910784,89.62700485902673,0.20714922758614496,35.7037037037037,89.62700485902673,293,216,2.7972793445174714e-06,89.62700485902673
62,bread,5205133065453568,5236057568182272,110.2905254316979,0.3306490951772275,18.025,110.2905254316979,206,205,1.595167362873637e-05,193.60010330575756
63,bread,5205542899286016,6436450415411200,124.45882853377658,0.04338515389901157,1.7777777777777777,124.45882853377658,48,25,-5.1634490167596366e-05,124.45882853377658
64,bread,5259239473807360,6526906755186688,41.23105625617661,0.148209772412285,12.673076923076923,41.23105625617661,107,104,1.7740231640930345e-06,41.23105625617661
65,bread,5288154615513088,5203904016941056,86.33075929238663,0.07628493023997236,7.421052631578948,86.33075929238663,204,112,-8.046180844399097e-05,86.33075929238663
66,bread,5299291230830592,5761119253692416,89.8443097808648,0.25333333333333335,21.85,89.8443097808648,152,152,-2.0182005340226868e-05,89.8443097808648
67,bread,5300083971063808,4828986288898048,80.60397012554654,0.21048322877463987,29.386363636363637,80.60397012554654,217,193,3.0036230150416867e-05,100.80178569846865
68,bread,5303571232849920,6333377877639168,127.09838708654017,0.056694617610846175,8.092592592592593,127.09838708654017,83,67,-1.858131524185083e-05,127.09838708654017
69,bread,5308799332122624,5008995184017408,84.75848040166836,0.09755656795222596,8.566666666666666,84.75848040166836,107,85,3.104034933380008e-06,84.75848040166836
70,bread,5310246903873536,6598053354012672,67.4166151627327,0.09058063866055366,21.75,67.4166151627327,209,107,1.0743406912153285e-05,67.4166151627327
71,bread,5347838085038080,5202895408463872,62.48199740725323,0.42897335650313895,8.880952380952381,62.48199740725323,288,212,3.751977447592066e-05,62.48199740725323
72,bread,5355326226300928,6334006687694848,104.35516278555652,0.1407965521857749,2.3275862068965516,106.55045753069294,348,227,-4.90918363104221e-05,118.25819210524064
73,bread,5357625262735360,4772489919987712,60.41522986797286,0.05919764814187188,3.6097560975609757,47.50789408087881,123,111,-0.00010729121539281434,90.24965373894794
74,bread,5369757920395264,6623091268517888,105.11898020814318,0.1276426241626274,23.838709677419356,105.11898020814318,179,92,-7.566486108059587e-06,105.11898020814318
75,bread,5371470186283008,6355479506714624,79.81227975693966,0.10749884599547647,30.782608695652176,79.81227975693966,131,90,-3.8714959349054545e-05,79.81227975693966
76,bread,5383724180963328,4838273455226880,62.625873247404705,0.0588013296778405,33.63333333333333,62.625873247404705,41,28,-7.959338188603198e-06,62.625873247404705
77,bread,5385189100355584,6112834557575168,150.88074761214565,0.11462197864078401,11.476190476190476,150.88074761214565,79,77,-2.3149296190406675e-05,86.7294644281861
78,bread,5386147704340480,6462238451826688,140.71602609511115,0.16113173816310175,25.3125,138.53880322855397,245,179,-1.8653144088936094e-05,129.76902558006668
79,bread,5387131901968384,4774223929147392,83.64807230295268,0.023977530237610494,9.15,83.64807230295268,21,11,-6.721302092359557e-05,83.64807230295268
80,bread,5430369438400512,4706202653032448,102.7277956543408,0.04931110028516289,13.068965517241379,102.7277956543408,155,104,-7.244083647779174e-06,102.7277956543408
81,bread,5459817109913600,6696240316153856,92.00543462209176,0.02928034870526277,18.72222222222222,92.00543462209176,44,26,-2.6268106676526933e-05,92.00543462209176
82,bread,5464578739666944,5407435604885504,142.63590010933433,0.16301122747097646,11.274193548387096,142.63590010933433,250,129,1.367882743430919e-05,154.95160534825058
83,bread,5464578739666944,6406059121967104,107.42439201596628,0.09035079029052512,18.32608695652174,107.42439201596628,92,69,-4.013274821419039e-05,112.89375536317321
84,bread,5481995800936448,5786918983827456,192.25503894566717,0.14351954019438806,29.7,192.25503894566717,166,89,-1.3820751494194759e-05,130.14222988715076
85,bread,5481995800936448,6382855632453632,116.92732785794773,0.12654131328940377,23.25,116.92732785794773,134,112,-3.2137282185695186e-06,70.83784299369935
86,bread,5507829509128192,5139027634159616,178.89941307897016,0.22699866753293596,46.35,213.45959805077868,226,203,-3.381323191995943e-05,178.89941307897016
87,bread,5522072862195712,6151037725442048,178.71765441612084,0.36709926509657886,41.14705882352941,178.71765441612084,171,148,-2.1204299859721396e-06,178.71765441612084
88,bread,5530798088257536,6112946063147008,85.84287972802403,0.1199320954653594,19.26388888888889,148.71785366928881,244,150,-1.6860682373657133e-05,85.84287972802403
89,bread,5530798088257536,6476551229014016,96.54014708917737,0.11714075538176177,29.397058823529413,135.2479205015737,221,144,-3.509522276096606e-05,96.54014708917737
90,bread,5544098662449152,5889453543391232,99.84988733093293,0.03546878760824129,24.75,99.84988733093293,90,66,6.765253614182846e-06,66.61080993352356
91,bread,5547682443558912,6665163765710848,52.20153254455275,0.08490615802749947,21.782608695652176,52.20153254455275,91,48,1.5728573820002903e-05,52.20153254455275
92,bread,5556117507670016,4553789262528512,151.42654985173505,0.09118052911059954,11.05,75.58438992278762,69,52,6.11832503596801e-06,75.58438992278762
93,bread,5556117507670016,4903159707205632,60.207972893961475,0.20888254994696837,13.931034482758621,60.207972893961475,205,180,-5.617712634272438e-06,60.207972893961475
94,bread,5563572501348352,4862302434099200,109.65856099730654,0.136823768995699,19.951612903225808,109.65856099730654,183,108,-6.136211435238515e-05,109.65856099730654
95,bread,5590854536265728,5565220674076672,58.240879114244144,0.10769833715917834,4.153846153846154,58.240879114244144,233,182,-1.0831062741688328e-05,58.240879114244144
96,bread,5596632420712448,4951663540436992,165.42067585401773,0.09468608187881944,17.65625,165.42067585401773,137,120,-1.2497618500174144e-05,165.42067585401773
97,bread,5623729692344320,6536574558797824,39.395431207184416,0.10640661393288545,5.476190476190476,39.395431207184416,101,53,-3.3678768325578214e-05,37.69615364994153
98,bread,5647064799117312,5171820275695616,116.45600027478189,0.07160389528288616,41.26086956521739,116.45600027478189,125,113,5.0790797431411946e-05,196.65706191235543
99,bread,5651594232201216,4859015139950592,51.85556864985669,0.02260318451142204,7.296296296296297,55.036351623268054,22,16,7.07627938803555e-06,51.85556864985669
100,bread,5696286164516864,5595598931623936,160.58953888718904,0.18485284038831173,17.5,106.38138934982942,219,148,-1.8441395501492337e-05,176.52761823578768
101,bread,5701570400354304,6498196152909824,143.60013927569847,0.3962252958063292,65.78571428571429,143.60013927569847,208,124,1.1208794552124105e-05,143.60013927569847
102,bread,5721906135171072,6584423447265280,40.80441152620633,0.38700548139578783,3.9285714285714284,40.80441152620633,103,77,-1.4299977394176419e-05,104.80935072788114
103,bread,5722698418225152,5917724209315840,41.10960958218893,0.17239547229240398,11.283333333333333,41.23105625617661,211,147,-2.5091790577274155e-05,53.2634959423431
104,bread,5733702577422336,6224960148209664,141.90489773083945,0.017765838004439868,8.05,141.90489773083945,20,11,-2.3374797847692654e-05,141.90489773083945
105,bread,5744874814963712,5535194524155904,75.18643494673756,0.09389448770187765,5.791666666666667,129.00387591076478,234,218,-2.328270318093567e-05,88.56635930193812
106,bread,5744874814963712,6707542673588224,67.11929677819934,0.24836487844947447,22.041666666666668,67.11929677819934,287,232,-1.82014387651462e-05,67.11929677819934
107,bread,5760162193211392,5636664804245504,133.15029102484155,0.04515551361971964,24.964285714285715,133.15029102484155,197,175,-1.563267839463489e-05,133.15029102484155
108,bread,5775278867480576,5205907686293504,59.481089431852205,0.15335246050719925,3.706896551724138,59.481089431852205,192,156,-1.250028089793517e-05,59.481089431852205
109,bread,5815057545953280,6064567316643840,161.4465855941215,0.08354138569561957,5.4772727272727275,141.79210133149166,118,97,1.8689459494033306e-06,147.50254235097103
110,bread,5819741342007296,6311565882032128,85.84287972802403,0.0463547228508435,20.05,85.84287972802403,72,60,1.345077221364465e-05,85.84287972802403
111,bread,5827846347948032,5245897371811840,149.61617559608987,0.07389883353033022,12.23913043478261,149.61617559608987,72,60,-2.7054293261621847e-05,142.08800090085018
112,bread,5829237367898112,5978086149455872,56.32051136131489,0.05737108465018535,20.52173913043478,92.31467922275417,173,101,-2.694576059616816e-05,63.00793600809346
113,bread,5837141898690560,4962738298159104,62.297672508690084,0.06808496117763974,9.387096774193548,62.297672508690084,157,138,-2.22711026426315e-05,159.38004893963358
114,bread,5837141898690560,6467393117224960,109.77249200050075,0.09054077495930787,4.369565217391305,109.77249200050075,194,103,-7.524375708840037e-06,109.77249200050075
115,bread,5846211812655104,5165932383043584,202.4080037943164,0.7210734267703283,27.058823529411764,202.4080037943164,398,211,-1.1020973466040277e-05,202.4080037943164
116,bread,5856222525784064,5480653875314688,121.00413216084813,0.05201390697895484,10.673076923076923,121.00413216084813,84,58,-1.0356712750409844e-05,121.00413216084813
117,bread,5864737952759808,6691086019854336,123.14625451064275,0.13186337126231654,12.369565217391305,123.14625451064275,94,77,4.728564025559718e-06,123.14625451064275
118,bread,5890358321872896,4872495620423680,159.0,0.13312140430163522,42.80357142857143,159.0,278,196,2.8015609970317347e-05,159.0
119,bread,5901581356630016,6515227497594880,162.265215003093,0.211541526384189,27.45,162.265215003093,197,149,-7.079466697187212e-06,162.265215003093
120,bread,5908474112245760,5420607380389888,182.0109886792553,0.14374844430579004,23.98148148148148,182.0109886792553,146,97,2.083219786707127e-05,182.0109886792553
121,bread,5924994133524480,5259242002972672,192.27584351654787,0.2046011757203428,33.98076923076923,192.27584351654787,206,125,9.224155399239004e-06,192.27584351654787
122,bread,5928295688306688,5051215396208640,70.45565981523414,0.11082326665437664,28.875,70.45565981523414,115,62,-3.49680155671552e-05,70.45565981523414
123,bread,5928295688306688,6511590029393920,79.1012010022604,0.29521724316724,29.40625,79.1012010022604,170,124,4.499053514255209e-06,79.1012010022604
124,bread,5933599503155200,5446657397227520,156.0833110873805,0.06411103991432963,14.25,156.0833110873805,222,178,4.459762030322768e-06,138.00362314084367
125,bread,5944082205507584,5004023893590016,101.39033484509261,0.05886338423393801,17.116666666666667,101.39033484509261,155,97,-8.290681334996749e-05,101.39033484509261
126,bread,5945648610279424,4655865820872704,114.54693361238441,0.28213649904904775,25.555555555555557,114.54693361238441,204,123,-5.8420292265291016e-05,114.54693361238441
127,bread,5992469994930176,5655140797251584,183.3930205869351,0.301900249818927,42.43333333333333,178.10109488714548,422,223,-7.840479844273695e-06,178.10109488714548
128,bread,5996853831139328,6358669409124352,211.02843410308478,0.22280590425557015,35.57692307692308,211.02843410308478,199,191,1.3339402231371486e-06,211.02843410308478
129,bread,6017845701902336,6215611497578496,56.568542494923804,0.0742035200236825,7.230769230769231,83.09632964216891,178,159,1.8521607470647645e-05,186.63868837944614
130,bread,6034519905796096,5126386987565056,135.71293232407882,0.14752405035571245,22.410714285714285,135.71293232407882,180,169,-7.180454961526938e-06,135.71293232407882
131,bread,6038446244102144,5234962267635712,41.78516483155236,0.0476223142450006,1.5625,41.78516483155236,63,48,1.843821866518901e-05,94.89467845985885
132,bread,6060647567589376,4905727405588480,55.326304774492215,0.09319531721591817,8.833333333333334,55.326304774492215,98,58,-1.889685539334348e-05,55.326304774492215
133,bread,6067738042695680,6244417541242880,99.62429422585637,0.02661117060556371,18.43103448275862,99.62429422585637,41,33,-1.686105331514703e-05,99.62429422585637
134,bread,6075263563595776,5155641351995392,128.73616430514,0.04821180031701993,28.407894736842106,128.73616430514,238,217,-3.3172571285112614e-05,96.04686356149273
135,bread,6087056570712064,5165292915261440,122.38055401083949,0.11799235811587977,26.136363636363637,122.38055401083949,159,113,3.613251307458273e-05,122.38055401083949
136,bread,6116265301114880,6200665334349824,170.09703113223347,0.12100106255297405,26.710526315789473,170.09703113223347,196,162,-2.6457649828645644e-05,170.09703113223347
137,bread,6131525416386560,6232117459550208,132.9661611087573,0.1981230732160032,14.978260869565217,132.9661611087573,218,120,-1.2695554034293313e-05,132.9661611087573
138,bread,6132053298905088,5244845192904704,143.13629868066312,0.038318790438665366,8.338709677419354,143.13629868066312,62,46,-2.5922757128321225e-08,143.13629868066312
139,bread,6138211606724608,4685170688917504,68.15423684555495,0.24111728804781643,21.473684210526315,68.15423684555495,232,128,-2.505869220730474e-05,68.15423684555495
140,bread,6138211606724608,6526906755186688,42.04759208325728,0.360813395175236,9.263157894736842,42.04759208325728,191,185,1.0625914705546774e-06,39.293765408777
141,bread,6139959394172928,5666224128131072,92.19544457292888,0.10517014026213822,10.575,92.19544457292888,129,124,-1.5101625776812711e-05,155.97756248896826
142,bread,6141023266799616,5487190345777152,84.0,0.18729921941487,14.470588235294118,84.0,72,49,-2.8512964072294196e-08,84.0
143,bread,6171467471388672,6212038743293952,90.02777349240623,0.22780465242944017,16.98148148148148,90.02777349240623,234,184,-1.2621430225897229e-05,90.02777349240623
144,bread,6193506525642752,6246894344863744,165.73774464496614,0.08312712954874316,11.129032258064516,165.73774464496614,100,80,-1.5880791800063074e-05,165.73774464496614
145,bread,6213338503577600,6747917865975808,208.2786594925174,0.3079669965100971,25.363636363636363,208.2786594925174,227,185,-2.1556549474501775e-05,208.2786594925174
146,bread,6254451545341952,5357274245627904,66.18912297349165,0.06366040554213749,14.707317073170731,84.75848040166836,169,130,8.439234028821026e-06,65.94694837519019
147,bread,6278667040718848,5380090357612544,138.6542462386205,0.4454345469093438,4.823529411764706,138.6542462386205,382,217,-5.5164392871841886e-05,138.6542462386205
148,bread,6290239205146624,4558417475665920,134.97407158413796,0.3098285921338475,4.17741935483871,139.54210834009928,459,255,1.1720351188689684e-05,139.54210834009928
149,bread,6295430293880832,5216256258998272,69.58448102845921,0.08772201822037293,5.423076923076923,69.58448102845921,166,95,-7.752839729982989e-06,69.58448102845921
150,bread,6323845130616832,5095247602253824,113.7453295744489,0.18526435786297776,1.4807692307692308,113.7453295744489,304,190,-1.30682162949244e-05,113.7453295744489
151,bread,6326609076289536,6557657190105088,84.43340571124678,0.09230137851204144,19.366666666666667,116.27553482998907,30,26,-9.439335253737435e-07,116.27553482998907
152,bread,6329964049727488,6739095655022592,101.24228365658294,0.0494343061128006,30.142857142857142,101.24228365658294,154,111,-2.8094082956242247e-05,101.24228365658294
153,bread,6332315288469504,5593199454191616,206.90335908341362,0.26840319646490873,56.25,206.90335908341362,242,143,-6.617827168819947e-05,206.90335908341362
154,bread,6332351040716800,6467672042635264,82.00609733428362,0.21162507034463318,17.047619047619047,82.00609733428362,194,106,8.863316458411563e-07,82.00609733428362
155,bread,6334333772103680,5599318100672512,98.43271813782245,0.10033444816053512,19.0,98.43271813782245,60,60,-2.755546540600032e-06,98.43271813782245
156,bread,6351042251849728,5514579922649088,104.62313319720452,0.2898781786117154,21.543478260869566,104.62313319720452,210,185,-1.3621155265199823e-05,104.62313319720452
157,bread,6360677662851072,5344090143064064,220.95248357961492,0.035490808237334984,81.3529411764706,221.57617200412142,50,37,1.857857283697494e-05,221.57617200412142
158,bread,6364221648404480,5495939651338240,180.5103875127412,0.042312979695250816,24.75,180.5103875127412,69,44,-1.3391084425748877e-05,180.5103875127412
159,bread,6369939592052736,6737884654600192,116.50321883965266,0.6232452886575772,27.733333333333334,116.50321883965266,349,212,8.57968599377324e-06,198.8617610301186
160,bread,6378928467869696,5636664804245504,143.92359083902818,0.014864264340514247,14.58108108108108,143.92359083902818,217,109,-6.917135318057412e-05,143.92359083902818
161,bread,6384812522733568,4922011958640640,89.56003573022959,0.03497957858902266,35.05555555555556,89.56003573022959,176,133,-5.121720993102613e-05,166.715326230074
162,bread,6402266380632064,6114739950190592,109.29318368498559,0.569797745830787,20.307692307692307,109.29318368498559,324,205,-1.4559717097825192e-05,120.41594578792295
163,bread,6407123434995712,5866014464016384,56.08029957123981,0.11393935606104529,19.0,56.08029957123981,133,92,-2.8003720137691886e-05,56.08029957123981
164,bread,6429096269578240,5957502250254336,122.8087944733601,0.04082824751013402,14.743589743589743,122.8087944733601,76,68,9.613281399930073e-06,122.8087944733601
165,bread,6433422761263104,5383595248058368,202.20039564748632,0.8340461847466129,112.72727272727273,202.20039564748632,330,200,-2.2625537106176945e-05,202.20039564748632
166,bread,6438206822154240,4803814508986368,136.23509092741122,0.0383195418173238,3.659090909090909,136.23509092741122,67,64,-3.402054128631395e-05,99.62429422585637
167,bread,6445791277219840,6321989268537344,52.43090691567332,0.04838246114088708,7.223684210526316,52.43090691567332,100,75,2.992600869643689e-06,52.43090691567332
168,bread,6447242103750656,4576082256723968,139.26234236145822,0.023213867361799055,17.3125,115.62439189029277,67,64,-1.4789708583326026e-05,139.26234236145822
169,bread,6462238451826688,4785026795307008,104.08650248711405,0.20411122463875903,27.71875,140.356688476182,243,235,2.7644852177785133e-05,109.77249200050075
170,bread,6478436367335424,5114910465851392,163.24827717314508,0.21704018368851186,50.17741935483871,216.33307652783935,287,237,-2.104183377390485e-05,163.24827717314508
171,bread,6481629813932032,5812575105187840,93.7709976485267,0.29081256306920045,15.444444444444445,93.7709976485267,249,208,9.924608724599593e-06,93.7709976485267
172,bread,6481629813932032,6358669409124352,188.67962264113208,0.2621966422786547,42.01851851851852,188.67962264113208,305,216,9.309406426036287e-06,188.67962264113208
173,bread,6489874741854208,6239885008568320,171.0263137648707,0.03664400513495267,34.388888888888886,171.0263137648707,41,25,3.839483786905148e-06,171.0263137648707
174,bread,6496685050036224,4813826077753344,137.05838172107534,0.09739825333693834,7.722222222222222,137.05838172107534,61,36,-4.807734385953316e-05,137.05838172107534
175,bread,6496685050036224,5725384249180160,161.04657711357916,0.20659296950573228,28.305555555555557,161.04657711357916,139,84,-2.972337527702588e-05,161.04657711357916
176,bread,6509840027353088,5248072961490944,167.0269439342048,0.11714559095700204,2.0833333333333335,167.0269439342048,130,115,-1.2232969027105966e-05,136.09188072769072
177,bread,6510861294239744,6701024460931072,184.09780009549272,0.19015382094867192,17.153846153846153,184.09780009549272,234,187,-1.4871848595082979e-05,184.09780009549272
178,bread,6512979614892032,5211894585491456,162.00308639035245,0.17565833696242178,42.19444444444444,162.00308639035245,183,121,-2.5768938267467178e-05,162.00308639035245
179,bread,6542276559896576,5059619024011264,67.468511173732,0.15844197558298537,21.029411764705884,67.468511173732,212,193,-9.5931951150506e-06,67.468511173732
180,bread,6559041377533952,5572000900710400,101.43470806385751,0.03795317132067357,28.894736842105264,101.43470806385751,83,54,-5.4244158540928715e-05,101.43470806385751
181,bread,6563035751645184,4893404058091520,70.00714249274856,0.04588046287816659,8.974358974358974,70.00714249274856,88,76,-3.664266461511254e-05,70.00714249274856
182,bread,6589787022557184,6384812522733568,87.66413177577246,0.02619500085821441,3.62,87.66413177577246,82,72,-6.29119672481607e-05,133.09019498069722
183,bread,6618717385392128,6415962309918720,114.42464769445436,0.22083528984021886,10.588235294117647,114.42464769445436,157,146,-9.697753436696512e-07,151.21177202850313
184,bread,6621407440011264,6288081978130432,69.46221994724903,0.11606239268754834,21.685185185185187,69.46221994724903,125,91,3.854395406367913e-06,69.46221994724903
185,bread,6625968498147328,6137759578193920,78.56844150166147,0.02387451691333774,20.555555555555557,96.60745312862771,65,59,5.738251551778418e-06,110.43550153822818
186,bread,6626243346694144,5867716999118848,123.14625451064275,0.0962290854723368,41.95238095238095,123.14625451064275,77,41,4.138816276970047e-06,123.14625451064275
187,bread,6665264559030272,6139959394172928,85.98837130682264,0.11556037282158337,10.446428571428571,85.98837130682264,229,186,7.649241602704703e-06,104.80935072788114
188,bread,6669494766272512,5948753066328064,49.01020301937138,0.05882812482049885,13.279411764705882,51.31276644267,101,76,-1.2861167068235925e-05,56.85068161420758
189,bread,6688507328200704,5998211846111232,88.23264701911646,0.19051299306338598,25.25,88.23264701911646,210,109,-3.762265348234353e-05,88.23264701911646
190,bread,6702236426043392,6690949004525568,74.4043009509531,0.10951291971623751,23.4,156.60459763365824,131,72,-6.231660019747363e-05,43.41658669218482
191,bread,6703616133955584,6112946063147008,34.785054261852174,0.08258423384977633,6.986111111111111,34.785054261852174,142,112,-3.653923689375496e-06,30.4138126514911
192,bread,6713282566029312,6279235247276032,138.19551367537227,0.0761593092254453,51.92857142857143,138.19551367537227,152,90,-6.718004809083788e-06,138.19551367537227
193,bread,6718722540568576,4773339434319872,96.08329719571451,0.17850565981394642,20.344827586206897,96.08329719571451,231,135,-9.073314992529137e-07,96.08329719571451
194,bread,6727718769000448,4868310611001344,67.35725647619564,0.07083562089197437,13.435483870967742,67.35725647619564,106,91,-1.878512816150756e-05,67.35725647619564
195,bread,6741019460632576,6720390380388352,135.72398461583714,0.06327458490248819,39.93181818181818,135.72398461583714,52,40,1.1860489899756387e-05,135.72398461583714
196,bread,6744448807469056,5739182150385664,96.18731725128839,0.10704039118665028,4.148148148148148,128.3160161476345,107,104,-3.558399298965594e-05,96.18731725128839
197,bread,6747649485045760,6749654328803328,61.61168720299745,0.22867793002170617,11.375,59.413803110051795,223,145,1.1619342050845788e-05,57.982756057296896
198,bread,6749882679296000,5683149088489472,144.20124826089406,0.6602095569334118,11.81578947368421,144.20124826089406,372,196,-2.3194461295276407e-05,144.20124826089406
199,bread,6750208023068672,4838273455226880,36.013886210738214,0.21428289657206337,2.3333333333333335,36.013886210738214,108,78,1.9974520819984457e-06,36.013886210738214
200,tree,4507637007777792,5506359007117312,102.9271587094485,0.028909210952616084,31.54901960784314,102.9271587094485,152,80,-1.1057318790221346e-05,102.9271587094485
201,tree,4514498452914176,5045351679524864,73.59347797189639,0.09013026633817463,1.7954545454545454,142.33762678926468,286,145,8.662148618769119e-06,142.33762678926468
202,tree,4558391374512128,6704110596259840,125.80143083447024,0.028279338423765978,61.19736842105263,125.80143083447024,85,61,1.3169296727658326e-05,129.6919426949878
203,tree,4559700781694976,6691873160691712,43.41658669218482,0.026793489714575923,20.908163265306122,90.09439494219383,154,120,1.162568433147033e-05,74.52516353554684
204,tree,4580306881347584,5174745467191296,90.00555538409837,0.011072261072261072,0.0,90.00555538409837,19,19,4.860741345460422e-06,90.00555538409837
205,tree,4592989026385920,5001874006605824,94.2443632266673,0.05076442132051305,8.837209302325581,94.2443632266673,174,140,1.5011560721408997e-06,94.2443632266673
206,tree,4592989026385920,5086907564294144,85.70880934886448,0.06341606929195208,6.628205128205129,85.70880934886448,199,158,-4.2053553192393984e-05,85.70880934886448
207,tree,4604872747909120,6580511281512448,90.60905032059435,0.08198399126599298,4.8076923076923075,125.78155667664477,235,141,-2.5281014481341518e-05,90.60905032059435
208,tree,4607559971373056,5835679013535744,107.0,0.014438527431153264,4.806818181818182,107.0,43,28,-4.0101654592461305e-05,99.00505037623081
209,tree,4646404377018368,6681960573304832,79.55501241279521,0.024954760422100042,24.06122448979592,79.55501241279521,68,66,9.631850705191171e-06,58.69412236331676
210,tree,4656344177049600,5687001888063488,133.18408313308313,0.05923114552246724,17.358974358974358,133.18408313308313,99,97,-1.2556318456216595e-05,133.18408313308313
211,tree,4659614236803072,6393343753846784,58.137767414994535,0.026907434777778128,3.7096774193548385,58.137767414994535,167,160,3.0655584005987054e-05,148.08105888330215
212,tree,4661648457465856,5022978049835008,50.99019513592785,0.02777274410203686,0.6818181818181818,48.41487374764082,142,85,-1.5845720927353552e-05,62.16912416947821
213,tree,4667853879902208,6346891920932864,135.94484175576505,0.04925661959822849,24.28301886792453,135.94484175576505,148,138,1.2792919142377317e-05,76.02631123499285
214,tree,4707338638327808,6739835475722240,90.2551937563706,0.01055679601278315,13.159574468085106,90.2551937563706,137,88,4.4834347862189435e-06,148.48905683584903
215,tree,4708881638883328,5367125659090944,117.51595636338071,0.06947199811752912,3.3289473684210527,123.90722335683259,186,152,1.454893932977215e-05,117.51595636338071
216,tree,4721944261820416,5794425110265856,70.11419257183242,0.023111420410832112,3.8363636363636364,70.11419257183242,142,72,-6.471005498333003e-06,70.11419257183242
217,tree,4730719286853632,5325080026415104,47.01063709417264,0.04531248323898541,1.369047619047619,43.56604182158393,113,58,-2.196906354418267e-06,47.01063709417264
218,tree,4733652242006016,6427475242385408,113.37107214805724,0.00857098040139837,36.148936170212764,164.92422502470643,243,137,-1.3562439257151756e-05,113.37107214805724
219,tree,4742438486802432,6227319846862848,56.293871780150276,0.05760293458290435,21.1,56.293871780150276,117,94,1.617681215820204e-05,68.24954212300622
220,tree,4746912655736832,6346891920932864,141.088624630053,0.054690923696271064,10.308510638297872,141.088624630053,144,136,5.366485099421579e-05,87.31551981177229
221,tree,4754237751820288,6231969887158272,72.94518489934754,0.03383716483054074,32.107142857142854,72.94518489934754,82,81,1.5406877319745126e-05,72.94518489934754
222,tree,4771622672138240,6399144027488256,68.46897107449476,0.0056795344943444785,10.70774647887324,71.34423592694787,173,129,3.1946236970033354e-05,72.61542535852834
223,tree,4777250606022656,6728984358289408,93.26306878931231,0.04633971443706748,18.511111111111113,93.26306878931231,144,106,2.4694795495071234e-05,139.1402170474087
224,tree,4781795235069952,6629514828316672,102.95630140987001,0.010330559584776142,3.7142857142857144,102.95630140987001,90,48,2.9169697765774933e-05,81.70679286326198
225,tree,4793407400574976,5021520449503232,66.64833081180653,0.01859022497432647,9.088235294117647,66.64833081180653,71,37,-4.8507435889554465e-06,66.64833081180653
226,tree,4808756976156672,5394944229376000,112.0714058089752,0.011825785578164277,18.43877551020408,112.0714058089752,122,106,-3.153616049437353e-05,115.91807451816995
227,tree,4833264831299584,6299933638393856,67.47592163134935,0.03444616758854984,16.9,67.47592163134935,99,89,-9.030337310035704e-07,67.47592163134935
228,tree,4834441937551360,5745391112814592,116.27553482998907,0.0446078431372549,22.175,141.20906486483082,119,84,-8.749071101625442e-06,68.0294054067798
229,tree,4863967757336576,5347951129919488,96.42095207992918,0.048891388933744055,36.154761904761905,127.251719045363,237,153,-2.7133611597999764e-06,151.21177202850313
230,tree,4866146731819008,5708735160778752,103.75451797391764,0.03016658487341377,7.285714285714286,129.49517365523704,168,116,5.258120561276536e-07,142.8355697996826
231,tree,4875814367657984,5252928635928576,47.265209192385896,0.036156958546716494,11.958333333333334,47.265209192385896,120,64,-1.688424809064463e-05,80.65358020571685
232,tree,4883105863172096,6073022391779328,103.84603988597736,0.013590714253055254,38.032467532467535,85.88364221433555,199,147,5.3922467495921684e-05,106.55045753069294
233,tree,4929169806852096,4841224265531392,102.55242561733974,0.008562799662365006,4.426829268292683,102.55242561733974,237,194,-6.3299657793366185e-06,64.28841264178172
234,tree,4942365473112064,4616725163147264,107.22872749408155,0.022617753149991798,1.6226415094339623,107.22872749408155,98,53,-5.383314001163149e-06,107.22872749408155
235,tree,4948287830360064,4573178275823616,140.03213916812098,0.13982465376122233,78.88095238095238,140.03213916812098,173,136,1.5554520877727068e-06,165.89454481688057
236,tree,4962187703484416,5432947106643968,69.85699678629192,0.034330589711667206,3.0,114.33722053644648,84,76,-5.2892543592112805e-05,114.33722053644648
237,tree,4964647931215872,5411631251062784,140.24621207005913,0.16779824194549833,19.98,140.24621207005913,213,201,1.5684137681183238e-05,139.83204210766573
238,tree,4969273292226560,5914595644407808,62.16912416947821,0.016492054988585886,0.125,72.09022125087424,86,76,1.3791375930246751e-05,62.16912416947821
239,tree,4972097820426240,6424964968218624,175.37673733993344,0.0057053977828449105,43.32051282051282,175.37673733993344,28,17,5.107733846394839e-07,190.370691021491
240,tree,4975705777504256,4891858939412480,72.56031973468694,0.01647171883854056,1.5480769230769231,113.35784048754634,77,43,2.9036774715882867e-05,149.4824404403407
241,tree,4975705777504256,6110962455150592,103.73041983911952,0.03818943902206337,24.557692307692307,138.92443989449805,175,108,-3.2855517105538425e-05,200.12246250733574
242,tree,4993606987284480,6215830910009344,54.037024344425184,0.007409410221397612,12.44186046511628,54.037024344425184,54,41,-5.428130718418991e-05,93.49331526906082
243,tree,4994591117803520,6102497246576640,118.18629362155326,0.08023985094950245,23.775,118.18629362155326,166,150,-9.469362379366845e-06,118.18629362155326
244,tree,5009873450303488,6279764618772480,85.37564055396598,0.027768569247157544,7.725806451612903,85.37564055396598,84,42,-5.415831468648332e-06,100.46392387319938
245,tree,5037475460284416,6605035263754240,59.665735560705194,0.02222285990310452,2.2954545454545454,59.665735560705194,74,42,-1.21118688682254e-05,78.39005038906404
246,tree,5039160815517696,5273307853094912,59.16924876994806,0.03147407401925467,5.428571428571429,108.4665847162157,76,74,1.0896010467978459e-05,113.8859078200635
247,tree,5047015186628608,6209153632567296,45.0111097397076,0.03927124571621832,7.554347826086956,94.36630754670864,124,82,-4.396648391891972e-05,114.21471008587291
248,tree,5055632770072576,6179685941641216,68.06614430096654,0.0323075051957296,1.9489795918367347,68.06614430096654,109,101,-7.284600366796513e-06,122.97154142320898
249,tree,5055707562901504,6749607969161216,95.58765610684259,0.03309754569245577,30.81111111111111,114.27160627207444,125,119,-2.6203668611900423e-05,111.32834320154055
250,tree,5104298172088320,6005399176085504,84.43340571124678,0.14154079296097705,12.61111111111111,84.11896337925236,306,187,3.877836957702117e-06,92.84934033152847
251,tree,5107052588302336,5169473847820288,78.79086241436883,0.01568168812925176,16.517857142857142,129.25169244539896,85,67,5.0887563645976466e-05,67.62396025078685
252,tree,5112301692649472,6337442959327232,74.96665925596525,0.10473770639296816,22.314285714285713,133.75350462698165,250,182,4.699125297350519e-05,134.61797799699713
253,tree,5113119821004800,4958919220789248,65.43699259593154,0.052662406333280655,26.238636363636363,53.0,204,179,3.2358032099562053e-05,82.29216244576394
254,tree,5114250873798656,5060717059244032,72.42237223399962,0.06157160005439143,20.738095238095237,56.302753041036986,189,116,-3.2946603268031425e-06,99.18165152889924
255,tree,5118934401417216,5748403667468288,134.61797799699713,0.06439110888600844,27.977272727272727,134.61797799699713,175,132,-3.9937995814500617e-05,134.61797799699713
256,tree,5129032486092800,4885966042955776,90.09439494219383,0.016303504414851466,7.979591836734694,160.1624175641714,65,47,-8.141057624831328e-06,58.82176467941097
257,tree,5130195000360960,4640703244140544,92.65527507918802,0.02087938431083564,24.13235294117647,92.65527507918802,44,33,-3.818778522878388e-05,92.65527507918802
258,tree,5130379159666688,4646269303652352,128.68954891520912,0.012575335340012112,15.26086956521739,128.68954891520912,66,39,-1.842643486754934e-05,155.63097378092831
259,tree,5134134693330944,5254297275072512,87.32124598286491,0.025169360418886223,13.86046511627907,87.32124598286491,346,201,-2.364767461725791e-05,158.97798589741913
260,tree,5134134693330944,6475540087177216,82.73451516749222,0.018797489002621903,23.666666666666668,86.31338250816034,274,210,-1.113755841820252e-05,161.3071604114337
261,tree,5144799529140224,6285104324280320,95.1892851112981,0.0795109770085402,12.369047619047619,95.1892851112981,184,166,-1.2753022625475466e-05,95.1892851112981
262,tree,5147511503192064,4860964920885248,35.38361202590826,0.027941199997781885,0.16363636363636364,34.132096331752024,111,83,3.654866942133843e-05,100.34440691936945
263,tree,5148873020407808,5830302062608384,63.97655820689325,0.02100184913986714,7.475,71.7007670809734,56,51,8.913107795599115e-06,110.21796586763884
264,tree,5155894339829760,5725838915928064,88.45903006477066,0.01767998741858646,40.11538461538461,100.04498987955368,80,69,5.065483989187165e-06,88.45903006477066
265,tree,5161603961978880,6691046576619520,54.405882034941776,0.025349245577840084,3.245614035087719,54.405882034941776,172,131,-6.624639870601249e-06,114.5294721894762
266,tree,5164092761309184,5899403510415360,55.02726596879042,0.018875247300889186,2.617021276595745,59.07622195096772,67,46,1.553351246248853e-06,99.24716620639605
267,tree,5168918907846656,5845843049447424,73.7563556583431,0.02683914524019471,17.333333333333332,69.77822009767804,62,35,-3.428016793462072e-05,183.5755975068582
268,tree,5183192241799168,4753236034584576,92.13576938409967,0.01973227808145716,10.99090909090909,99.14131328563285,78,62,1.0136232358886771e-05,49.51767361255979
269,tree,5183192241799168,6576084143308800,114.03946685248927,0.024333839276321767,18.642857142857142,114.03946685248927,55,50,2.2148709276523912e-05,125.67020331009256
270,tree,5183785098280960,6704008519483392,81.49233092751734,0.057493364451066245,25.153846153846153,81.49233092751734,155,127,1.1880898329615488e-05,81.49233092751734
271,tree,5188495888875520,5241475400990720,70.71067811865476,0.008843537414965987,38.25714285714286,70.71067811865476,13,13,4.6619084768314976e-06,146.75830470538966
272,tree,5191090451775488,5540948224245760,74.67261881037788,0.043235920528243335,17.2,157.2768260107,110,89,6.76351418751434e-07,67.17886572427373
273,tree,5195205030445056,6725736373157888,85.9127464349732,0.07513145216028046,26.216666666666665,85.9127464349732,158,127,1.926020138901831e-05,85.9127464349732
274,tree,5261627857305600,6658538187259904,139.7891269019161,0.011208447652299685,38.836363636363636,98.97979591815695,281,167,3.826164787282821e-05,209.44211610848473
275,tree,5264652575440896,5097736317698048,44.28317965096906,0.06851224244437167,5.555555555555555,44.28317965096906,260,167,-1.9038380147144627e-07,85.42247947700886
276,tree,5286518522380288,5859979330322432,104.04806581575652,0.05716489874720351,16.5,98.35141076771599,74,72,-6.5290835160995025e-06,107.5174404457249
277,tree,5333845102559232,6475577814941696,103.69667304209909,0.017653407678213863,6.234375,103.69667304209909,105,83,-0.00010050787701031076,103.58571330062848
278,tree,5378216153841664,4825033144795136,79.22752047110903,0.031083202349982707,31.266666666666666,40.496913462633174,132,104,2.958048147144041e-06,119.01680553602503
279,tree,5393230117994496,6606710670098432,98.29038610159185,0.05438107363998194,3.4285714285714284,99.12618221237011,181,137,-1.9325973886135427e-05,104.23531071570709
280,tree,5397981056466944,5559823997337600,57.706152185014034,0.014957806583114191,6.454545454545454,57.706152185014034,44,28,-4.841884731131374e-06,78.43468620451031
281,tree,5410446918025216,6311665287036928,44.384682042344295,0.0059016195661080115,29.554794520547944,70.71067811865476,78,57,-1.2569732311022175e-05,170.98830369355676
282,tree,5416359288635392,4578476117983232,53.16013544000805,0.05203109959707288,4.280487804878049,53.16013544000805,96,87,3.5770485241217465e-05,53.16013544000805
283,tree,5417418534944768,5708454767362048,65.25335240430181,0.06636299255564596,14.319444444444445,71.28113354878694,142,93,-3.5303816465617783e-06,146.87409574189726
284,tree,5427139807543296,5782657822621696,104.9952379872535,0.07235630697926466,38.574074074074076,104.9952379872535,117,75,-1.662755823463525e-05,104.9952379872535
285,tree,5465383655964672,5708691795869696,55.97320787662612,0.050457822453554825,18.43617021276596,139.5886814895821,203,184,-1.8747911556462598e-05,101.92153844992725
286,tree,5481275638939648,5089586533367808,74.32361670424818,0.014537444001835704,3.67,74.32361670424818,133,73,1.6397799170945734e-05,116.61903789690601
287,tree,5484525100466176,6048833744142336,80.2122185206219,0.04653237073314042,29.596774193548388,80.2122185206219,57,50,-2.0252732680101562e-05,81.8413098624405
288,tree,5498678397632512,6098342918488064,67.11929677819934,0.031572751608361226,21.553571428571427,36.24913792078372,165,97,-4.4372965989159175e-07,64.5600495662759
289,tree,5502021924814848,5291858756370432,56.08029957123981,0.003185837133830223,14.059322033898304,56.08029957123981,42,31,-3.6019785820729304e-06,170.42593699317015
290,tree,5512375149002752,6085611746230272,66.88796603276258,0.06911341488686157,26.641025641025642,66.88796603276258,208,128,5.070429168546438e-05,111.80339887498948
291,tree,5532733088464896,6397449797107712,91.48223871331527,0.017543886615160292,1.7954545454545454,91.48223871331527,89,53,9.153865488325372e-06,162.8066337714775
292,tree,5546023545995264,6055544374689792,119.07980517283357,0.005625891696142519,23.64814814814815,89.49301648732151,86,61,1.1856451765500538e-06,119.07980517283357
293,tree,5577263649128448,5844517297061888,147.2582765076381,0.014550631161866213,19.571428571428573,147.2582765076381,119,98,-2.2110166553581612e-05,161.533278305122
294,tree,5579564220678144,5499033231556608,90.62008607367353,0.059451516032988504,2.52,121.65936051122412,235,150,-3.774029265183947e-05,90.62008607367353
295,tree,5579984255057920,5039879870218240,124.82387592123551,0.008922301494494005,40.07575757575758,124.82387592123551,32,17,-4.7174415859146495e-05,142.57980221616245
296,tree,5591976898461696,4846112856866816,85.90692637965812,0.05044337566627035,0.9482758620689655,84.72307831990054,275,155,7.607797053405354e-06,97.24710792614863
297,tree,5595075864166400,6663567124201472,113.7453295744489,0.042946879108021245,24.78181818181818,138.57849761056005,191,131,-1.9527770127635943e-05,154.7966407904254
298,tree,5606326832988160,6425465445154816,94.13288479590966,0.019472877327973558,11.234177215189874,96.16652224137046,193,113,3.265106531634594e-05,107.33592129385204
299,tree,5644084460912640,6532474475642880,113.84199576606166,0.020999200618573206,37.60144927536232,113.0,155,97,-4.256369764251888e-05,179.0446871593793
300,tree,5646240689684480,5045330821251072,53.75872022286245,0.16173438788488254,3.6323529411764706,57.8013840664737,259,229,-1.0430683336356772e-05,53.75872022286245
301,tree,5656537441763328,5847868126527488,82.28000972289685,0.06960822965192366,4.875,64.89992295835181,213,185,-2.4155705905110514e-05,126.58988901172162
302,tree,5656537441763328,6617903266791424,61.84658438426491,0.004631288627874375,3.455357142857143,148.94965592440957,19,17,-4.013947290022346e-05,195.5326059765992
303,tree,5661171501760512,5966033485561856,73.16419889536138,0.054361242377231465,20.375,73.16419889536138,244,173,2.954461829272336e-05,190.7065809037538
304,tree,5675218632704000,4600726577741824,53.665631459994955,0.016104644713294886,8.355263157894736,78.77182237323191,62,58,2.124318588841678e-05,180.0999722376436
305,tree,5702695061028864,4875461744132096,52.20153254455275,0.04530666095048907,4.372340425531915,52.20153254455275,144,94,-1.844636828088266e-05,59.135437767890075
306,tree,5706205446012928,5886855977369600,119.54078801814885,0.010924631854458198,19.5,119.54078801814885,39,30,-1.9176171444037427e-05,147.0
307,tree,5713569683341312,4917750214426624,69.28924880528002,0.057874859893102384,3.215909090909091,69.28924880528002,211,118,1.5638345363707212e-06,61.5223536610881
308,tree,5715537835327488,6207996487008256,97.41663102366043,0.11115817905217147,4.068965517241379,97.41663102366043,272,215,8.090838192083035e-06,163.47782724271815
309,tree,5717789341908992,6161991028703232,66.76076692189807,0.012655820986015637,2.574074074074074,182.04395073717774,119,105,1.4238154931714032e-05,143.17122615944868
310,tree,5765477236211712,6221563919597568,89.55445270895244,0.002266483504686239,7.545454545454546,93.15041599477696,35,25,-2.8572262989269465e-06,209.97380789041284
311,tree,5776773335744512,5920154254835712,85.63293758829018,0.03321200433552656,0.13953488372093023,85.63293758829018,107,55,-9.264821253189753e-06,133.0338302838793
312,tree,5777096410398720,5003158591897600,127.00393694685216,0.03817611893387538,1.096774193548387,72.069410986909,129,79,-1.7890011294184073e-05,125.03199590504823
313,tree,5777096410398720,6123923475267584,128.22246293064254,0.01810910085456918,21.905172413793103,71.56116265125938,99,81,-2.666944774169427e-05,89.81091247727082
314,tree,5796616957067264,5103641830621184,130.38404810405297,0.034875489304030664,27.744444444444444,87.6184911990614,386,199,3.6602390912650414e-05,115.67627241573788
315,tree,5796616957067264,6715240580382720,116.2497311824849,0.12622279990575944,10.125,116.2497311824849,257,131,1.3288896817211148e-05,116.2497311824849
316,tree,5819702553083904,6729583841771520,65.73431371817918,0.08583276504123656,14.734375,65.73431371817918,123,118,-4.7389125533126865e-05,116.86744627996283
317,tree,5827807223480320,6031422261297152,95.0789145920377,0.04414642423127759,27.64516129032258,121.59358535712317,115,83,2.002760541554857e-05,117.15374513859982
318,tree,5841177574113280,5827807223480320,51.31276644267,0.016159045877738767,15.255555555555556,87.92041856133307,52,47,3.423491933354636e-05,78.54934754662193
319,tree,5841177574113280,6350651141390336,123.00406497347964,0.0007922471686909377,33.36666666666667,123.00406497347964,10,9,2.495966354644222e-05,154.82893786369524
320,tree,5868475161509888,6469280705019904,55.10898293381942,0.004232804232804233,9.571428571428571,55.10898293381942,24,24,-2.9113151783636587e-05,169.10647533432893
321,tree,5890820802609152,5195205030445056,51.97114584074513,0.03542660963052477,3.146551724137931,51.97114584074513,183,94,-6.876386124003011e-07,64.51356446515724
322,tree,5902174435409920,5574339447488512,132.0,0.03971352956596844,9.630952380952381,132.0,92,79,5.725467534926448e-05,89.00561780022652
323,tree,5904019270664192,5241475400990720,82.07313811473277,0.00791832960492455,12.685714285714285,144.51643505151932,69,50,-1.9931529040917048e-05,142.12670403551894
324,tree,5909216902512640,6176961757970432,81.32035415564789,0.05376254058116816,54.45652173913044,109.20164833920778,77,61,-4.022946720101178e-05,126.14277624977183
325,tree,5914386784845824,4840306753142784,114.0701538527936,0.02054495154627437,6.080645161290323,114.0701538527936,61,47,8.440919139945988e-06,167.0748335327616
326,tree,5921583124185088,4626048664731648,98.73196037757987,0.01081954581225269,11.577586206896552,98.73196037757987,161,111,-2.6514650484839804e-05,181.94504664870655
327,tree,5926676749877248,4681674581344256,64.53681120105021,0.01479288317464065,4.589743589743589,64.53681120105021,32,25,-1.221805649316915e-05,125.51493934986385
328,tree,5931543690215424,5402923842404352,66.88796603276258,0.024696222385881025,15.063829787234043,152.5909564816998,174,87,-2.624014109621695e-05,99.72462083156798
329,tree,5939441929551872,6199291964030976,60.67124524847005,0.014438738465303934,1.9811320754716981,60.67124524847005,58,41,7.791491487206514e-06,60.67124524847005
330,tree,5977442474786816,5726178365145088,137.00364958642524,0.01567139933641482,48.81868131868132,94.5568612000208,223,135,-1.1265453183197101e-05,143.0314650697531
331,tree,5997606327025664,5596979495174144,42.05948168962618,0.008985068185326238,5.964285714285714,38.01315561749642,163,161,-1.024832430118881e-05,88.52683209061533
332,tree,6038139007139840,5100154451394560,69.92138442565336,0.018438860712276222,5.246268656716418,75.95393340703298,103,92,-1.706774262397641e-05,69.92138442565336
333,tree,6042332719742976,5701759697682432,81.58431221748455,0.015536856489086707,24.009090909090908,88.68483523128404,99,82,-1.5680715945781046e-05,98.12746812182611
334,tree,6043760192389120,5715981408141312,69.02897942168927,0.042681359373096195,19.842105263157894,96.87620966986684,148,83,-3.766619854543307e-06,156.08010763707205
335,tree,6045379915153408,4753257341648896,105.80170130957252,0.04389197986507601,1.8095238095238095,105.80170130957252,162,117,1.0570766390643363e-05,138.61096637712328
336,tree,6047872673906688,5483012739301376,70.61161377563892,0.032530336180494925,25.1864406779661,203.90684147423792,152,133,-2.226020817392747e-08,44.77722635447622
337,tree,6072476129820672,5584651693326336,86.97700845625813,0.0004976046672176837,6.036585365853658,86.97700845625813,4,3,-1.527900305041112e-05,194.02319448973105
338,tree,6098342918488064,4703567510241280,80.77747210701756,0.016362280644237864,20.238095238095237,80.77747210701756,48,46,-2.3038816055308867e-05,75.43208866258443
339,tree,6110006556491776,6117959091093504,136.82105101189657,0.03923397083882957,32.875,136.82105101189657,235,123,8.348761709363942e-06,178.7316424139833
340,tree,6131339407392768,4915355380088832,144.77914214416384,0.027384508243133966,36.97222222222222,144.77914214416384,148,101,-4.777417081773773e-05,144.77914214416384
341,tree,6139330986770432,5553474576056320,127.66362050325849,0.03196820385130798,28.62037037037037,175.80102388780332,167,153,3.288974878537448e-05,94.2443632266673
342,tree,6153645844332544,5877076991148032,77.25283166331187,0.010856570072883178,16.833333333333332,77.3692445355388,63,39,-2.7024989623044286e-05,70.06425622241343
343,tree,6165497533956096,5268265729261568,89.88882021697692,0.022144084502861528,32.62820512820513,140.05713120009278,53,50,-2.1012390054943814e-05,91.26883367283708
344,tree,6167007219154944,5766791022247936,142.0774436706967,0.010476716337315933,30.949152542372882,142.0774436706967,51,37,2.7004235058247234e-06,142.0774436706967
345,tree,6171554683551744,5525406348214272,69.87131027825369,0.05766182990392892,20.555555555555557,82.96987405076617,178,108,2.9390239333971032e-05,169.30741271426953
346,tree,6172709857787904,5586847570853888,163.36768346279504,0.013980061415388594,11.923913043478262,163.36768346279504,59,50,7.946193432055571e-07,163.36768346279504
347,tree,6203542975021056,5367574621585408,58.077534382926416,0.018894743429349783,8.344827586206897,47.01063709417264,247,150,4.903104073517617e-05,86.6083136886985
348,tree,6232507345272832,5200899423076352,81.39410298049853,0.02817808959730283,1.1290322580645162,67.97793759742936,138,105,5.801048989505992e-06,75.8023746329889
349,tree,6243335628914688,6381970412011520,97.51410154434076,0.027142670219422012,47.670212765957444,97.51410154434076,137,80,-7.785644346901311e-06,97.51410154434076
350,tree,6250544093986816,5563124864253952,127.4401820463232,0.020248958450321864,31.03488372093023,127.4401820463232,208,127,-5.153242594236142e-06,151.92103211866353
351,tree,6252463373942784,4523862182068224,92.9623579735368,0.041618820265288015,34.888888888888886,139.51702405083043,168,137,-1.929807614353533e-05,141.41074923781431
352,tree,6264148910407680,6174156326436864,43.0,0.04685578244389817,5.986111111111111,43.0,89,70,-1.2695066623589786e-05,104.27847332982968
353,tree,6264404926529536,4609853571989504,86.49277426467485,0.029767743326294054,31.551724137931036,86.49277426467485,265,195,1.4887654187445707e-05,116.70903992407786
354,tree,6270145355841536,6556114139217920,64.53681120105021,0.1332364918105389,5.166666666666667,64.53681120105021,278,143,-8.944232348575651e-06,64.53681120105021
355,tree,6271033923338240,5775386208108544,59.16924876994806,0.032045187520528456,4.180851063829787,218.27734651126764,139,115,4.1394167554019565e-05,127.7810627597063
356,tree,6296935361150976,5890793690628096,68.47627326307996,0.010072980406373099,16.857142857142858,82.15229759416349,72,42,3.090954846966182e-05,192.31484602078956
357,tree,6302376669478912,6585894687473664,145.64683312726027,0.021508607287119706,60.9625,82.49242389456137,173,127,-1.3850971782119838e-05,95.1892851112981
358,tree,6307926773858304,5789507221716992,143.7810835958611,0.007092750205117024,33.38214285714286,107.07007051459338,326,177,-1.0235866887669875e-05,168.07438829280326
359,tree,6318835097403392,5877961469198336,74.33034373659252,0.05098856660167419,23.729166666666668,74.33034373659252,139,115,-3.4826650835972486e-05,74.33034373659252
360,tree,6323944921497600,6422416773349376,53.33854141237835,0.016846519758273074,0.9375,67.08203932499369,151,123,-1.0882908373914227e-05,144.49913494550754
361,tree,6328795495661568,5057710124957696,132.09844813622905,0.07840465519204588,1.5930232558139534,132.09844813622905,251,208,-8.961741222905993e-06,74.62573282722254
362,tree,6329527238131712,6697642375512064,112.96902230257638,0.03414125070936916,5.3125,112.96902230257638,216,150,4.751746566484868e-05,134.13426109685773
363,tree,6331931224440832,6058036227473408,71.386273190299,0.05130416989993519,5.783333333333333,135.79396157414365,103,88,-1.9776834589194553e-05,71.386273190299
364,tree,6338419292635136,5895470259896320,84.71717653463199,0.020458909808392878,16.024390243902438,84.71717653463199,130,94,-3.3148850157005526e-05,142.08800090085018
365,tree,6341537778630656,6585894687473664,155.23530526268823,0.02637330480353229,85.2948717948718,142.80406156688963,215,146,-9.085482140713832e-06,93.5200513259055
366,tree,6343973360631808,6632018693586944,119.07980517283357,0.07678081978045621,16.904255319148938,119.07980517283357,259,229,-4.493739584030312e-06,131.55227098001768
367,tree,6362162056396800,5411631251062784,60.108235708594876,0.07570428353767943,6.08,47.01063709417264,127,98,3.439780453689649e-07,69.8927750200262
368,tree,6372027596275712,6067248483532800,63.56099432828282,0.013824545401406714,7.883333333333334,65.06919393998976,189,164,-4.9331558423009174e-05,205.4555913086816
369,tree,6381970412011520,4752045758218240,76.84399781375251,0.014132722526146274,1.4350649350649352,76.84399781375251,316,188,-7.686036107456884e-06,123.32072007574396
370,tree,6425465445154816,6747812828020736,81.39410298049853,0.051577424637669206,16.1625,81.39410298049853,198,158,1.0763367960473768e-05,109.73149046650191
371,tree,6433464687525888,5079657730801664,118.06777714516353,0.03556909383962447,21.841463414634145,77.47257579298626,141,86,5.47347002573687e-06,121.1486689980538
372,tree,6435272415772672,6140366757560320,65.0,0.018896863387484537,3.683673469387755,65.0,107,58,-3.4542357901978456e-05,108.4665847162157
373,tree,6441286313705472,4800797361569792,50.039984012787215,0.02287392394531317,21.122448979591837,124.47088012864695,66,65,-7.773326397931921e-06,45.044422518220834
374,tree,6471317173829632,6666180834099200,69.87131027825369,0.04691049865432705,21.463414634146343,69.87131027825369,240,184,3.775669603160808e-05,147.41099009232656
375,tree,6484200028897280,6740925642440704,114.84337159801605,0.015144609945079036,19.576923076923077,114.84337159801605,51,30,-2.3206225545172912e-05,139.61733416735902
376,tree,6487434462232576,6140366757560320,83.73768566183328,0.024422880383620855,12.010204081632653,83.73768566183328,85,50,-2.9879284077831703e-05,93.29523031752481
377,tree,6492093763551232,5944161578516480,120.01666550941998,0.034973428090351116,5.222222222222222,141.01418368376991,109,107,1.3221568995408688e-05,92.70382947861431
378,tree,6506105289048064,5877076991148032,52.773099207835045,0.033926212130094634,7.282258064516129,62.96824596572466,210,138,-1.3526678184517554e-05,173.6663467687393
379,tree,6509219673014272,5009873450303488,72.80109889280519,0.11815477761325874,3.0806451612903225,72.80109889280519,147,122,4.013503977258186e-06,72.80109889280519
380,tree,6530589869998080,5584278081503232,79.84985911070852,0.06687290467088651,9.136363636363637,84.71717653463199,165,135,3.9968960988368316e-05,122.64175471673585
381,tree,6556725303836672,6129986647883776,94.25497334358543,0.04706674192130895,10.918604651162791,94.25497334358543,230,173,-1.305023223823802e-05,119.54915307102765
382,tree,6560186254753792,5009863518191616,75.0,0.0253610801202868,11.25,75.96051605933177,220,114,-2.1651796831102477e-05,162.3884232326923
383,tree,6571670984720384,5963324430745600,73.10950690573696,0.021693102320035986,19.241666666666667,73.10950690573696,130,82,-3.520440152398197e-05,104.9952379872535
384,tree,6573084209315840,6410852137697280,58.83026432033091,0.022969625300745936,0.2846153846153846,51.0098029794274,150,109,6.0046055184656975e-05,156.01281998605114
385,tree,6582563558653952,5044755949944832,102.39628899525607,0.050347222222222224,3.486111111111111,102.39628899525607,164,84,1.4494712885086026e-05,147.05441169852742
386,tree,6592054090006528,5794692136435712,73.00684899377592,0.012115412960308684,5.545454545454546,84.40379138403677,71,53,3.241878079483422e-05,73.00684899377592
387,tree,6601115938324480,5103015675559936,100.42410069301094,0.0758057805414834,14.935897435897436,59.16924876994806,174,137,-5.75648213954918e-06,153.68148880070103
388,tree,6603145708830720,4681674581344256,93.92017887546851,0.023339319548897522,8.11111111111111,116.72617529928752,133,110,-3.264104861665686e-05,114.48143954370944
389,tree,6610673314299904,5623310995947520,95.524865872714,0.06449568299230411,0.8372093023255814,95.524865872714,187,129,-3.077603963847796e-05,95.524865872714
390,tree,6618593166884864,5837754971717632,87.05170877128145,0.03710658369643631,3.8508771929824563,179.77764043395385,167,107,-2.158516021031828e-05,93.34345183246653
391,tree,6627380078575616,6324818322391040,61.29437168288782,0.024503126026354734,5.908163265306122,61.29437168288782,86,53,-1.1363342427765794e-05,157.17824276915684
392,tree,6659770427637760,5394857726050304,103.0,0.013880798865801227,24.93243243243243,103.0,191,97,-1.3608265320959548e-05,148.32734070291963
393,tree,6663513084788736,4987385538412544,64.0,0.08584355520173231,6.852941176470588,102.07840124139877,149,99,-3.164788777862747e-05,59.464274989274024
394,tree,6666113066729472,4917750214426624,82.28000972289685,0.07321390778127594,19.382978723404257,82.28000972289685,206,203,-3.1267866548054326e-06,61.1310068623117
395,tree,6684022107275264,5337229599703040,82.68010643437755,0.010688096880863104,12.218181818181819,82.68010643437755,42,38,-2.2723895567856736e-05,90.27181176868004
396,tree,6696130446360576,4748950617718784,60.0,0.07555925746650036,5.45,60.0,239,166,-2.2785249751016044e-05,97.74456506629922
397,tree,6728665192726528,5776618662395904,88.0,0.027340913510604452,3.8488372093023258,88.0,170,123,1.4118772344652264e-05,88.0
398,tree,6731009435369472,5290741007908864,88.0,0.0041583597395961494,1.878787878787879,88.0,122,65,-2.528385293008862e-05,88.0
399,tree,6745743723331584,6094151017824256,86.58521813797087,0.017300874651509594,51.130434782608695,86.58521813797087,93,55,-2.281132290784703e-05,169.7439247808298
