"","pair_id","category","drawing_key_id_1","drawing_key_id_2","ci_lower_human","ci_upper_human","human_rating_mean","n_participants","hausdorff","avg_hausdorff","mahalanobis","euclidean","hausdorff_three","avg_hausdorff_three","mahalanobis_three","euclidean_three"
"1",1,"bread",4512057078579200,5301208245862400,6.33333333333333,7,6.66666666666667,9,100.801785698469,44.9827828773455,1.86155695565217,144.144343231749,101.044544632553,49.148770161634,1.73098864128136,134.361395348057
"2",2,"bread",4512177153114112,6334400226656256,1.66666666666667,3.66666666666667,2.5,6,35.1140997321589,14.268153598388,1.80754096407497,106.506818359604,35.1140997321589,13.9130688025056,1.79845556098544,108.619036705011
"3",3,"bread",4517415574568960,5171456952500224,1,1.75,1.375,8,52.2015325445527,19.4501654058662,1.87627197090546,121.820407683809,47.6759897642409,17.8849825452691,1.83636314971309,124.357920575603
"4",4,"bread",4553981596532736,5760679489306624,5.08333333333333,6.66666666666667,5.91666666666667,12,96.1353212924365,43.3409663024138,1.92611513649906,169.804257184558,109.772492000501,59.006145085771,1.867234657572,168.375683780471
"5",5,"bread",4561961628991488,5215576467177472,3.63636363636364,5.27272727272727,4.45454545454545,11,127.757582945201,34.7987798695471,1.92451802818954,130.717561870007,127.757582945201,35.072909519952,1.93693210129811,131.77469528776
"6",6,"bread",4588376130846720,5275074091286528,7,7,7,5,90.3548559846121,27.9367056792857,2.1716594765747,103.730110917902,90.3548559846121,28.7374967262323,2.19320496675643,104.781554284075
"7",7,"bread",4603484299067392,5826439611940864,1.44444444444444,2.22222222222222,1.77777777777778,9,74.027022093287,35.962169035756,1.80197489859003,148.095132476726,74.027022093287,35.962169035756,1.80197489859003,148.095132476726
"8",8,"bread",4603484299067392,6456419710664704,4.11111111111111,6.33333333333333,5.22222222222222,9,72.4982758415674,35.8771504511139,1.82563734608454,140.861255722038,94.8946784598589,50.598695244929,1.80505067454351,141.77520352511
"9",9,"bread",4623583877791744,4601234612813824,4.7,6.3,5.5,10,99.6242942258564,34.4811841894927,1.88978785243394,142.685616416261,134.528807323933,73.4130711850376,1.99691331340287,143.810036580759
"10",10,"bread",4653333350449152,6697488574578688,3.30576923076923,5.07692307692308,4.23076923076923,13,110.113577727726,29.3062810985635,1.86104557100977,140.737965328106,110.113577727726,29.3062810985635,1.86104557100977,140.737965328106
"11",11,"bread",4656048642195456,6303531139072000,2.25,4.08333333333333,3.08333333333333,12,67.0671305484289,24.8508022518521,1.9133053693503,113.721354438004,67.0671305484289,25.6493729182865,1.90955218444614,116.83815987768
"12",12,"bread",4673896848556032,4988894737072128,2.27272727272727,4.63636363636364,3.36363636363636,11,43.1856457633784,20.6978124552635,1.88293441068231,122.974773166649,43.1856457633784,20.4331213798585,1.82690344905292,117.002162094328
"13",13,"bread",4674210850930688,6019556508172288,5.2,7,6.2,10,92.0217365626187,29.0451132237093,1.82318424512305,136.755095262827,92.0217365626187,29.0451132237093,1.82318424512305,136.755095262827
"14",14,"bread",4683017245163520,6471038269390848,6,7,6.5,10,98.1835016690686,32.315867011909,1.88073637227974,132.570765372471,98.1835016690686,32.4556198284696,1.84521092340916,135.006157514811
"15",15,"bread",4693938105483264,6617681694294016,6.5,7,6.75,8,197.428468058687,54.8783463412119,1.72542931383679,136.868839217273,197.428468058687,54.8783463412119,1.72542931383679,136.868839217273
"16",16,"bread",4696621705068544,5690227727269888,3.425,5.43214285714285,4.42857142857143,7,80,39.9047658945842,2.02469745668475,136.963763447737,80,40.2597573010418,1.96567772453941,137.821594054759
"17",17,"bread",4705301078999040,4803424270942208,2.18181818181818,3.45454545454545,2.81818181818182,11,78.390050389064,33.5828068385078,1.98708989189854,132.87162277266,86.6833317310773,41.4309137410459,1.98130980867155,131.022725797915
"18",18,"bread",4705301078999040,5087658025943040,5.44444444444444,6.77777777777778,6.22222222222222,9,133.003759345366,62.6921228826875,2.05134173290672,145.405854736592,133.003759345366,62.6921228826875,2.05264854385429,145.998998031887
"19",19,"bread",4706969170477056,6679387804008448,3.22222222222222,5.33333333333333,4.22222222222222,9,58.0344725141876,27.3787748195438,1.85201121748978,122.234230334467,58.0344725141876,25.7415957156309,1.87634067687712,128.271338772536
"20",20,"bread",4712557224919040,5830382022819840,5,6.875,6.125,8,104.484448603608,39.8188507431877,1.88071631540246,150.709505647737,104.484448603608,39.9766395243821,1.87778599670899,153.128118360843
"21",21,"bread",4762845570924544,4813886261821440,3.44444444444444,5.77777777777778,4.55555555555556,9,165.469030334984,71.5806354700829,2.04519890209252,153.654213551624,165.469030334984,74.9559670288073,1.99373267012208,158.996113886633
"22",22,"bread",4774223929147392,6438204339126272,3.22222222222222,4.88888888888889,4,9,79.2085853932514,32.6483519658146,1.90011470571884,126.569920346905,79.2085853932514,37.4820842780938,1.91025444269746,133.928856306642
"23",23,"bread",4801654475980800,6291120428417024,2.61538461538462,4.00192307692308,3.23076923076923,13,77.4144689318476,27.0163077448671,1.95996398517219,115.064477897688,77.4144689318476,26.5243415383834,1.94629016753742,119.242589200402
"24",24,"bread",4806635111317504,4685170688917504,4.85714285714286,7,6,7,48.8262224629348,17.4910705786427,1.81088524753107,118.606266276262,48.8262224629348,16.9939858791673,1.81335064786474,121.377854845927
"25",25,"bread",4808817424465920,5883436562644992,4.75,6.75,5.875,8,159.154013458662,47.1238875498277,1.85157892395665,145.98609258874,159.154013458662,47.1238875498277,1.82057273079422,147.777772821982
"26",26,"bread",4823807099404288,6706496714833920,3.8,5.53333333333333,4.73333333333333,15,75.3923072998831,29.871013523604,1.88800353647158,143.495584667615,75.3923072998831,32.9187163756041,1.82692064433976,149.779658862833
"27",27,"bread",4835178172121088,6368627156582400,4.71428571428571,6.14285714285714,5.42857142857143,7,166.192659284338,65.600026962809,1.84048216537749,151.73979712763,166.192659284338,65.600026962809,1.84048216537749,151.73979712763
"28",28,"bread",4871156911833088,6133755125170176,2.66666666666667,4.16666666666667,3.33333333333333,6,152.453271529344,51.1451703701911,2.01923123830605,144.715448954938,152.453271529344,48.027509102835,1.87796179683157,133.942404172473
"29",29,"bread",4883190625861632,4906501724438528,4.21944444444445,6.77777777777778,5.55555555555556,9,175.524927004685,68.5685338035379,1.90622727702434,148.781982145973,175.524927004685,69.869965368015,1.87722893503596,148.753192372581
"30",30,"bread",4925687158800384,6100771890266112,1.66666666666667,5,3.16666666666667,6,55.1543289325507,23.465069614022,1.77792218712591,148.280599469393,55.1543289325507,23.465069614022,1.77792218712591,148.280599469393
"31",31,"bread",4936112269164544,4755338572070912,4.15384615384615,6.38461538461539,5.30769230769231,13,78.8923316932641,34.7129772216524,1.94984535721595,141.123965136198,88.5663593019381,31.6299381232439,1.79045433609346,149.513398939153
"32",32,"bread",4937218844000256,6314443111661568,3,5.18181818181818,4.09090909090909,11,55.1724568965349,17.7456056719744,1.80643269986802,106.672158530853,51.9230199429887,24.2758221149646,1.84261964033718,98.5985060955239
"33",33,"bread",4945893591613440,5846668555583488,5.30769230769231,6.84615384615385,6.23076923076923,13,179.011172835664,84.0928761950235,2.13316403927691,172.405352944257,179.011172835664,84.0928761950235,2.13360163561591,173.678879903646
"34",34,"bread",4960131072655360,4809963576754176,5.69230769230769,6.61538461538461,6.15384615384615,13,66.4830805543786,31.1327097126778,1.84721112477973,134.137812329266,66.4830805543786,31.1327097126778,1.84721112477973,134.137812329266
"35",35,"bread",4978898532040704,5972817654841344,3.14285714285714,6.57142857142857,4.85714285714286,7,154.466824917197,45.0617128145671,1.82964470397629,135.734694519009,154.466824917197,45.0617128145671,1.79474167859021,138.768973195348
"36",36,"bread",4993213125361664,5672293961302016,4.625,6.5,5.625,8,65.6201188660917,27.3958002562397,1.99130774434098,120.467381460991,51.662365412358,24.654704506997,1.80593189583651,116.410180086717
"37",37,"bread",4997464316706816,6420443571421184,3.56785714285715,6.14285714285714,5,7,36.7151195013716,16.9895921526004,1.88354086975245,112.451416275814,36.7151195013716,17.5084453657604,1.86034469368705,114.993604270147
"38",38,"bread",5015407364669440,5889453543391232,1.1,1.7,1.4,10,38.0131556174964,14.6041351263596,1.76586129092168,104.71857643427,43.2897216438267,14.9308093990395,1.77963030872968,112.360293492908
"39",39,"bread",5015899692072960,5945098854465536,5.63636363636364,6.90909090909091,6.36363636363636,11,56.5154846037792,21.7600886849817,1.82524985696824,120.93907961914,59.3632883186233,26.9433826676455,1.87252578714478,124.704091462726
"40",40,"bread",5018645451243520,6746778944667648,6,6.8,6.4,10,108.046286377645,47.3589198265111,1.95903766218523,114.651519779905,108.046286377645,50.9082563068835,2.0028910512421,126.32650099303
"41",41,"bread",5030435874668544,5345981434429440,7,7,7,6,70.4059656563277,26.8197713394449,1.86471300015595,112.572169713515,70.4059656563277,47.0165346683755,1.77975148391799,116.022740439336
"42",42,"bread",5038028525404160,5331899549483008,5.75,6.75,6.25,12,125.419296760905,39.3373309397434,1.85443451174493,142.183355849872,125.419296760905,39.3373309397434,1.85443451174493,142.183355849872
"43",43,"bread",5054457341542400,4701830862864384,2.2,3.8,3,5,120.50311199301,31.3835249432878,1.90665922771893,119.114650122563,120.50311199301,34.0106190778067,1.93226680529333,125.196452866332
"44",44,"bread",5055594903896064,6129118624088064,5.66666666666667,7,6.5,12,157.876534038469,42.2627328845745,1.79722569268563,121.779944818165,157.876534038469,50.042872810897,1.84429767832782,130.45954649783
"45",45,"bread",5057106950488064,6622646538076160,2.875,4.875,3.875,8,156.579053516107,55.1620553708392,1.89656309511515,140.538060449409,156.579053516107,58.3769468044347,1.88050927581285,142.896547413394
"46",46,"bread",5069642584293376,5266744761384960,4.35714285714286,6.21428571428571,5.35714285714286,14,172.586210341383,67.9347996633946,1.90802795543415,144.720112157521,157.49603169604,44.7180108755545,1.82580307711985,124.934637851292
"47",47,"bread",5085614447788032,4830263773233152,4.66388888888889,6.78055555555555,5.88888888888889,9,119.369175250565,35.1602712157218,1.77157289408478,139.023006777237,119.369175250565,35.1602712157218,1.77157289408478,139.023006777237
"48",48,"bread",5094016758579200,6311392644694016,7,7,7,6,112.64102272263,30.7370943779994,2.18363045645176,144.183510441173,112.64102272263,30.7370943779994,2.18363045645176,144.183510441173
"49",49,"bread",5097250768289792,4534849647935488,4.71428571428571,6.57142857142857,5.71428571428571,14,138.23168956502,52.8083379996794,1.91792995739138,157.19529813929,156.486421136148,64.3044240358579,1.79286387767076,158.856129944152
"50",50,"bread",5106353162944512,5613401130663936,6.7,7,6.9,10,137.786066058945,39.3707601809977,1.77682948156391,116.029339083932,94.5568612000208,35.8823503393472,1.96416770003363,108.453032458633
"51",51,"bread",5113019975598080,6214978379972608,4.5,6.75,5.5,4,191.637678967368,73.9690756799212,1.77794027899032,155.008575443591,191.637678967368,75.4603648581348,1.76990180055274,157.050939773784
"52",52,"bread",5113801491873792,6531895909154816,3.33333333333333,4.88888888888889,4.11111111111111,9,43.3820239269677,16.698782277646,1.8143542054225,114.44810122957,120.552892955748,40.5830247153235,1.80785529817211,123.339986058185
"53",53,"bread",5114652717481984,4579761516969984,5.09090909090909,6.45454545454545,5.81818181818182,11,144.886162210199,45.6106840877775,1.86808646743186,140.681171362313,144.886162210199,52.4346394623192,1.90697511336709,156.46712663857
"54",54,"bread",5132349257809920,6234092729270272,4.30769230769231,6.38461538461539,5.38461538461539,13,173.415685565061,65.6805801568298,1.96884288976386,153.587636305498,173.415685565061,67.396237035963,1.91807719924366,157.646777488561
"55",55,"bread",5138400535379968,4597371323285504,3,5.2,4,10,99.6443676280802,29.5553352592694,1.80514536999612,150.682521129404,99.6443676280802,29.5553352592694,1.80514536999612,150.682521129404
"56",56,"bread",5138470362152960,6237249777696768,3.85714285714286,6.57142857142857,5.28571428571429,7,89.9888882029331,41.1178177519604,1.94521655800357,133.817239417891,122.886126149375,67.1019918890957,1.86274910125341,123.804202526871
"57",57,"bread",5161026624421888,5762596114268160,2,3.33333333333333,2.66666666666667,6,70.1141925718324,32.2848150908436,1.78634597250627,139.215694565017,70.1141925718324,32.2848150908436,1.78634597250627,139.215694565017
"58",58,"bread",5164322542059520,4553901250445312,4.18181818181818,6.18181818181818,5.18181818181818,11,128.631255921724,47.1233152953236,1.86926762857329,130.262909880176,128.631255921724,52.2848491655273,1.79733120138296,126.835470644757
"59",59,"bread",5165722164527104,5848453651365888,2.22222222222222,3.33333333333333,2.77777777777778,9,41.3037528561268,15.2976196809629,1.79973453016155,109.328926551841,41.3037528561268,18.287682228013,1.83644372679039,116.862503550126
"60",60,"bread",5171070506106880,4690437874909184,2.11111111111111,3.55555555555556,2.88888888888889,9,120.070812439993,34.1073030544964,1.79842720740926,131.144397372054,120.070812439993,36.9737452946423,1.71624640990106,119.634234776885
"61",61,"bread",5192786494095360,5112461394968576,5.25,6.75,6.08333333333333,12,143.405020832605,43.0404312338472,2.15411328683095,133.85624778116,143.405020832605,47.4047981246812,1.79408382559893,135.804371090405
"62",62,"bread",5196818612748288,4557891681910784,5.41666666666667,6.66666666666667,6.08333333333333,12,75.4320886625844,29.4344052013625,1.85527603060193,143.536460613307,75.4320886625844,29.4344052013625,1.85527603060193,143.536460613307
"63",63,"bread",5205133065453568,5236057568182272,4.33333333333333,6.11111111111111,5.22222222222222,9,110.290525431698,36.2179249596952,1.75580670672003,141.048108767665,110.290525431698,36.5755836168949,1.73422152040655,138.530097173402
"64",64,"bread",5205542899286016,6436450415411200,5.63636363636364,6.72727272727273,6.18181818181818,11,124.458828533777,47.6506593469186,1.85132593432092,135.625288829528,124.458828533777,47.5848191418322,1.86664018006593,140.132777837511
"65",65,"bread",5259239473807360,6526906755186688,5.54545454545455,6.81818181818182,6.27272727272727,11,41.2310562561766,16.1119322337215,1.80743483613298,105.700476683445,41.2310562561766,16.5286812727956,1.80129225512463,106.739441369577
"66",66,"bread",5288154615513088,5203904016941056,5.99791666666667,7,6.5,12,86.3307592923866,25.5808362617237,1.83700507359891,127.916715366298,86.3307592923866,30.5995806675192,1.79786465859401,129.673386146365
"67",67,"bread",5299291230830592,5761119253692416,3.125,5.25,4.125,8,75.1664818918645,30.9381866525426,1.79503248022311,143.356699815794,75.1664818918645,30.9381866525426,1.79503248022311,143.356699815794
"68",68,"bread",5300083971063808,4828986288898048,5.91666666666667,6.75,6.33333333333333,12,76.8439978137525,30.9532120187389,1.76485125245358,131.954254980775,76.8439978137525,30.9532120187389,1.76485125245358,131.954254980775
"69",69,"bread",5303571232849920,6333377877639168,6,6.84615384615385,6.46153846153846,13,149.405488520335,45.2468737480024,1.73458387015203,128.312123492812,149.405488520335,45.2468737480024,1.71723970017653,129.227636977268
"70",70,"bread",5308799332122624,5008995184017408,3.84615384615385,5.38653846153846,4.69230769230769,13,84.7584804016684,31.0071532800489,1.81955256748973,118.799525874617,84.7584804016684,31.5050071774404,1.7887100300549,121.525364026373
"71",71,"bread",5310246903873536,6598053354012672,5.23076923076923,6.54038461538461,5.92307692307692,13,67.4166151627327,28.1246506356175,1.80421888619168,117.956036292884,67.4166151627327,28.1246506356175,1.80421888619168,117.956036292884
"72",72,"bread",5347838085038080,5202895408463872,5.44444444444444,6.77777777777778,6.11111111111111,9,62.4819974072532,27.149127199332,1.7819479808077,141.089234401854,62.4819974072532,27.149127199332,1.7819479808077,141.089234401854
"73",73,"bread",5355326226300928,6334006687694848,6.57142857142857,7,6.85714285714286,7,118.258192105241,42.7785604171953,1.89353782022041,140.831440125503,104.355162785557,45.9719945963508,1.9045241235544,143.882000634025
"74",74,"bread",5357625262735360,4772489919987712,5.23076923076923,7,6.23076923076923,13,60.4152298679729,25.8816528890029,1.80665115022631,131.628350380551,160.031246948838,58.087909026546,1.82298429204688,128.405401687484
"75",75,"bread",5369757920395264,6623091268517888,6,7,6.5,8,105.118980208143,44.1301898108195,1.90727577309513,142.16730999714,105.118980208143,43.8914117786776,1.86903836651784,141.652318878629
"76",76,"bread",5371470186283008,6355479506714624,5.33333333333333,6.66666666666667,6,6,79.8122797569397,33.3075407318171,1.98743778552804,138.493560411209,79.8122797569397,35.5326761932099,1.90826796258985,145.283212323428
"77",77,"bread",5383724180963328,4838273455226880,4.17954545454546,5.72727272727273,4.90909090909091,11,62.6258732474047,22.9734783960348,1.75128183217711,109.848544337215,62.6258732474047,22.9734783960348,1.75128183217711,109.848544337215
"78",78,"bread",5385189100355584,6112834557575168,4.33333333333333,5.66666666666667,5.11111111111111,9,150.880747612146,52.270678042312,1.8342347768494,142.590498623235,150.880747612146,52.4554535053572,1.85097599168003,150.166507085145
"79",79,"bread",5386147704340480,6462238451826688,6,6.8,6.4,10,129.769025580067,46.935095672839,1.89394388875574,140.50866835962,140.716026095111,57.2932887442853,1.81235241221265,133.827306289053
"80",80,"bread",5387131901968384,4774223929147392,5.09090909090909,6.63636363636364,5.90909090909091,11,83.6480723029527,33.1492397049635,1.90136916765839,132.735531126849,83.6480723029527,35.8780479022376,1.90958788444981,135.705792932178
"81",81,"bread",5430369438400512,4706202653032448,5.85714285714286,6.92857142857143,6.5,14,101.133575038164,45.3631189366332,2.17560202408761,151.397511013136,101.133575038164,45.3631189366332,2.17560202408761,151.397511013136
"82",82,"bread",5459817109913600,6696240316153856,4.61538461538461,6.30961538461538,5.53846153846154,13,92.0054346220918,29.3253273266205,1.82252029043287,124.665232610723,92.0054346220918,29.3253273266205,1.7952533327387,125.185994330369
"83",83,"bread",5464578739666944,5407435604885504,2,4.575,3.28571428571429,7,142.635900109334,50.8503670764829,1.82566024598022,148.699155613028,142.635900109334,51.833360183457,1.81086465236654,152.606900009267
"84",84,"bread",5464578739666944,6406059121967104,6.57142857142857,7,6.85714285714286,7,99.9849988748312,43.4872800975407,1.89418153585538,141.072922788638,99.9849988748312,43.9374556575853,1.87801299748755,144.882276052598
"85",85,"bread",5481995800936448,5786918983827456,6.4,7,6.8,5,130.142229887151,56.7859372393996,2.10475193648605,147.983804676738,192.255038945667,86.653266867416,1.9616636825397,134.285992059228
"86",86,"bread",5481995800936448,6382855632453632,6.57142857142857,7,6.85714285714286,7,49.0407993409569,19.5004582478918,1.78678382010044,104.118932829974,116.927327857948,49.3088518695372,1.85791563066793,93.3045792409672
"87",87,"bread",5507829509128192,5139027634159616,6.42857142857143,7,6.71428571428571,7,178.89941307897,74.9707709745227,1.92340444057744,160.19839171928,213.459598050779,98.7802415187225,1.82945471692672,155.48186752964
"88",88,"bread",5522072862195712,6151037725442048,3,5,4,8,178.717654416121,86.0772775384397,2.02711400477662,170.907136630795,178.717654416121,86.0772775384397,2.02711400477662,170.907136630795
"89",89,"bread",5530798088257536,6112946063147008,6,7,6.57142857142857,7,85.842879728024,27.0873403621962,1.80847439832231,124.888583119256,148.717853669289,62.2978640406358,1.88157386221439,134.738676923667
"90",90,"bread",5530798088257536,6476551229014016,4.77777777777778,6.22222222222222,5.55555555555556,9,96.5401470891774,27.2891726446528,1.83752248052788,128.247191519834,135.247920501574,71.2485334452656,1.99174464298246,145.799139868428
"91",91,"bread",5544098662449152,5889453543391232,4.45454545454545,6.54772727272727,5.72727272727273,11,53.3385414123783,19.5560986243685,1.82621777183599,98.914170555662,99.8498873309329,40.7829935568526,1.79640316059503,107.798302288388
"92",92,"bread",5547682443558912,6665163765710848,3.3,4.9,4.1,10,77.5241897732572,25.8564504486626,1.88927197914405,132.053724253597,77.5241897732572,23.475583772416,1.8693063998623,134.423852857472
"93",93,"bread",5556117507670016,4553789262528512,4.76923076923077,6,5.38461538461539,13,187.181729877678,61.0677158510249,1.82905755135773,154.917486849706,187.181729877678,62.4360839863961,1.81170714007749,155.711438715584
"94",94,"bread",5556117507670016,4903159707205632,1.22222222222222,2.33333333333333,1.77777777777778,9,60.2079728939615,15.1925235293927,1.77762650748528,160.838260316352,60.2079728939615,15.1925235293927,1.77762650748528,160.838260316352
"95",95,"bread",5563572501348352,4862302434099200,5,6.63636363636364,5.90909090909091,11,109.658560997307,40.1442957187508,1.84505371432915,158.943427560495,109.658560997307,40.1442957187508,1.81882583848677,159.239061502259
"96",96,"bread",5590854536265728,5565220674076672,1.33333333333333,2.83541666666666,2,12,58.2408791142441,22.1530516595249,1.7936607242631,131.861977863235,58.2408791142441,22.1530516595249,1.7936607242631,131.861977863235
"97",97,"bread",5596632420712448,4951663540436992,4.5,6.08333333333333,5.25,12,165.420675854018,45.2969568895518,1.82908094810019,129.90421561772,165.420675854018,52.9568377635887,1.85421073091707,140.458246808352
"98",98,"bread",5623729692344320,6536574558797824,3.6,5.8,4.6,5,52.6972485050216,27.4868124712872,1.8712367747439,125.764177976204,46.3249392876019,21.406278124251,1.83369663922652,132.742932704544
"99",99,"bread",5647064799117312,5171820275695616,5.875,6.753125,6.375,8,116.456000274782,44.2690480859586,1.97628778710563,134.4927381382,116.456000274782,66.3398907328042,1.97180341771563,142.168909411586
"100",100,"bread",5651594232201216,4859015139950592,1.3125,2.1875,1.6875,16,51.8555686498567,21.2513356322052,1.81380913331102,117.230292445865,51.8555686498567,21.7760434697913,1.80168302146099,119.288770107905
"101",101,"bread",5696286164516864,5595598931623936,4.75,6.5,5.66666666666667,12,160.589538887189,42.3213242160386,1.89757943403797,133.07671020322,160.589538887189,51.3877024535182,1.77675295521132,123.334909178522
"102",102,"bread",5701570400354304,6498196152909824,3.88888888888889,5.55555555555556,4.66666666666667,9,71.7007670809734,36.4099720378152,1.77953215249189,148.674959413438,71.7007670809734,36.4099720378152,1.77953215249189,148.674959413438
"103",103,"bread",5721906135171072,6584423447265280,6.5,7,6.83333333333333,6,102.591422643416,48.7363262975456,2.12612594172053,120.180215256653,99.6242942258564,46.5172803203408,2.14939095918505,126.415256812971
"104",104,"bread",5722698418225152,5917724209315840,4.83333333333333,6.41666666666667,5.66666666666667,12,37.4432904536981,16.5929097798244,1.82063645641187,114.420576677984,41.2310562561766,17.8836536856684,1.81024871112796,115.022838826955
"105",105,"bread",5733702577422336,6224960148209664,4,5.8,4.9,10,124.903963107661,43.9498461370368,1.78820280351677,127.237768687994,124.903963107661,46.4081229951409,1.81528827329437,133.048843047518
"106",106,"bread",5744874814963712,5535194524155904,5.77777777777778,7,6.44444444444444,9,67.1863081289633,30.3794325164935,2.05670502951167,114.858926232092,102.95630140987,59.1308722910986,1.82810503203874,125.679891554882
"107",107,"bread",5744874814963712,6707542673588224,5.18181818181818,6.27272727272727,5.72727272727273,11,67.1192967781993,27.293310967344,1.87718227720717,121.377637249099,67.1192967781993,22.150056803539,1.84502348864044,131.286537836165
"108",108,"bread",5760162193211392,5636664804245504,6.75,7,6.91666666666667,12,90.8240056372763,36.0634887972434,1.94883606247513,132.660814525968,90.8240056372763,37.050976674823,1.94458075469877,133.241040719763
"109",109,"bread",5775278867480576,5205907686293504,3.74375000000001,6.5,5.25,8,64.1950153828161,31.5906151795277,1.85733887554917,143.002997727138,64.1950153828161,31.5906151795277,1.85733887554917,143.002997727138
"110",110,"bread",5815057545953280,6064567316643840,6.72727272727273,7,6.90909090909091,11,145.168867185771,46.9319895388007,2.08500852388069,127.746532263806,161.446585594122,95.5447876705078,1.64565164375348,112.406299829538
"111",111,"bread",5819741342007296,6311565882032128,2.14285714285714,3.57142857142857,2.85714285714286,7,85.842879728024,33.7109733572877,1.80808538383328,147.327036910996,85.842879728024,33.7109733572877,1.80808538383328,147.327036910996
"112",112,"bread",5827846347948032,5245897371811840,5.38461538461539,6.61538461538461,6.07692307692308,13,142.08800090085,41.4813764993073,1.82848897516244,152.444506048253,142.08800090085,46.266899100653,1.77602579509394,148.717369408706
"113",113,"bread",5829237367898112,5978086149455872,3.8,5.6025,4.7,10,56.3205113613149,21.9311076442966,1.93265952232064,106.71223374838,71.8470597867442,33.056887430868,1.9961477494023,132.910287641767
"114",114,"bread",5837141898690560,4962738298159104,4.41666666666667,6.41666666666667,5.5,12,159.380048939634,75.2949612995892,2.00469817168777,151.126904732903,62.2976725086901,26.716183938406,1.84193886282709,106.954822120856
"115",115,"bread",5837141898690560,6467393117224960,6.5,7,6.75,8,99.4886928248633,41.5901163927057,2.060349247284,160.214952654336,109.772492000501,42.5372097424419,1.82581479986857,131.619601962106
"116",116,"bread",5846211812655104,5165932383043584,2.75,4.83333333333333,3.75,12,202.408003794316,82.8579493958672,1.81229249691153,167.403855563724,202.408003794316,82.8579493958672,1.81229249691153,167.403855563724
"117",117,"bread",5856222525784064,5480653875314688,4.09090909090909,6.54545454545455,5.45454545454545,11,121.004132160848,53.2110138545962,2.02211901764798,144.08154032973,121.004132160848,53.2110138545962,1.84566523836118,147.335098362085
"118",118,"bread",5864737952759808,6691086019854336,3.66666666666667,5.58333333333333,4.58333333333333,12,123.146254510643,55.8383865728269,1.84321035157722,155.530364545974,123.146254510643,55.8383865728269,1.84321035157722,155.530364545974
"119",119,"bread",5890358321872896,4872495620423680,4.75,6.83333333333333,5.91666666666667,12,135.723984615837,36.6825059554883,1.88246398893249,126.090057109967,159,58.2781634618336,1.74140358417407,135.258022643775
"120",120,"bread",5901581356630016,6515227497594880,4.28571428571429,6.57142857142857,5.42857142857143,7,162.265215003093,67.0456741390411,2.03569498044262,162.368079791742,162.265215003093,67.0456741390411,1.89776975988569,163.080488054587
"121",121,"bread",5908474112245760,5420607380389888,5.42857142857143,6.57142857142857,6,7,182.010988679255,50.4892920876771,1.81042944820754,147.170765272168,182.010988679255,50.4892920876771,1.78935160956681,147.825217239111
"122",122,"bread",5924994133524480,5259242002972672,4.23076923076923,5.76923076923077,5,13,192.275843516548,75.7494344195032,1.94414885843173,150.555705206664,192.275843516548,76.2179605097114,1.90417371235598,150.847837157915
"123",123,"bread",5928295688306688,5051215396208640,7,7,7,6,70.4556598152341,32.3507595779478,2.17766612868132,126.06626801572,70.4556598152341,32.4500727722892,2.12111800304337,130.603216023279
"124",124,"bread",5928295688306688,6511590029393920,4.78571428571429,6.14285714285714,5.5,14,59.0084739677277,21.6114593228327,1.89552707333078,131.154171750219,52.1727898429823,20.9183199651573,1.87843723828386,132.174687479187
"125",125,"bread",5933599503155200,5446657397227520,5.75,7,6.5,8,118.342722632192,37.3673775363599,2.27779767011778,128.519640503527,156.083311087381,82.2215487302801,1.73826015219433,122.319595225079
"126",126,"bread",5944082205507584,5004023893590016,3.7,5.6,4.6,10,101.390334845093,38.4240504143072,2.04213941159588,138.635797164694,101.390334845093,40.1296704335161,1.84752289449353,138.306599707445
"127",127,"bread",5945648610279424,4655865820872704,5.875,7,6.5625,16,114.546933612384,48.2127267128717,1.88291035377239,150.90699714134,114.546933612384,53.1839007705776,1.88308506427785,159.284664965119
"128",128,"bread",5992469994930176,5655140797251584,4.71428571428571,6.57142857142857,5.71428571428571,7,183.393020586935,76.3384366661683,1.96800609973894,164.235809298738,183.393020586935,77.3412741387864,1.920024817406,165.815519116384
"129",129,"bread",5996853831139328,6358669409124352,3.81590909090909,5.63636363636364,4.72727272727273,11,211.028434103085,76.1233759049241,1.91278546319138,157.435104948284,211.028434103085,76.1233759049241,1.91278546319138,157.435104948284
"130",130,"bread",6017845701902336,6215611497578496,3.6,5.6,4.6,10,56.5685424949238,25.9910911243809,1.87361217414686,147.712117896542,79.5550124127952,27.8694736819031,1.80050391772036,161.609747586477
"131",131,"bread",6034519905796096,5126386987565056,3.14285714285714,5.14642857142857,4.14285714285714,7,135.712932324079,47.8582762108384,1.89958519378685,147.235418010989,135.712932324079,48.9593726452747,1.75621205653688,153.255976564248
"132",132,"bread",6038446244102144,5234962267635712,5.83333333333333,7,6.5,6,75.3126815350509,30.8173393615297,2.01084013675611,116.358838416155,55.0817574156816,23.3760488419308,1.80904284986394,122.714234271196
"133",133,"bread",6060647567589376,4905727405588480,5,6.28571428571429,5.64285714285714,14,55.3263047744922,25.7380210692869,1.82433917829058,131.638172560878,55.3263047744922,25.7380210692869,1.8090955112588,133.07411965767
"134",134,"bread",6067738042695680,6244417541242880,6.25,6.91666666666667,6.66666666666667,12,99.6242942258564,32.3386132158296,1.93232964418189,113.323405648441,99.6242942258564,32.9743236942109,1.832805377581,114.234272008066
"135",135,"bread",6075263563595776,5155641351995392,4.90681818181818,6.63636363636364,5.81818181818182,11,128.73616430514,43.3343442905908,2.21599681520016,129.595967957504,128.73616430514,49.6760948089023,1.84343992326128,145.989452301498
"136",136,"bread",6087056570712064,5165292915261440,4.46153846153846,6,5.15384615384615,13,78.0576709875461,30.787140234667,1.81549056307774,141.360919909409,78.0576709875461,30.787140234667,1.81549056307774,141.360919909409
"137",137,"bread",6116265301114880,6200665334349824,5.875,6.875,6.375,8,170.097031132233,69.2444324777101,2.0460083564482,152.085647405535,170.097031132233,79.6986409877096,1.96934421851765,159.682210589968
"138",138,"bread",6131525416386560,6232117459550208,4.55555555555556,5.77777777777778,5.11111111111111,9,132.966161108757,52.3536123970032,1.88099744401105,146.735236417073,132.966161108757,54.6326095493301,1.88300541710524,149.009263407804
"139",139,"bread",6132053298905088,5244845192904704,3,5.4,3.8,5,143.136298680663,50.6234937248632,1.93490812168559,145.942636147209,143.136298680663,50.6234937248632,1.93490812168559,145.942636147209
"140",140,"bread",6138211606724608,4685170688917504,2.41666666666667,4.16666666666667,3.33333333333333,12,68.1542368455549,35.7597000874748,1.92354560586087,127.033780830494,68.1542368455549,34.5262669275013,1.88803849858219,129.127831047554
"141",141,"bread",6138211606724608,6526906755186688,2.93333333333333,4.66833333333333,3.8,15,42.9418211071678,17.4614906607903,1.82438656504496,117.095763289475,42.9418211071678,17.5390161134559,1.81163678410718,116.435795148887
"142",142,"bread",6139959394172928,5666224128131072,4.66666666666667,6.44444444444444,5.55555555555556,9,106.103722837608,36.729545949011,1.80087411663514,137.743323583932,106.103722837608,36.729545949011,1.80087411663514,137.743323583932
"143",143,"bread",6141023266799616,5487190345777152,3.5,5.625,4.5,8,84,30.8578778271996,1.85881883327989,126.579221928197,84,30.8578778271996,1.85881883327989,126.579221928197
"144",144,"bread",6171467471388672,6212038743293952,2.625,3.625,3.125,8,90.0277734924062,32.8026461677556,1.80152980677882,153.850618343805,90.0277734924062,32.8026461677556,1.80152980677882,153.850618343805
"145",145,"bread",6193506525642752,6246894344863744,5.30769230769231,6.61730769230769,6.07692307692308,13,165.737744644966,46.5426083323974,1.93031148601094,137.321931099195,165.737744644966,56.9088762534315,1.99178658810262,150.111001222616
"146",146,"bread",6213338503577600,6747917865975808,4.1,6,5,10,88.4816365128946,36.4050806997394,1.82291431592442,164.88000603973,88.4816365128946,36.4050806997394,1.82291431592442,164.88000603973
"147",147,"bread",6254451545341952,5357274245627904,6.18181818181818,7,6.63636363636364,11,65.9469483751902,23.6369634543308,1.83025133046595,132.183840293219,84.7584804016684,30.5002364514871,1.85719011303563,137.038486931843
"148",148,"bread",6278667040718848,5380090357612544,5.3125,6.25,5.8125,16,138.65424623862,64.3337578463565,2.07965455166746,145.097173528666,138.65424623862,64.3337578463565,2.00662076682177,139.69969355246
"149",149,"bread",6290239205146624,4558417475665920,4.33333333333333,5.83333333333333,5.16666666666667,6,134.974071584138,53.3731992353176,1.88724546818329,146.048540781018,139.542108340099,71.2089482792249,1.79844564865703,142.135227233079
"150",150,"bread",6295430293880832,5216256258998272,5.9975,7,6.6,10,51.8555686498567,21.7302520458454,1.8472401473324,113.161672205806,51.8555686498567,23.7973884599203,1.85254295639351,107.879678897998
"151",151,"bread",6323845130616832,5095247602253824,4,6.4,5.2,5,113.745329574449,43.5077046106844,1.91277572597505,131.931652701479,113.745329574449,44.3366282281785,1.8948459349861,132.740714792523
"152",152,"bread",6326609076289536,6557657190105088,2.875,5.75,4.375,8,76.6550715869472,28.1689300768873,1.80610988737337,138.756690287434,76.6550715869472,31.2999600716864,1.832558088434,141.270815378461
"153",153,"bread",6329964049727488,6739095655022592,4.55277777777778,6.77777777777778,5.77777777777778,9,101.242283656583,41.4421802040686,2.00479668619089,116.623511873821,101.242283656583,42.6679248061566,1.91305478498277,135.760315254534
"154",154,"bread",6332315288469504,5593199454191616,4.3975,6.3,5.4,10,206.903359083414,81.9536002519036,2.06288494573487,146.834210183424,206.903359083414,82.2817245862717,2.01526654890016,150.293820952752
"155",155,"bread",6332351040716800,6467672042635264,4.42857142857143,6.71428571428571,5.71428571428571,7,82.0060973342836,25.286472303151,1.88828259849593,120.636019569223,82.0060973342836,25.9171274682441,1.84141976706143,121.414844418162
"156",156,"bread",6334333772103680,5599318100672512,3.08333333333333,4.83333333333333,3.91666666666667,12,98.4327181378224,42.2396223578585,1.78884801655569,155.077334066704,98.4327181378224,42.2396223578585,1.78884801655569,155.077334066704
"157",157,"bread",6351042251849728,5514579922649088,3.83125,5.41875,4.66666666666667,12,84.3445315358382,29.610820844324,1.86217063812542,157.743710759733,84.3445315358382,29.610820844324,1.86217063812542,157.743710759733
"158",158,"bread",6360677662851072,5344090143064064,6.7,7,6.9,10,220.952483579615,91.461221588594,1.93468167802405,152.085337979951,220.952483579615,92.3700465205563,1.95130110805402,152.867190468704
"159",159,"bread",6364221648404480,5495939651338240,4.44444444444444,6.225,5.33333333333333,9,180.510387512741,64.1041782452893,1.94347070480635,144.393169016511,180.510387512741,64.1041782452893,1.94347070480635,144.393169016511
"160",160,"bread",6369939592052736,6737884654600192,4.75,6.75,5.75,8,111.6154111223,61.7179608903486,1.97662172200473,177.957281894898,111.6154111223,61.7179608903486,1.97662172200473,177.957281894898
"161",161,"bread",6378928467869696,5636664804245504,6.70588235294118,7,6.88235294117647,17,111.803398874989,27.3285998270405,1.99619423780949,133.038100419181,111.803398874989,32.2308642027881,2.02189984262005,137.615891882074
"162",162,"bread",6384812522733568,4922011958640640,6.72727272727273,7,6.90909090909091,11,166.715326230074,36.2766773923366,2.03867702961444,122.031999731176,89.5600357302296,45.4408016321945,1.90671617526486,90.3861384731608
"163",163,"bread",6402266380632064,6114739950190592,4.54545454545455,6.27272727272727,5.45454545454545,11,109.293183684986,57.9116723387998,1.80879732291728,156.733167999803,109.293183684986,55.4998615958125,1.76700978307615,157.520909140858
"164",164,"bread",6407123434995712,5866014464016384,3,5.2,4,5,56.0802995712398,26.3895894451022,1.8386372431406,127.662928882647,56.0802995712398,26.3895894451022,1.8386372431406,127.662928882647
"165",165,"bread",6429096269578240,5957502250254336,4,6.1,5.1,10,122.80879447336,46.7597903066663,1.90944870664818,133.545929892293,122.80879447336,46.7597903066663,1.90944870664818,133.545929892293
"166",166,"bread",6433422761263104,5383595248058368,3.92857142857143,5.57142857142857,4.71428571428571,14,202.200395647486,66.7554024208654,1.86480661542487,162.803714988673,202.200395647486,66.7554024208654,1.86480661542487,162.803714988673
"167",167,"bread",6438206822154240,4803814508986368,6.30769230769231,7,6.69230769230769,13,80.4114419718985,36.9443530137351,2.0494528722384,127.2046721623,99.6242942258564,44.1676235453816,1.82644654393162,126.416715519306
"168",168,"bread",6445791277219840,6321989268537344,2.66666666666667,4.88888888888889,3.66666666666667,9,52.4309069156733,18.0161576574748,1.85407673744289,100.363670298015,52.4309069156733,18.4486643705825,1.83929424640905,103.315882486844
"169",169,"bread",6447242103750656,4576082256723968,5.77777777777778,6.89166666666666,6.44444444444444,9,139.262342361458,42.2573127763191,1.83923314609673,121.594822012845,139.262342361458,62.9140595981359,1.9366040587736,142.245656169367
"170",170,"bread",6462238451826688,4785026795307008,5.5,7,6.25,4,104.086502487114,36.431063483482,1.88669835827688,136.341134045438,160.60510577189,84.6068477771695,1.7785851543673,133.058269011769
"171",171,"bread",6478436367335424,5114910465851392,5.82352941176471,6.58823529411765,6.23529411764706,17,163.248277173145,64.0872657963495,1.88884172737952,148.924478686182,216.333076527839,93.9998041302399,1.8531284475825,145.785649021799
"172",172,"bread",6481629813932032,5812575105187840,2.375,3.375,2.875,8,93.7709976485267,39.6889104547766,1.84082316189316,153.546286212612,93.7709976485267,39.6889104547766,1.84082316189316,153.546286212612
"173",173,"bread",6481629813932032,6358669409124352,5.2,6.7,6,10,188.679622641132,52.4230640840042,1.87147547895956,140.319054739942,188.679622641132,52.4230640840042,1.87147547895956,140.319054739942
"174",174,"bread",6489874741854208,6239885008568320,4.33333333333333,6.2,5.26666666666667,15,171.026313764871,53.4041660249052,1.78811159589518,147.904618998816,171.026313764871,54.7356990332197,1.76836719599662,149.124125930207
"175",175,"bread",6496685050036224,4813826077753344,6.14285714285714,7,6.71428571428571,7,137.058381721075,45.0066836654474,1.85054699746744,145.281026559088,137.058381721075,48.2488984237215,1.81763875705959,150.353224423271
"176",176,"bread",6496685050036224,5725384249180160,5.86666666666667,6.73333333333333,6.33333333333333,15,161.046577113579,59.2425634043353,1.94274650264503,146.884698840284,161.046577113579,59.2425634043353,1.94274650264503,146.884698840284
"177",177,"bread",6509840027353088,5248072961490944,5,6.69230769230769,5.84615384615385,13,136.091880727691,66.4111579119971,1.99430801686383,135.888563823999,136.091880727691,65.8323346626771,1.99950474572098,137.647973398125
"178",178,"bread",6510861294239744,6701024460931072,6,7,6.5,4,184.097800095493,43.5115545058438,1.82868528937205,134.291476150145,184.097800095493,45.22256217315,1.77531801703121,135.744426041109
"179",179,"bread",6512979614892032,5211894585491456,5.6,7,6.4,5,77.7946013551069,26.1758643598278,1.96054777919099,124.668912764363,162.003086390352,70.4883545737364,1.86365151367226,123.560385174332
"180",180,"bread",6542276559896576,5059619024011264,2.88888888888889,5.44444444444444,4.11111111111111,9,67.468511173732,22.9765563473654,1.81932035294855,154.606780496828,67.468511173732,22.9765563473654,1.81932035294855,154.606780496828
"181",181,"bread",6559041377533952,5572000900710400,6.07692307692308,6.92307692307692,6.53846153846154,13,101.434708063858,43.2865840460603,2.13832506295925,118.403463161111,101.434708063858,37.2489464293977,1.83826871923573,124.327604658073
"182",182,"bread",6563035751645184,4893404058091520,5,6.78055555555555,6.11111111111111,9,70.0071424927486,30.3894407322064,1.81471898301087,136.419044049141,70.0071424927486,29.6342756086203,1.79780559211833,140.037592772447
"183",183,"bread",6589787022557184,6384812522733568,6.57142857142857,7,6.85714285714286,7,133.090194980697,29.2871988306286,1.94872704472426,111.744820148438,87.6641317757725,52.0148255499538,1.83200136821712,92.1274419944828
"184",184,"bread",6618717385392128,6415962309918720,3.77777777777778,5.33333333333333,4.55555555555556,9,151.489273547667,53.104129893064,1.80961046514274,142.539847491817,151.489273547667,53.104129893064,1.80961046514274,142.539847491817
"185",185,"bread",6621407440011264,6288081978130432,2.28571428571429,3.42857142857143,2.85714285714286,7,69.462219947249,22.3047833750902,1.88342463001791,108.796105417534,69.462219947249,20.1839437205502,1.85241002179025,109.938404125935
"186",186,"bread",6625968498147328,6137759578193920,6.33333333333333,6.88888888888889,6.66666666666667,9,68.6804193347711,23.2125361691572,2.14656492125113,116.577658511549,78.5684415016615,31.525868675174,1.7211317446798,118.235471277852
"187",187,"bread",6626243346694144,5867716999118848,3.33333333333333,4.66666666666667,4,6,132.638606747809,34.1354604630326,1.8169152815016,141.75087718231,132.638606747809,34.1354604630326,1.8169152815016,141.75087718231
"188",188,"bread",6665264559030272,6139959394172928,4.66666666666667,6.55833333333333,5.66666666666667,9,104.809350727881,34.7277793224958,1.81223422373479,133.374469210806,104.809350727881,35.3801686084789,1.80495192263788,132.809325219492
"189",189,"bread",6669494766272512,5948753066328064,3,5,4,8,48.6621002423858,21.172791182448,1.8172823695878,129.655207413706,73.4098086089318,30.8538988216466,1.86426308048015,145.587427000836
"190",190,"bread",6688507328200704,5998211846111232,5.75,6.83333333333333,6.33333333333333,12,88.2326470191165,33.5741091519489,1.96509601355163,116.989749138899,88.2326470191165,31.4363810539184,1.94261205129538,116.908799616365
"191",191,"bread",6702236426043392,6690949004525568,4.69230769230769,6.23076923076923,5.46153846153846,13,43.4165866921848,18.7903523997197,1.80544850549712,119.168066564311,156.604597633658,58.3495314165363,1.8929323671302,118.110177944452
"192",192,"bread",6703616133955584,6112946063147008,1.90681818181818,3.09090909090909,2.45454545454545,11,34.7850542618522,15.1086461792642,1.79144637436798,130.26422249436,34.7850542618522,15.1086461792642,1.79144637436798,130.26422249436
"193",193,"bread",6713282566029312,6279235247276032,3.85714285714286,5.57142857142857,4.57142857142857,7,138.014491992689,59.7022459801026,2.08171378062688,165.374251406476,138.195513675372,90.9763541817318,2.18140505132563,173.12056829275
"194",194,"bread",6718722540568576,4773339434319872,5.83333333333333,7,6.5,6,96.0832971957145,43.0867403866272,1.87388627169585,160.714040676702,96.0832971957145,43.0867403866272,1.85565667347929,163.478544559571
"195",195,"bread",6727718769000448,4868310611001344,5.14285714285714,6.57142857142857,5.85714285714286,7,75.4519714785505,35.6769884524968,1.86471562199262,128.72370858363,67.3572564761956,28.6685104869758,1.79627895463574,136.684496929407
"196",196,"bread",6741019460632576,6720390380388352,3.2,4.8,3.9,10,135.723984615837,50.0538198480569,1.808909389743,152.025406197664,135.723984615837,50.0538198480569,1.808909389743,152.025406197664
"197",197,"bread",6744448807469056,5739182150385664,2.14285714285714,3.57142857142857,2.71428571428571,7,65.0307619515564,18.4242870717467,1.79053001460522,126.368170325006,128.316016147635,49.0262170795765,1.89109997248446,119.946810013564
"198",198,"bread",6747649485045760,6749654328803328,4.42857142857143,6.14285714285714,5.35714285714286,14,61.6116872029975,24.560680035057,1.87635602390494,121.320874896406,57.9827560572969,23.9366803218329,1.82982142164308,120.927836977455
"199",199,"bread",6749882679296000,5683149088489472,2.85714285714286,4.42857142857143,3.57142857142857,7,144.201248260894,49.8385528802309,1.80807769216251,149.734929373696,144.201248260894,49.8385528802309,1.80807769216251,149.734929373696
"200",200,"bread",6750208023068672,4838273455226880,4,6,5,9,153.883072493371,54.9430420034618,1.74139571382602,139.764935131302,153.883072493371,54.9430420034618,1.74139571382602,139.764935131302
"201",201,"tree",4507637007777792,5506359007117312,3,4.53846153846154,3.76923076923077,13,88.6002257333467,38.2892111084731,1.95374583855503,126.286383360802,88.6002257333467,38.2892111084731,1.95374583855503,126.286383360802
"202",202,"tree",4514498452914176,5045351679524864,3,5.375,4.125,8,57.2800139664787,23.5160557402436,1.80081054064178,126.213779045594,81.7863069223693,38.5815448449307,1.81862162702715,127.593948726777
"203",203,"tree",4558391374512128,6704110596259840,3.3,5.4,4.4,10,125.80143083447,46.5236661236892,1.84503773932808,122.305822421116,125.80143083447,46.5236661236892,1.84503773932808,122.305822421116
"204",204,"tree",4559700781694976,6691873160691712,3.25,5.375,4.375,8,40.7921561087423,19.291111674647,1.87814334498918,107.931079722855,90.0943949421938,21.0798651277039,1.85412942068201,111.360427751647
"205",205,"tree",4580306881347584,5174745467191296,2,2.85714285714286,2.42857142857143,7,46.1735855224608,21.0357033082904,1.80917980682643,131.709731813903,46.1735855224608,21.0357033082904,1.80917980682643,131.709731813903
"206",206,"tree",4592989026385920,5001874006605824,2.7,4.2,3.4,10,93.407708461347,27.5860126943521,1.80659004218168,124.733710839321,93.407708461347,27.5860126943521,1.80659004218168,124.733710839321
"207",207,"tree",4592989026385920,5086907564294144,4.38461538461539,5.84615384615385,5.07692307692308,13,85.7088093488645,24.2547478286528,1.80833761281387,123.652420556378,85.7088093488645,24.2547478286528,1.80833761281387,123.652420556378
"208",208,"tree",4604872747909120,6580511281512448,5.5,6.7,6.1,10,68.6804193347711,26.3541223564611,1.83923110394732,133.704495533005,157.114607850448,83.775211811099,1.83899670289857,141.488911161973
"209",209,"tree",4607559971373056,5835679013535744,2.25,3.83333333333333,3,12,107,29.1862519965971,1.77974637473376,117.221501324977,107,29.1862519965971,1.77974637473376,117.221501324977
"210",210,"tree",4646404377018368,6681960573304832,2.07692307692308,3.30769230769231,2.69230769230769,13,72.034713853808,20.8692284833728,1.8285251111217,129.83594366187,72.034713853808,20.8692284833728,1.8285251111217,129.83594366187
"211",211,"tree",4656344177049600,5687001888063488,2.49791666666667,3.66666666666667,3,12,133.184083133083,46.2768556406954,1.86508486878894,126.122233876295,133.184083133083,46.2768556406954,1.86508486878894,126.122233876295
"212",212,"tree",4659614236803072,6393343753846784,3.07692307692308,4.84615384615385,3.92307692307692,13,48.5489443757534,17.569727896698,1.77746380902977,108.061036636551,58.1377674149945,17.3665377980706,1.79553380918889,104.792850801024
"213",213,"tree",4661648457465856,5022978049835008,4.11111111111111,6.11111111111111,5.22222222222222,9,36.4005494464026,16.3630990698696,1.78337469266888,112.949692713846,89.4986033410578,30.8489652603933,1.84084462489619,101.418027952263
"214",214,"tree",4667853879902208,6346891920932864,5.33333333333333,7,6.41666666666667,12,135.944841755765,29.3786140313516,1.85818016777051,126.304115698085,135.944841755765,79.0448458724554,2.15590946675656,162.384017063214
"215",215,"tree",4707338638327808,6739835475722240,3.77777777777778,5.55555555555556,4.66666666666667,9,93.407708461347,26.2644526747081,2.01970494282883,112.29056517895,93.407708461347,26.2644526747081,2.01970494282883,112.29056517895
"216",216,"tree",4708881638883328,5367125659090944,3.5,5.57142857142857,4.57142857142857,14,117.515956363381,34.1590146366579,1.80385086394776,122.788590962572,186.681547025945,80.1646287953712,1.82611045249859,129.514985617301
"217",217,"tree",4721944261820416,5794425110265856,5.125,6.625,5.875,8,70.1141925718324,22.8779469446514,1.86403535367472,120.288468580313,70.1141925718324,23.9491514242995,1.88663664232035,119.708620656149
"218",218,"tree",4730719286853632,5325080026415104,1.69230769230769,2.92307692307692,2.23076923076923,13,47.0106370941726,15.8741858598451,1.79243830098541,131.350816105548,123.47064428438,77.010363506927,1.82479678483362,137.418706467704
"219",219,"tree",4733652242006016,6427475242385408,3.28571428571429,4.71428571428571,4,7,113.371072148057,22.9453636064419,1.83354903999302,95.0273990885222,113.454836829463,69.7582253353374,2.04964507972178,131.07897495526
"220",220,"tree",4742438486802432,6227319846862848,4.08333333333333,5.58333333333333,4.83333333333333,12,56.2938717801503,22.6407892240621,1.84444602787628,115.074693203946,56.2938717801503,22.6407892240621,1.84444602787628,115.074693203946
"221",221,"tree",4746912655736832,6346891920932864,7,7,7,15,141.088624630053,33.5304203272264,1.9175127457848,121.813562561601,141.088624630053,27.362213413976,1.90143915124795,113.25688708343
"222",222,"tree",4754237751820288,6231969887158272,4,6.25,5.25,12,72.9451848993475,21.233076457138,1.82688317667317,110.477363854257,72.9451848993475,21.233076457138,1.82688317667317,110.477363854257
"223",223,"tree",4771622672138240,6399144027488256,2.4,4.8025,3.5,10,68.4689710744948,13.6891338432841,1.81210539069677,99.2591352198699,71.3442359269479,12.6821644411006,1.80443233877483,94.011235723801
"224",224,"tree",4777250606022656,6728984358289408,6.42857142857143,7,6.71428571428571,7,110.027269347194,28.4118596170291,1.82551595208412,111.180040507693,93.2630687893123,40.6266813944165,1.98391502552271,123.663182254135
"225",225,"tree",4781795235069952,6629514828316672,6.125,7,6.625,8,102.95630140987,25.8102582789952,2.00996198857196,111.320992296548,155.2417469626,82.8445152711649,2.10801503765597,140.14886261303
"226",226,"tree",4793407400574976,5021520449503232,1.5,2.3,1.9,10,66.6483308118065,24.6414861279913,1.81575083055166,133.276216853267,66.6483308118065,24.6414861279913,1.81575083055166,133.276216853267
"227",227,"tree",4808756976156672,5394944229376000,5.63636363636364,6.81818181818182,6.27272727272727,11,112.071405808975,27.7445793345235,2.02735661817945,112.96574789569,112.071405808975,27.7445793345235,2.02735661817945,112.96574789569
"228",228,"tree",4833264831299584,6299933638393856,1.85357142857143,4.28571428571429,3,7,67.4759216313494,17.3679741944679,1.81887932562548,126.309878148044,67.4759216313494,16.2514738641282,1.81218978128851,122.97088853298
"229",229,"tree",4834441937551360,5745391112814592,4,6.5,5.5,8,116.275534829989,31.8996953646592,1.84571501117022,134.30521160508,180.499307477896,122.709748670457,2.31653940418689,173.58374849193
"230",230,"tree",4863967757336576,5347951129919488,2.4,6,4.2,5,151.211772028503,33.5838739770663,1.81988164821026,135.292244444157,127.251719045363,53.5814811890966,1.92102533282663,116.249439044593
"231",231,"tree",4866146731819008,5708735160778752,5.66666666666667,6.88888888888889,6.33333333333333,9,46.0977222864644,18.784433307972,1.84146644521842,117.749119454396,108.07404868885,48.2461142978505,1.88353510516885,131.499948606879
"232",232,"tree",4875814367657984,5252928635928576,2.375,4.75,3.5,8,47.2652091923859,19.1163650609909,1.78067119896776,103.206347082173,47.2652091923859,19.1163650609909,1.78067119896776,103.206347082173
"233",233,"tree",4883105863172096,6073022391779328,5.5,7,6.25,4,64.3506021727847,17.9163504667203,1.8783668013644,102.134475521009,70.2139587261678,29.9891624679946,2.02937095811771,107.346725836053
"234",234,"tree",4929169806852096,4841224265531392,3.6,6,4.9,10,76,19.5983230783203,2.01465637218992,94.4137279667295,154.051939293214,70.9701368822034,2.65586069130182,126.906514385393
"235",235,"tree",4942365473112064,4616725163147264,2.425,4,3.14285714285714,7,107.228727494082,25.054941838693,1.80149464445197,125.265778547164,107.228727494082,25.054941838693,1.80149464445197,125.265778547164
"236",236,"tree",4948287830360064,4573178275823616,7,7,7,6,139.903538196859,58.5085648950813,1.80248716227502,123.703567523179,139.903538196859,58.5085648950813,1.80248716227502,123.703567523179
"237",237,"tree",4962187703484416,5432947106643968,3.83333333333333,5.25,4.5,12,69.8569967862919,26.9239881626169,1.87413552214135,119.363790682116,69.8569967862919,30.4578059684584,1.90309935040973,136.313007180209
"238",238,"tree",4964647931215872,5411631251062784,4.5,6.125,5.25,8,135.723984615837,48.9536649385697,1.87676829843586,131.827270219849,158.382448522556,100.719488575226,2.07187928836182,149.007819427932
"239",239,"tree",4969273292226560,5914595644407808,5,7,6,6,99.0858213873206,32.2773654848519,1.85485687036378,128.910606091422,72.0902212508742,18.7366932908852,1.8159843364142,110.999008561337
"240",240,"tree",4972097820426240,6424964968218624,5,6.44444444444444,5.77777777777778,9,96.5660395791398,29.2724936694091,1.96574490859175,116.9443540147,96.5660395791398,29.2724936694091,1.96574490859175,116.9443540147
"241",241,"tree",4975705777504256,4891858939412480,3.25,5.25,4.25,8,82.8733974204026,25.0621227543795,1.83095025567939,120.543481456964,95.7078889120432,40.0203123039796,1.75664533693603,108.625251129367
"242",242,"tree",4975705777504256,6110962455150592,5.36363636363636,7,6.45454545454545,11,103.73041983912,34.9431337425919,1.82791625781505,121.964487254114,138.924439894498,83.4686371470361,2.23099247888537,126.209036496941
"243",243,"tree",4993606987284480,6215830910009344,5.58333333333333,6.66666666666667,6.16666666666667,12,54.0370243444252,18.4102373093018,1.94505254578587,96.9201461663503,101.138518873869,40.3573879961559,1.99822014966809,107.259901933407
"244",244,"tree",4994591117803520,6102497246576640,2.5,4.378125,3.5,8,83.2165848854662,26.8514735151275,1.85362338895831,125.978905735099,83.2165848854662,26.8514735151275,1.85362338895831,125.978905735099
"245",245,"tree",5009873450303488,6279764618772480,3.77777777777778,5.88888888888889,4.88888888888889,9,64.3272881443016,22.7366856100502,1.78981862989966,108.340756343787,64.3272881443016,22.1853736111895,1.79738168799642,106.889939316664
"246",246,"tree",5037475460284416,6605035263754240,2.9,4.3,3.7,10,61.6198020120156,27.0770906988099,1.79928396128325,119.299879904433,61.6198020120156,27.0770906988099,1.79928396128325,119.299879904433
"247",247,"tree",5039160815517696,5273307853094912,2.5,3.753125,3.125,9,53.0094331227943,20.5778765038836,1.83264781309121,120.366711959788,108.466584716216,51.4614213639675,1.79832710017716,124.695850700877
"248",248,"tree",5047015186628608,6209153632567296,3.9975,6.3,5.2,10,45.0111097397076,18.1979440555572,1.79020651160529,108.772064190618,45.0111097397076,22.884111443187,1.80737611350407,119.346166885692
"249",249,"tree",5055632770072576,6179685941641216,2.5,4.25,3.33333333333333,12,68.0661443009665,15.8729748083755,1.81947075570422,108.143172514581,68.0661443009665,16.5146024876178,1.7948603878878,112.551599308369
"250",250,"tree",5055707562901504,6749607969161216,3.45227272727273,5.54545454545455,4.54545454545455,11,95.5876561068426,28.707168114359,1.81859150065918,123.076501459444,168.751296291317,86.0861976869672,2.043727582979,149.691719684211
"251",251,"tree",5104298172088320,6005399176085504,2.5,7,5.25,4,86.9540108333135,33.2631406136535,1.9330047474185,108.184530520834,110.462663375459,61.853177341145,1.58731783416053,99.7491626747584
"252",252,"tree",5107052588302336,5169473847820288,5.3,6.4,5.9,10,67.6239602507869,20.4565464576,1.79120978092722,121.914612914009,81.3941029804985,33.2585979806328,1.83481170138141,131.703252530085
"253",253,"tree",5112301692649472,6337442959327232,4.42857142857143,5.78571428571429,5.14285714285714,14,74.9666592559653,18.1286343344598,1.86754461753094,117.022327191115,118.190524154858,57.7428433225308,1.88496643051655,126.612792631012
"254",254,"tree",5113119821004800,4958919220789248,3.88888888888889,5.33333333333333,4.66666666666667,9,82.2921624457639,31.5579203456533,1.91625216676185,124.563280448135,124.402572320672,61.872592760527,1.68725094491036,100.321105141656
"255",255,"tree",5114250873798656,5060717059244032,2.58333333333333,3.33333333333333,3,12,56.2227711874824,19.6255560354606,1.78143144148,131.36443643878,114.070153852794,46.8817800192294,1.79011269631516,84.7865820104292
"256",256,"tree",5118934401417216,5748403667468288,2.1,4.1,3,10,61.5223536610881,20.9739223524908,1.80938308583141,125.000977212083,61.5223536610881,20.9739223524908,1.80938308583141,125.000977212083
"257",257,"tree",5129032486092800,4885966042955776,3.18181818181818,4.45454545454545,3.81818181818182,11,90.0943949421938,20.1242007762894,1.79800270328422,126.375254439651,160.162417564171,73.9523014210838,1.47697798683523,99.6154014269396
"258",258,"tree",5130195000360960,4640703244140544,2.4,5.1,3.7,10,92.655275079188,37.7689730689143,1.88047545737948,144.375222220577,164.878743323692,88.3536976697403,2.10763240533107,177.257023500007
"259",259,"tree",5130379159666688,4646269303652352,3.75,5.25,4.5,8,128.035151423349,29.1982697081433,1.8520297992851,101.848524678459,128.035151423349,29.1982697081433,1.8520297992851,101.848524678459
"260",260,"tree",5134134693330944,5254297275072512,3.57142857142857,5.28571428571429,4.42857142857143,7,124.310096130604,30.1068739000197,2.04667572649009,103.580630246596,124.310096130604,31.1954609196715,1.92482985782251,93.1679784643949
"261",261,"tree",5134134693330944,6475540087177216,3.90909090909091,6.09318181818182,5.18181818181818,11,67.1863081289633,19.3930657096556,2.15674527419956,113.530782457055,67.1863081289633,19.8918875167356,2.10217378248282,105.649653659707
"262",262,"tree",5144799529140224,6285104324280320,4.23076923076923,5.925,5.15384615384615,13,95.1892851112981,26.5520254707332,1.774387538258,113.428809721586,95.1892851112981,26.5520254707332,1.774387538258,113.428809721586
"263",263,"tree",5147511503192064,4860964920885248,3.25,5.75,4.5,8,35.3836120259083,16.2001744026186,1.77278335295087,106.887373994047,77.8331548891602,33.2148855971727,1.95377475235619,130.964224968296
"264",264,"tree",5148873020407808,5830302062608384,3.11111111111111,4.88888888888889,4,9,63.1268564083465,24.7196543990352,1.84335817092294,124.824622484512,154.314613695528,65.0670347655499,1.73422893771393,127.717042021738
"265",265,"tree",5155894339829760,5725838915928064,4.375,6.125,5.25,8,87.2066511224918,31.5902379784411,1.91168391506747,126.049137919893,128.191263352851,57.4961075842463,1.87305617609202,143.095132288651
"266",266,"tree",5161603961978880,6691046576619520,3.5,5,4.125,8,54.4058820349418,15.7577466930031,1.81372339169086,119.424931159317,54.4058820349418,15.7577466930031,1.81372339169086,119.424931159317
"267",267,"tree",5164092761309184,5899403510415360,2.33333333333333,3.33333333333333,2.83333333333333,6,55.0272659687904,16.8557161709298,1.80217761594343,100.501449839813,104.479663092872,45.3722296500012,1.82706641200117,103.947596261858
"268",268,"tree",5168918907846656,5845843049447424,4.33333333333333,6.83333333333333,5.66666666666667,6,73.7563556583431,25.3104882515913,1.8633997683221,106.289380503199,74.3303437365925,31.1940043095879,1.82340124878318,124.441623594835
"269",269,"tree",5183192241799168,4753236034584576,2.66666666666667,4.44444444444444,3.55555555555556,9,92.1357693840997,17.6652754506178,1.7801208083711,114.89881371383,92.1357693840997,17.0676983336621,1.79011003417375,121.763436266567
"270",270,"tree",5183192241799168,6576084143308800,2.81818181818182,4.09090909090909,3.45454545454545,11,114.039466852489,23.2317056932791,1.75578426762179,107.958891537154,114.039466852489,25.5663303548569,1.77222946579953,115.16191543977
"271",271,"tree",5183785098280960,6704008519483392,2.8,4.6,3.8,10,42.4499705535822,15.2190106135159,1.81652519056955,121.247135126361,42.4499705535822,15.2190106135159,1.81652519056955,121.247135126361
"272",272,"tree",5188495888875520,5241475400990720,4.33333333333333,5.78055555555555,5.11111111111111,9,70.7106781186548,27.2873341256192,1.86595973965645,129.454978064175,70.7106781186548,27.2873341256192,1.86595973965645,129.454978064175
"273",273,"tree",5191090451775488,5540948224245760,5.2,6.5,5.9,10,67.1788657242737,24.2243281424955,1.81837387414895,120.068844234651,157.2768260107,47.5062370970317,1.83834592555535,117.796585136459
"274",274,"tree",5195205030445056,6725736373157888,5.83333333333333,7,6.5,6,119.281180409988,38.8845475384974,1.80470837958226,126.384618185388,119.281180409988,38.8845475384974,1.80470837958226,126.384618185388
"275",275,"tree",5261627857305600,6658538187259904,4.83333333333333,6.33333333333333,5.66666666666667,6,87.2811548961172,27.8116812872842,2.40541998962964,119.864374896122,139.789126901916,63.7416886841236,1.87306626705635,140.379974714596
"276",276,"tree",5264652575440896,5097736317698048,1.83333333333333,3.16666666666667,2.5,6,44.7772263544762,22.1159700689317,1.80673495044805,116.872042873203,44.7772263544762,22.1159700689317,1.80673495044805,116.872042873203
"277",277,"tree",5286518522380288,5859979330322432,4.21428571428571,5.93035714285714,5.07142857142857,14,104.048065815757,29.7594682669729,1.83759673649102,118.76669568664,98.351410767716,44.280622260961,1.94439114312051,106.882334172148
"278",278,"tree",5333845102559232,6475577814941696,6.14285714285714,6.85714285714286,6.57142857142857,7,79.0569415042095,24.226134765976,2.051704728641,113.196675061582,81.344944526381,37.0724724303185,1.86629563043924,116.753625592468
"279",279,"tree",5378216153841664,4825033144795136,3.61346153846154,4.61538461538461,4.07692307692308,13,55.6057550978314,21.2376077601314,1.91121283468012,115.790660376991,133.454111963626,76.5305215236256,1.86579708159711,134.211577736373
"280",280,"tree",5393230117994496,6606710670098432,4.2,6.2,5.3,10,97.6524449258696,31.2771352196355,1.88149211006983,102.155055944586,98.2903861015918,51.7488292893284,1.5730693477072,94.7219032973747
"281",281,"tree",5397981056466944,5559823997337600,1.7,2.8,2.2,10,57.706152185014,22.008890233624,1.78280622239993,121.949775687082,57.706152185014,22.008890233624,1.78280622239993,121.949775687082
"282",282,"tree",5410446918025216,6311665287036928,3.55555555555556,5.66666666666667,4.66666666666667,9,44.3846820423443,18.4291571793893,1.94572686321759,108.528156069725,108.903627120496,55.5581636411607,2.56420421915249,165.497236414902
"283",283,"tree",5416359288635392,4578476117983232,3.14285714285714,5.71428571428571,4.42857142857143,7,53.160135440008,18.4223668915407,1.77831707127797,101.343230504859,53.160135440008,18.4223668915407,1.77831707127797,101.343230504859
"284",284,"tree",5417418534944768,5708454767362048,5,6.66666666666667,5.83333333333333,6,65.2533524043018,20.0169158357267,1.78658084272277,96.0880405226984,65.2533524043018,26.6785350982373,1.79584120903937,99.9441866421694
"285",285,"tree",5427139807543296,5782657822621696,3,5.375,4.25,8,54.0832691319598,23.9234709660995,1.81883598081439,128.333939190116,54.0832691319598,23.9234709660995,1.81883598081439,128.333939190116
"286",286,"tree",5465383655964672,5708691795869696,4.6,6.3,5.5,10,55.9732078766261,22.8018345539052,1.84527842321527,107.610794630572,55.9732078766261,17.2001665656602,1.80622713786713,121.263543329528
"287",287,"tree",5481275638939648,5089586533367808,3.66666666666667,6.83333333333333,5.5,6,72.1110255092798,23.3412093224761,1.99567636383052,113.615205042677,72.1110255092798,23.3412093224761,1.99567636383052,113.615205042677
"288",288,"tree",5484525100466176,6048833744142336,1.71428571428571,3.71428571428571,2.57142857142857,7,80.2122185206219,36.9993202891391,1.85184077512868,119.291337697811,80.2122185206219,36.9993202891391,1.85184077512868,119.291337697811
"289",289,"tree",5498678397632512,6098342918488064,2.75,3.83333333333333,3.25,12,67.1192967781993,18.162001772867,1.82428684751342,126.202929626613,95.3362470417207,25.8722532988153,1.67301844443187,75.9951408125646
"290",290,"tree",5502021924814848,5291858756370432,4.11111111111111,5.77777777777778,4.88888888888889,9,48.3321838943783,19.2210304999307,1.89320792941605,102.69326600193,48.3321838943783,19.2210304999307,1.89320792941605,102.69326600193
"291",291,"tree",5512375149002752,6085611746230272,1.88888888888889,2.77777777777778,2.33333333333333,9,59.2114853723498,15.353257398082,1.80900455281746,127.840060482466,66.8879660327626,15.2872989538589,1.82402973817546,117.957340036443
"292",292,"tree",5532733088464896,6397449797107712,3.75,5.875,4.75,8,123.369364106329,31.6763022725237,1.85776207204839,111.771279826686,91.4822387133153,19.4876278228607,1.72853722585449,88.8865743674951
"293",293,"tree",5546023545995264,6055544374689792,6.1,6.9,6.5,10,106.79419459877,26.1284568350536,2.08553640561826,98.6775785288895,89.4930164873215,24.1151345594273,2.08406818314302,88.3002776150903
"294",294,"tree",5577263649128448,5844517297061888,4.30769230769231,5.38461538461539,4.84615384615385,13,89.4035793466906,28.4514637962197,2.16569354202726,117.09673294221,89.4035793466906,28.4514637962197,2.16569354202726,117.09673294221
"295",295,"tree",5579564220678144,5499033231556608,3.45454545454545,5.09090909090909,4.27272727272727,11,90.6200860736735,23.6933319410754,1.7810076318732,112.499362009592,97.8008179924892,32.0716883164263,1.62423217014252,95.3318692295269
"296",296,"tree",5579984255057920,5039879870218240,4,5.5,4.75,8,58.5234995535981,22.677315137832,1.75264840940957,121.557435192025,58.5234995535981,22.677315137832,1.75264840940957,121.557435192025
"297",297,"tree",5591976898461696,4846112856866816,4.41666666666667,6.08333333333333,5.25,12,97.2471079261486,37.08795181233,1.9685290889307,136.38737125285,84.7230783199005,29.2363010745489,1.9366882718954,126.852779401678
"298",298,"tree",5595075864166400,6663567124201472,5.375,7,6.25,8,113.745329574449,34.4974916630702,1.87880313601017,122.294331330333,160,83.5157724739407,2.00229228675823,136.768505207841
"299",299,"tree",5606326832988160,6425465445154816,2.5,3.5,3,6,94.1328847959097,15.9234899714814,1.79608552442909,99.7934713312566,96.1665222413705,19.363178394831,1.7969025607501,96.3211308225598
"300",300,"tree",5644084460912640,6532474475642880,2.996875,5.125,4.125,8,108.908218239029,45.0413863521137,1.85544473393964,115.778604069278,113.841995766062,47.0934081759335,1.82476076960269,125.011411322466
"301",301,"tree",5646240689684480,5045330821251072,2.375,4,3.125,8,53.7587202228625,21.5234031809608,1.83906016707215,125.17841027115,127.945300812496,60.3368355069757,1.63538927397257,107.313873931652
"302",302,"tree",5656537441763328,5847868126527488,5.44444444444444,6.78055555555555,6.11111111111111,9,82.2800097228968,31.8735796545751,1.85631607097051,129.702005724049,92.9139386744529,33.4920412514916,1.78511251039828,134.069205233074
"303",303,"tree",5656537441763328,6617903266791424,5,6.33333333333333,5.75,12,61.8465843842649,21.0904391225184,1.78613083895531,117.745774527233,102.459748194108,47.6692125154639,1.96806020348846,140.044465342786
"304",304,"tree",5661171501760512,5966033485561856,5.14285714285714,7,6.28571428571429,7,50.6951674225463,16.4814287762655,1.90739690898822,106.959564797203,50.6951674225463,16.4814287762655,1.90739690898822,106.959564797203
"305",305,"tree",5675218632704000,4600726577741824,4.28571428571429,6.57142857142857,5.42857142857143,7,103.247275993122,27.8472270830921,1.81436444886607,117.749981114278,78.7718223732319,38.8781637772709,1.80096927621687,111.538906911033
"306",306,"tree",5702695061028864,4875461744132096,2.3,3.9,3.1,10,52.2015325445527,21.2387962638591,1.80397010878405,128.000112743367,52.2015325445527,21.2387962638591,1.80397010878405,128.000112743367
"307",307,"tree",5706205446012928,5886855977369600,2.4,3.9,3.2,10,119.540788018149,29.7849920046862,1.79881400220735,123.134828046183,119.540788018149,29.7849920046862,1.79881400220735,123.134828046183
"308",308,"tree",5713569683341312,4917750214426624,2.63636363636364,4.18181818181818,3.36363636363636,11,69.1158447825099,24.1871601975857,1.82593787919901,130.843212623882,61.5223536610881,23.2718898377098,1.83326889840701,126.355323477111
"309",309,"tree",5715537835327488,6207996487008256,4.83333333333333,6.5,5.66666666666667,6,61.8465843842649,25.7325971986424,1.73621567223199,107.811077517922,97.4166310236604,26.1639091285489,1.78408251203418,103.9804383019
"310",310,"tree",5717789341908992,6161991028703232,4.09090909090909,6.36363636363636,5.36363636363636,11,46.7546789102438,19.2072577759673,1.97538618098148,116.273050825349,100.179838290946,51.8708794236799,1.73195235098887,111.227259212016
"311",311,"tree",5765477236211712,6221563919597568,4.41666666666667,6.58333333333333,5.66666666666667,12,89.5544527089524,21.0008703354161,2.14574617132196,122.057888516128,89.5544527089524,49.3309299984492,1.66459511981917,104.653167590365
"312",312,"tree",5776773335744512,5920154254835712,2.42857142857143,3.86071428571428,3.14285714285714,7,85.6329375882902,28.2192022156026,1.79427825815218,123.761555681645,85.6329375882902,28.3690890613068,1.79322112251896,124.948088098452
"313",313,"tree",5777096410398720,5003158591897600,5,6.33541666666666,5.66666666666667,12,50.6951674225463,21.0509407400767,1.91386414006211,117.040822393355,161.523992025953,72.7587155485874,1.72758086372953,120.910518757249
"314",314,"tree",5777096410398720,6123923475267584,3.15192307692308,4.61538461538461,3.84615384615385,13,87.2811548961172,26.6885213544642,1.8554278870679,118.053197126133,211.520684567727,99.5056893732868,1.94493660807745,144.415379416745
"315",315,"tree",5796616957067264,5103641830621184,3.91666666666667,5.58333333333333,4.75,12,96.5090669315583,35.6927310521087,2.27403954328089,122.483969138895,146.81280598095,83.0215621551912,1.7778027053271,136.112236509909
"316",316,"tree",5796616957067264,6715240580382720,3,4.36363636363636,3.63636363636364,11,81.706792863262,29.5989690232913,1.80680559700405,130.743163875715,81.706792863262,29.5989690232913,1.80680559700405,130.743163875715
"317",317,"tree",5819702553083904,6729583841771520,2.5,4.41666666666667,3.33333333333333,12,60.8769250208977,22.3209183952738,1.81881676160007,116.934983792656,60.8769250208977,22.3209183952738,1.81881676160007,116.934983792656
"318",318,"tree",5827807223480320,6031422261297152,4.125,6,5,8,95.0789145920377,37.8964373218406,1.87306430147717,121.944441382769,121.593585357123,44.791573084014,1.7712412754222,104.971691872088
"319",319,"tree",5841177574113280,5827807223480320,2.5,4.1,3.3,10,36.0138862107382,16.4953888183407,1.82527390306797,117.968322587438,96.0208310732624,43.7572422802462,1.64441962870472,103.003465466864
"320",320,"tree",5841177574113280,6350651141390336,3.6,6.2,4.8,5,52.6117857518636,17.8401131199289,2.16992813633724,107.228913121082,52.6117857518636,17.8401131199289,2.16992813633724,107.228913121082
"321",321,"tree",5868475161509888,6469280705019904,2.83333333333333,5.83333333333333,4.33333333333333,6,55.1089829338194,16.2658071987186,1.85886901572252,98.074343766686,55.1089829338194,16.2658071987186,1.85886901572252,98.074343766686
"322",322,"tree",5890820802609152,5195205030445056,3.36363636363636,5.18181818181818,4.27272727272727,11,51.9711458407451,21.5977412844905,1.8278775569446,118.747936352895,51.9711458407451,21.5977412844905,1.8278775569446,118.747936352895
"323",323,"tree",5902174435409920,5574339447488512,3.88888888888889,5.88888888888889,4.88888888888889,9,132,30.1636837759493,1.78501413108666,105.87150165257,132,32.2226334232734,1.80174928263711,111.996224199006
"324",324,"tree",5904019270664192,5241475400990720,4.57142857142857,6.42857142857143,5.57142857142857,7,55.9732078766261,24.0423721306955,2.12635418990372,117.385293245964,159.260792412948,78.956139423798,1.6457131945921,119.256094198695
"325",325,"tree",5909216902512640,6176961757970432,6.25,7,6.75,8,81.3203541556479,51.6334691348704,2.05921968378892,147.169809998642,96.2081077664456,56.5727283444473,2.16746314195693,154.047489172216
"326",326,"tree",5914386784845824,4840306753142784,5,6.4025,5.8,10,114.070153852794,24.9954218200984,1.87386717332105,107.26715800857,114.070153852794,24.9954218200984,1.87386717332105,107.26715800857
"327",327,"tree",5921583124185088,4626048664731648,3.45454545454545,5.72727272727273,4.63636363636364,11,98.7319603775799,15.2025645830149,2.02924895022048,112.497740770273,98.7319603775799,15.3157192882907,1.99192848775136,107.118040697131
"328",328,"tree",5926676749877248,4681674581344256,1.8,3,2.4,10,61.5223536610881,22.8436339031264,1.80040102176633,123.039008401708,61.5223536610881,22.8436339031264,1.80040102176633,123.039008401708
"329",329,"tree",5931543690215424,5402923842404352,2.99642857142857,4.71428571428571,4,7,66.8879660327626,16.3606797404226,1.82110641622613,108.158649158534,62.2976725086901,14.3195621612875,1.79215805013044,113.67278266525
"330",330,"tree",5939441929551872,6199291964030976,4.46153846153846,5.38461538461539,4.92307692307692,13,60.6712452484701,17.4183251338851,1.78938806078921,97.617908844157,60.6712452484701,16.8364583735009,1.78225493752211,99.9876359619296
"331",331,"tree",5977442474786816,5726178365145088,6.15384615384615,6.69230769230769,6.46153846153846,13,137.003649586425,49.5498181236649,2.0693675038423,122.411910203711,178.462881294683,76.7356186294066,2.06600451862923,140.455654115035
"332",332,"tree",5997606327025664,5596979495174144,2.58333333333333,4.33333333333333,3.5,12,42.4264068711929,9.54422664978449,1.79688268839158,93.6445439891556,42.0594816896262,15.3873404007646,1.78746900110791,101.232633817148
"333",333,"tree",6038139007139840,5100154451394560,3.875,6.25,5.125,8,69.9213844256534,23.2534189480027,1.85568477574184,119.740099867866,69.9213844256534,24.592268101641,1.85326650312967,119.670197138038
"334",334,"tree",6042332719742976,5701759697682432,3.54545454545455,4.63863636363636,4.09090909090909,11,81.5843122174846,25.4808806414416,1.82563360207604,105.985439280597,88.684835231284,36.2952114587574,1.87104536480486,91.342678971414
"335",335,"tree",6043760192389120,5715981408141312,2.8,4.5025,3.7,10,77.8973683766018,24.6633526170677,1.77412426622019,114.387167166712,96.8762096698668,27.2117798463778,1.70573579672331,104.219063394359
"336",336,"tree",6045379915153408,4753257341648896,3.5,6.5,5.125,9,89.4706655837543,35.7604905786509,1.83967451636507,131.492532797537,105.801701309573,36.74631431919,1.82946252165053,130.779667683129
"337",337,"tree",6047872673906688,5483012739301376,3,4.25,3.58333333333333,12,70.6116137756389,17.1677188946298,1.83834461455273,117.098113072623,158.826949854236,100.598761058549,2.25969984727135,167.349677243294
"338",338,"tree",6072476129820672,5584651693326336,5.4,7,6.2,5,89.4427190999916,24.5773077800857,1.93130146062649,112.239745881101,82.4196578493262,25.1941103491171,1.91519321375697,106.47506461488
"339",339,"tree",6098342918488064,4703567510241280,3.7,5.2,4.4,10,80.7774721070176,24.2395984716561,1.81887371075066,128.744146068159,123.223374405995,43.9606394167768,1.92782671224226,140.820682555973
"340",340,"tree",6110006556491776,6117959091093504,4.69230769230769,6.07692307692308,5.46153846153846,13,100.179838290946,36.401473970258,2.02821062860535,123.515400984235,100.179838290946,36.401473970258,2.02821062860535,123.515400984235
"341",341,"tree",6131339407392768,4915355380088832,3.66666666666667,5.66944444444444,4.77777777777778,9,71,24.4468290559692,2.08669881781868,100.849042528536,71,24.4468290559692,2.08669881781868,100.849042528536
"342",342,"tree",6139330986770432,5553474576056320,4.55555555555556,6.22222222222222,5.44444444444444,9,68,26.7091909562149,1.81407445096312,112.143132235305,86.5390085452797,43.1766420962932,1.75451258800377,103.885115654867
"343",343,"tree",6153645844332544,5877076991148032,6.36363636363636,6.90909090909091,6.63636363636364,11,58.258046654518,22.0477503080505,1.81961799463315,123.434287524634,77.3692445355388,33.0892228054768,1.8387437573101,126.896629604566
"344",344,"tree",6165497533956096,5268265729261568,4.22222222222222,6.77777777777778,5.66666666666667,9,89.8888202169769,31.51411953282,1.85903849306776,127.494257062549,140.057131200093,64.9605436635091,2.04507494372507,135.734293474112
"345",345,"tree",6167007219154944,5766791022247936,2.2,3.6,2.9,10,142.077443670697,48.7935500324128,1.92971774785999,134.118995121643,142.077443670697,50.5977872616613,1.89557967446548,137.239664892521
"346",346,"tree",6171554683551744,5525406348214272,2.88888888888889,5.55555555555556,4.22222222222222,9,68.9420046125727,24.4621899968326,1.81219254101708,124.473797377005,125.131930377502,60.4930269253774,1.82350921947474,130.64156760763
"347",347,"tree",6172709857787904,5586847570853888,3.72727272727273,5.27272727272727,4.45454545454545,11,63.5688603012513,15.9562191945456,1.82082149205572,112.490926011,63.5688603012513,16.0334243331539,1.82775270539389,111.949312508395
"348",348,"tree",6203542975021056,5367574621585408,3.57142857142857,5.85714285714286,5,7,41.0487515035476,17.5070469635886,2.04216637542338,104.474672551366,47.0106370941726,18.1604309289807,1.99750044199122,98.8954784760222
"349",349,"tree",6232507345272832,5200899423076352,5.57142857142857,7,6.28571428571429,7,81.3941029804985,26.6764789489558,1.83356177641189,119.836463507526,76.0263112349928,32.6847206987423,1.75629465232674,113.422137714693
"350",350,"tree",6243335628914688,6381970412011520,3.35714285714286,5.07142857142857,4.21428571428571,14,71,21.1496345718809,1.84319728836898,120.09351036363,71,21.1496345718809,1.84319728836898,120.09351036363
"351",351,"tree",6250544093986816,5563124864253952,6.625,7,6.875,8,93.0859817588019,21.4385602382429,1.98927764610665,120.151996205501,93.0859817588019,21.4385602382429,1.98927764610665,120.151996205501
"352",352,"tree",6252463373942784,4523862182068224,3.22222222222222,5.88888888888889,4.55555555555556,9,92.9623579735368,21.7430833094796,1.81305653220297,124.525325947424,139.63523910532,73.1279223452857,2.0792189613637,152.693597981284
"353",353,"tree",6264148910407680,6174156326436864,1.7,2.5,2.1,10,58.7281874401041,23.1178028788807,1.8145666341814,108.012533443381,58.7281874401041,23.1178028788807,1.8145666341814,108.012533443381
"354",354,"tree",6264404926529536,4609853571989504,5.14285714285714,7,6.28571428571429,7,57.2800139664787,20.7309762257957,2.16494380265509,99.4819309851147,86.4927742646748,48.3621712265557,1.87683432970515,114.522366438331
"355",355,"tree",6270145355841536,6556114139217920,2.28571428571429,3.5,2.85714285714286,14,113.357840487546,29.5962625570203,1.78919067123188,119.027926547996,113.357840487546,29.5962625570203,1.78919067123188,119.027926547996
"356",356,"tree",6271033923338240,5775386208108544,4.93333333333333,6,5.46666666666667,15,75.2861208988748,22.1932323197791,1.81006362718688,112.315680202394,133.270401815257,65.9014800519165,1.82947003801705,130.607583362527
"357",357,"tree",6296935361150976,5890793690628096,6.1,6.9,6.5,10,54.817880294663,18.4862755015073,1.92510887838006,127.953057788635,146.413797164065,93.4039423308279,2.27890912594603,155.654465863958
"358",358,"tree",6302376669478912,6585894687473664,4.36363636363636,5.72727272727273,5.09090909090909,11,58.2494635168428,20.6126815078802,1.83127896484089,122.717029173956,82.4924238945614,37.0421159468342,1.94460347697968,92.8034972169125
"359",359,"tree",6307926773858304,5789507221716992,5.5,7,6.25,8,143.781083595861,24.2622596787955,2.01831372757704,104.548048437891,107.070070514593,26.4451237273666,2.00685568907728,78.4517007034038
"360",360,"tree",6318835097403392,5877961469198336,3.28571428571429,5.57142857142857,4.42857142857143,7,74.3303437365925,29.3529147080282,1.83376212921777,120.524806142133,74.3303437365925,29.3529147080282,1.83376212921777,120.524806142133
"361",361,"tree",6323944921497600,6422416773349376,1.795,3.4,2.6,5,42.9534631898291,14.3489409873905,1.83496628120271,108.123437934318,150.57224179775,73.9007366579104,1.86839829038234,125.702195231704
"362",362,"tree",6328795495661568,5057710124957696,4.55555555555556,6.00277777777778,5.33333333333333,9,63.6396103067893,22.4448571153411,1.79557282418538,116.56645904752,63.6396103067893,23.9421202762391,1.87422877675601,127.61918124153
"363",363,"tree",6329527238131712,6697642375512064,4.55555555555556,6.44444444444444,5.55555555555556,9,112.969022302576,21.5504115149948,1.77756468747021,104.7276261091,112.969022302576,21.5504115149948,1.77756468747021,104.7276261091
"364",364,"tree",6331931224440832,6058036227473408,3.22222222222222,5.11111111111111,4.11111111111111,9,71.386273190299,21.3831883413855,1.80798051341313,121.980898995836,84.8528137423857,30.9122060741466,1.8549498310277,121.156470786237
"365",365,"tree",6338419292635136,5895470259896320,6,6.8,6.4,5,84.717176534632,18.7563949087333,1.78053905451585,111.251689751956,84.717176534632,19.1572751639284,1.76535484990088,110.697267137664
"366",366,"tree",6341537778630656,6585894687473664,4.55555555555556,6.22222222222222,5.44444444444444,9,112.507777508935,36.9254565132313,1.95952999638417,134.479903046326,155.235305262688,77.9327422857533,2.04229382832912,138.120113506804
"367",367,"tree",6343973360631808,6632018693586944,5.36363636363636,6.63636363636364,6,11,94.5568612000208,28.784973899617,1.80413736963751,127.348421919926,119.079805172834,36.6854672298099,1.83218899349737,129.411122426466
"368",368,"tree",6362162056396800,5411631251062784,3.63636363636364,5.90909090909091,4.81818181818182,11,60.1082357085949,25.556852320241,1.83677464806301,107.479983529761,131.106826671993,67.146889007256,1.7644859487326,110.30764560222
"369",369,"tree",6372027596275712,6067248483532800,4.85714285714286,6.28571428571429,5.57142857142857,7,63.5609943282828,16.9516369939416,1.68597995078314,106.232941392983,142.863571283935,87.5950894647558,3.03225118810131,186.496717337293
"370",370,"tree",6381970412011520,4752045758218240,5.46666666666667,6.53333333333333,6.06666666666667,15,66.7083203206317,14.7588079475336,1.92459233726473,97.8246411102717,66.7083203206317,14.7588079475336,1.92459233726473,97.8246411102717
"371",371,"tree",6425465445154816,6747812828020736,2.85714285714286,5.42857142857143,4.14285714285714,7,76.1183289359403,26.3663970384326,1.93328905764703,125.983326394211,81.3941029804985,29.4291038639859,1.85342741671154,121.806371731367
"372",372,"tree",6433464687525888,5079657730801664,3.35714285714286,4.64285714285714,4,14,121.148668998054,42.3249092976458,1.87031533155805,124.398268944644,81.0246875958186,38.972761346617,1.80389295990608,91.4997818680845
"373",373,"tree",6435272415772672,6140366757560320,3.24791666666667,4.83333333333333,4,12,81.8413098624405,29.8869507218126,1.7896386870965,115.952326742612,81.8413098624405,29.8869507218126,1.7896386870965,115.952326742612
"374",374,"tree",6441286313705472,4800797361569792,1.5,3.375,2.375,8,44,15.5784723872078,1.84114369798074,124.821717948229,150.960259671213,86.9511649841294,2.04383782180094,154.898057187229
"375",375,"tree",6471317173829632,6666180834099200,3,6.33333333333333,4.83333333333333,6,121.794909581641,24.3808016562649,1.79622443930772,106.463817028814,62.0322496770833,23.5494713863845,1.99393982727865,93.7085747839186
"376",376,"tree",6484200028897280,6740925642440704,2.2,3.3,2.7,10,46.0977222864644,18.1695389770114,1.81744776383349,114.248317779391,46.0977222864644,18.1695389770114,1.81744776383349,114.248317779391
"377",377,"tree",6487434462232576,6140366757560320,2.8,4.4,3.6,10,83.7376856618333,35.9685087993766,1.81707117071807,127.535661365845,83.7376856618333,35.9685087993766,1.81707117071807,127.535661365845
"378",378,"tree",6492093763551232,5944161578516480,3.57142857142857,5.85714285714286,4.57142857142857,7,120.01666550942,24.4256680803639,1.81760506082363,128.787419919797,141.01418368377,84.3228053407941,2.02241686682508,159.659657678985
"379",379,"tree",6506105289048064,5877076991148032,4.55555555555556,6.11111111111111,5.33333333333333,9,57.3149195236284,21.2223112147925,1.78648201800691,123.298433671813,62.9682459657247,22.8385414498231,1.74924713817449,120.983417595511
"380",380,"tree",6509219673014272,5009873450303488,3.33333333333333,5.11111111111111,4.22222222222222,9,50.4876222454574,19.728463588344,1.79178243792755,109.718881360815,50.4876222454574,19.728463588344,1.79178243792755,109.718881360815
"381",381,"tree",6530589869998080,5584278081503232,4.5,6.375,5.5,8,79.8498591107085,29.4759015000946,1.80916422918525,119.776934905889,64.3816744112795,44.3550001897862,1.80106119231425,104.554607711788
"382",382,"tree",6556725303836672,6129986647883776,4.6,6.3,5.5,10,56.859475903318,24.7928888157167,1.89123137193152,127.315700313282,94.2549733435854,47.2104410518009,1.86885125171585,124.296588785118
"383",383,"tree",6560186254753792,5009863518191616,5.33333333333333,6.83333333333333,6.16666666666667,6,73.1641988953614,22.1464256589939,1.83568754085268,118.984354440062,75,26.8470029640405,1.79898302107406,117.096117400091
"384",384,"tree",6571670984720384,5963324430745600,2.38461538461538,3.92307692307692,3.07692307692308,13,73.109506905737,23.2567559746206,1.83881880566602,123.838577027014,73.109506905737,23.2567559746206,1.83881880566602,123.838577027014
"385",385,"tree",6573084209315840,6410852137697280,2.75,6.5,4.75,4,58.8302643203309,24.6252455204191,1.84077654992443,105.249449662727,97.7445650662992,46.9010244505192,1.86831830054446,121.23402339977
"386",386,"tree",6582563558653952,5044755949944832,5.58333333333333,6.58333333333333,6.08333333333333,12,102.396288995256,23.5797556063138,1.82730131751389,112.954440059523,102.396288995256,23.5797556063138,1.82730131751389,112.954440059523
"387",387,"tree",6592054090006528,5794692136435712,3.33333333333333,5,4.11111111111111,9,73.0068489937759,19.6466100103515,1.78515757610836,106.170210308453,84.4037913840368,22.1864220430892,1.76550371424905,102.884106025385
"388",388,"tree",6601115938324480,5103015675559936,3.72727272727273,5.90909090909091,4.81818181818182,11,100.424100693011,32.34700775424,1.82791020825396,134.339451658831,100.424100693011,46.9100450002014,1.75428082744901,105.090908444044
"389",389,"tree",6603145708830720,4681674581344256,4.30769230769231,5.46153846153846,4.84615384615385,13,93.9201788754685,27.8262447186845,1.88285353357485,118.871871397648,65.8027355054484,31.5320624652088,1.77450157959394,106.984667562087
"390",390,"tree",6610673314299904,5623310995947520,2.64705882352941,3.82352941176471,3.23529411764706,17,95.524865872714,19.5451589617534,1.81258079115208,122.715098830912,95.524865872714,19.5451589617534,1.81258079115208,122.715098830912
"391",391,"tree",6618593166884864,5837754971717632,3.61538461538462,5.76923076923077,4.69230769230769,13,87.0517087712815,22.6051713193776,1.80587166416981,117.540597057984,122.413234578619,61.4698327446629,2.10628569082169,140.632816318795
"392",392,"tree",6627380078575616,6324818322391040,4.8,5.8,5.3,10,61.2943716828878,18.7622719131849,1.77756265474126,106.252289333107,61.2943716828878,18.7591600783021,1.82656302705449,116.787683711759
"393",393,"tree",6659770427637760,5394857726050304,4.83333333333333,5.91666666666667,5.41666666666667,12,103,20.9894226184687,2.07259987631854,100.559082461932,103,20.9894226184687,2.07259987631854,100.559082461932
"394",394,"tree",6663513084788736,4987385538412544,2.18181818181818,3.63636363636364,2.90909090909091,11,64,21.5070780787867,1.78342018583537,107.662587703707,105.929221652951,44.3425911046224,1.86581729016421,113.069000466072
"395",395,"tree",6666113066729472,4917750214426624,1.5,3,2.16666666666667,6,111.64676439557,24.7348641393208,1.81487279397939,124.544323962158,82.2800097228968,21.7762115679263,1.81873513870665,118.4426037259
"396",396,"tree",6684022107275264,5337229599703040,3.9,6.4,5.3,10,82.6801064343775,19.4666127356092,1.78863651063619,115.592210191843,82.6801064343775,19.4666127356092,1.78863651063619,115.592210191843
"397",397,"tree",6696130446360576,4748950617718784,7,7,7,4,81.4984662432367,25.4293490004218,1.94487681559289,112.226970318454,81.4984662432367,30.1764027040234,1.84673734750416,121.9845332767
"398",398,"tree",6728665192726528,5776618662395904,3.15384615384615,5.15384615384615,4.15384615384615,13,88,21.2211431389381,1.84053110114273,116.398797839727,88,21.2211431389381,1.84053110114273,116.398797839727
"399",399,"tree",6731009435369472,5290741007908864,3,6,4.5,4,86.9770084562581,21.8247016928994,2.09241960318667,130.04471487883,154.019479287524,72.5046965717143,2.39565156225223,159.874944390184
"400",400,"tree",6745743723331584,6094151017824256,3.5,5.08333333333333,4.33333333333333,12,75.9605160593318,22.2531175167885,1.87211229706123,124.785023900116,75.9605160593318,22.2531175167885,1.87137718155568,125.308524852624
