"","pair_id","category","drawing_key_id_1","drawing_key_id_2","ci_lower_human","ci_upper_human","human_rating_mean","n_participants","hausdorff","avg_hausdorff","mahalanobis","euclidean","ss_index_pt","ss_index_bm"
"1",1,"bread",4512057078579200,5301208245862400,6.33333333333333,7,6.66666666666667,9,8.94427190999916,2.18467585381017,1.8631167799938,12.6902884577185,0.999917826537075,0.00407506623444146
"2",2,"bread",4512177153114112,6334400226656256,1.66666666666667,3.66666666666667,2.5,6,2.23606797749979,0.381328401120981,1.81154258105329,9.40590466595389,0.999971837407821,0.488282020472354
"3",3,"bread",4517415574568960,5171456952500224,1,1.75,1.375,8,3.60555127546399,0.613182507997658,1.83320397954331,11.409696058862,0.99995926261405,0.441011820512249
"4",4,"bread",4553981596532736,5760679489306624,5.08333333333333,6.66666666666667,5.91666666666667,12,9,2.27633822906516,1.85725693879674,14.803441491301,0.999922791509371,0.156624945643958
"5",5,"bread",4561961628991488,5215576467177472,3.63636363636364,5.27272727272727,4.45454545454545,11,6,1.65712709324993,1.81389430397302,11.2412460769144,0.999923322781221,0.0232996596935653
"6",6,"bread",4588376130846720,5275074091286528,7,7,7,5,5.09901951359278,0.87621377490016,1.79839335285298,9.54068508651816,0.999954686393807,0.302427397378418
"7",7,"bread",4603484299067392,5826439611940864,1.44444444444444,2.22222222222222,1.77777777777778,9,5,1.35120824479035,1.81894684720114,13.1677149416029,0.999928303987085,0.0348776526516178
"8",8,"bread",4603484299067392,6456419710664704,4.11111111111111,6.33333333333333,5.22222222222222,9,7.81024967590665,1.85561767813141,1.83532076714616,12.3987212299733,0.999924655144537,0.0140466018268624
"9",9,"bread",4623583877791744,4601234612813824,4.7,6.3,5.5,10,6.70820393249937,1.57836279328525,1.82158370967387,11.9903579003199,0.999915011713092,0.0290863573978322
"10",10,"bread",4653333350449152,6697488574578688,3.30576923076923,5.07692307692308,4.23076923076923,13,4,1.09152117719501,1.80696602469426,12.2064429753457,0.999953310182745,0.256313634224684
"11",11,"bread",4656048642195456,6303531139072000,2.25,4.08333333333333,3.08333333333333,12,4,1.02192791606902,1.81065491636518,10.2190527247789,0.999946788422245,0.233539042715388
"12",12,"bread",4673896848556032,4988894737072128,2.27272727272727,4.63636363636364,3.36363636363636,11,3.60555127546399,0.492368030470339,1.82430988626726,9.44878108596536,0.999978610249119,0.592020600005093
"13",13,"bread",4674210850930688,6019556508172288,5.2,7,6.2,10,6.32455532033676,1.66794660013806,1.83402933879291,12.8099053117169,0.999918356678675,0.0486659105521875
"14",14,"bread",4683017245163520,6471038269390848,6,7,6.5,10,7.07106781186548,2.41997092556052,1.85241433399612,13.1370742331767,0.999892325485447,NA
"15",15,"bread",4693938105483264,6617681694294016,6.5,7,6.75,8,10,5.2043324458821,1.74953268406072,13.0431322423595,0.999927217844399,0.0164606885777591
"16",16,"bread",4696621705068544,5690227727269888,3.425,5.43214285714285,4.42857142857143,7,6,1.83281677540881,1.8965119776243,12.147979831309,0.99992654391745,0.148791414337005
"17",17,"bread",4705301078999040,4803424270942208,2.18181818181818,3.45454545454545,2.81818181818182,11,3.60555127546399,0.86319106631656,1.84031562113991,10.5254913036116,0.999950722195042,0.282545056944366
"18",18,"bread",4705301078999040,5087658025943040,5.44444444444444,6.77777777777778,6.22222222222222,9,6.70820393249937,2.29801530737068,1.83487035551982,10.6189054853537,0.999938466410046,0.0815299711166385
"19",19,"bread",4706969170477056,6679387804008448,3.22222222222222,5.33333333333333,4.22222222222222,9,3.60555127546399,0.538946080312074,1.81036001573418,10.0347648173058,0.999969998630909,0.43639459945841
"20",20,"bread",4712557224919040,5830382022819840,5,6.875,6.125,8,5,1.32367294121181,1.80315234903141,12.5162713575746,0.999918878954952,0.0638665322309176
"21",21,"bread",4762845570924544,4813886261821440,3.44444444444444,5.77777777777778,4.55555555555556,9,9.21954445729289,2.69592989621284,1.77111921327679,11.038872856008,0.999937034015606,0.117706083755395
"22",22,"bread",4774223929147392,6438204339126272,3.22222222222222,4.88888888888889,4,9,5.65685424949238,1.60895604195045,1.83113569604196,10.7912504995134,0.999935081868883,0.0632695038853725
"23",23,"bread",4801654475980800,6291120428417024,2.61538461538462,4.00192307692308,3.23076923076923,13,3,0.776002313561897,1.79428624591126,9.46016775100895,0.999963398608784,0.376269256506977
"24",24,"bread",4806635111317504,4685170688917504,4.85714285714286,7,6,7,3,0.598270150755985,1.80558521746337,10.1614181690612,0.999956344429229,0.34682269069077
"25",25,"bread",4808817424465920,5883436562644992,4.75,6.75,5.875,8,8.06225774829855,3.90369982565682,1.79426333177674,12.3598537404551,0.999916471343147,NA
"26",26,"bread",4823807099404288,6706496714833920,3.8,5.53333333333333,4.73333333333333,15,6,1.99585038631994,1.84862301225807,13.2944700984033,0.999898764541146,NA
"27",27,"bread",4835178172121088,6368627156582400,4.71428571428571,6.14285714285714,5.42857142857143,7,9.4339811320566,4.18128973159065,1.79541175802803,13.797537238151,0.999915158589244,NA
"28",28,"bread",4871156911833088,6133755125170176,2.66666666666667,4.16666666666667,3.33333333333333,6,7,2.09998544849987,1.85180813998168,10.6914815077406,0.999925355294877,0.159061731777388
"29",29,"bread",4883190625861632,4906501724438528,4.21944444444445,6.77777777777778,5.55555555555556,9,8.94427190999916,3.86362178680661,1.8563082024846,11.9944914691666,0.999924133664294,NA
"30",30,"bread",4925687158800384,6100771890266112,1.66666666666667,5,3.16666666666667,6,5,1.0711052946876,1.7982914881976,13.3082299485008,0.999946252726002,0.180968808069698
"31",31,"bread",4936112269164544,4755338572070912,4.15384615384615,6.38461538461539,5.30769230769231,13,7,1.58534336139943,1.87341672868952,13.3442364417523,0.99992072862669,0.193917033012468
"32",32,"bread",4937218844000256,6314443111661568,3,5.18181818181818,4.09090909090909,11,3,0.524793913480252,1.81240693335062,9.29022042553346,0.99997468535374,0.481370848188478
"33",33,"bread",4945893591613440,5846668555583488,5.30769230769231,6.84615384615385,6.23076923076923,13,9.21954445729289,2.61874458936261,1.83978679160262,10.1934776743726,0.999937927404825,0.147936904782481
"34",34,"bread",4960131072655360,4809963576754176,5.69230769230769,6.61538461538461,6.15384615384615,13,5,1.07778411887044,1.82181095500571,11.3330759664982,0.999933253623796,0.0967609399826088
"35",35,"bread",4978898532040704,5972817654841344,3.14285714285714,6.57142857142857,4.85714285714286,7,7.28010988928052,3.499028405319,1.82431389663445,12.1788085144522,0.999919940190461,NA
"36",36,"bread",4993213125361664,5672293961302016,4.625,6.5,5.625,8,4,0.963025711140832,1.87577159054212,10.3523388534304,0.999960486709525,0.336075800029251
"37",37,"bread",4997464316706816,6420443571421184,3.56785714285715,6.14285714285714,5,7,3.16227766016838,0.503473021388587,1.81664413395766,9.77772927742604,0.999968193402814,0.548217816371191
"38",38,"bread",5015407364669440,5889453543391232,1.1,1.7,1.4,10,2.23606797749979,0.226448228254012,1.80670160973844,10.1698562034833,0.999982009922665,0.690606029680308
"39",39,"bread",5015899692072960,5945098854465536,5.63636363636364,6.90909090909091,6.36363636363636,11,5,0.644406647914746,1.82207902725416,10.9969802818733,0.999949040244531,0.359422444238185
"40",40,"bread",5018645451243520,6746778944667648,6,6.8,6.4,10,6,1.35032669061708,1.76587333451364,9.36367891946317,0.999951785914474,0.267498900471566
"41",41,"bread",5030435874668544,5345981434429440,7,7,7,6,6,1.6484833286129,1.80590673854155,10.3148941835679,0.999945101490933,0.166398984866064
"42",42,"bread",5038028525404160,5331899549483008,5.75,6.75,6.25,12,6.32455532033676,2.53240907908734,1.86928869649723,12.4821950790349,0.999919157319785,0.00546416072121348
"43",43,"bread",5054457341542400,4701830862864384,2.2,3.8,3,5,5.8309518948453,1.40142236262577,1.78909714114632,10.5387169808104,0.99993947835405,0.209167800990765
"44",44,"bread",5055594903896064,6129118624088064,5.66666666666667,7,6.5,12,8.54400374531753,2.30202837825557,1.83934810131518,11.3465711313119,0.999927002829424,0.0622400431137151
"45",45,"bread",5057106950488064,6622646538076160,2.875,4.875,3.875,8,6.70820393249937,2.8297513198894,1.79905660400522,11.4541451437914,0.999932399875241,0.0444022146113444
"46",46,"bread",5069642584293376,5266744761384960,4.35714285714286,6.21428571428571,5.35714285714286,14,8.06225774829855,2.73012943110873,1.76271896373181,11.1490987991408,0.9999192571253,0.0322889235194277
"47",47,"bread",5085614447788032,4830263773233152,4.66388888888889,6.78055555555555,5.88888888888889,9,7.07106781186548,2.73255376852378,1.80384519872921,12.5844128982367,0.999926377685808,NA
"48",48,"bread",5094016758579200,6311392644694016,7,7,7,6,7,2.07551163844854,1.93744965571203,12.935479403368,0.999891208772473,NA
"49",49,"bread",5097250768289792,4534849647935488,4.71428571428571,6.57142857142857,5.71428571428571,14,9.05538513813742,2.99567501350626,1.77069378833362,13.0104500725841,0.999903968639711,NA
"50",50,"bread",5106353162944512,5613401130663936,6.7,7,6.9,10,8.54400374531753,2.09386274740637,1.77113828758561,10.8676113094834,0.999911997548856,0.113751563942737
"51",51,"bread",5113019975598080,6214978379972608,4.5,6.75,5.5,4,9,4.59321061419998,1.74032196587915,13.045478953046,0.999901673350148,NA
"52",52,"bread",5113801491873792,6531895909154816,3.33333333333333,4.88888888888889,4.11111111111111,9,2.82842712474619,0.597425115106335,1.82055598929299,10.8557549676544,0.999952812458756,0.298739365778869
"53",53,"bread",5114652717481984,4579761516969984,5.09090909090909,6.45454545454545,5.81818181818182,11,7.07106781186548,2.36478745755756,1.79913962888247,11.6044789542001,0.999913523114726,0.042216100348588
"54",54,"bread",5132349257809920,6234092729270272,4.30769230769231,6.38461538461539,5.38461538461539,13,8.54400374531753,3.50988181757232,1.84995046680073,12.1201961372626,0.999918659485484,NA
"55",55,"bread",5138400535379968,4597371323285504,3,5.2,4,10,7,1.30533074610317,1.84370801116928,14.156320696873,0.99992933351312,0.180709508541509
"56",56,"bread",5138470362152960,6237249777696768,3.85714285714286,6.57142857142857,5.28571428571429,7,7.81024967590665,1.97358258788692,1.86669273275049,12.5884979400368,0.99992245932682,0.0787873856394004
"57",57,"bread",5161026624421888,5762596114268160,2,3.33333333333333,2.66666666666667,6,3.60555127546399,1.39044091991403,1.7977783602406,12.2386831287443,0.999935270649731,0.10512026908089
"58",58,"bread",5164322542059520,4553901250445312,4.18181818181818,6.18181818181818,5.18181818181818,11,7.21110255092798,2.14436227746195,1.83555544136383,10.9551477686882,0.999922570466863,0.0812361089539614
"59",59,"bread",5165722164527104,5848453651365888,2.22222222222222,3.33333333333333,2.77777777777778,9,3.16227766016838,0.436126762267502,1.81813254165995,9.62834970529673,0.999973666139911,0.505010316006853
"60",60,"bread",5171070506106880,4690437874909184,2.11111111111111,3.55555555555556,2.88888888888889,9,6.32455532033676,2.60211146019871,1.81120763330537,12.3848565944434,0.999916769101225,NA
"61",61,"bread",5192786494095360,5112461394968576,5.25,6.75,6.08333333333333,12,8,3.33854568241309,1.85767005553498,11.9754690321556,0.999916571626345,NA
"62",62,"bread",5196818612748288,4557891681910784,5.41666666666667,6.66666666666667,6.08333333333333,12,6.32455532033676,1.86581025304989,1.85608826410721,12.8710006051019,0.999918281995689,0.0464482764719572
"63",63,"bread",5205133065453568,5236057568182272,4.33333333333333,6.11111111111111,5.22222222222222,9,13,2.58789147224114,1.80320006354295,13.5677362683113,0.999949955954853,0.278895851392892
"64",64,"bread",5205542899286016,6436450415411200,5.63636363636364,6.72727272727273,6.18181818181818,11,6,2.0880528936621,1.82135038168669,11.5550374876149,0.999932371392384,0.0825868912065157
"65",65,"bread",5259239473807360,6526906755186688,5.54545454545455,6.81818181818182,6.27272727272727,11,2,0.351052681350379,1.80326899852798,9.38849578155276,0.999977548449474,0.563441677567861
"66",66,"bread",5288154615513088,5203904016941056,5.99791666666667,7,6.5,12,6.70820393249937,1.64306625844565,1.83082938085309,11.5866983878511,0.999916316207631,0.0614471654689397
"67",67,"bread",5299291230830592,5761119253692416,3.125,5.25,4.125,8,5.8309518948453,1.44189157111242,1.80682487034513,12.7800901292888,0.999948345470307,0.23071642276602
"68",68,"bread",5300083971063808,4828986288898048,5.91666666666667,6.75,6.33333333333333,12,7.61577310586391,2.09222719884976,1.82615520739472,12.3589829634198,0.999927170086081,0.0723270283166235
"69",69,"bread",5303571232849920,6333377877639168,6,6.84615384615385,6.46153846153846,13,8.94427190999916,3.64088070252698,1.78320963332767,11.7652569006861,0.999916375380342,NA
"70",70,"bread",5308799332122624,5008995184017408,3.84615384615385,5.38653846153846,4.69230769230769,13,5.8309518948453,1.40977414811617,1.80056335485457,10.4105825929995,0.999936608641178,0.0997221298964401
"71",71,"bread",5310246903873536,6598053354012672,5.23076923076923,6.54038461538461,5.92307692307692,13,7.28010988928052,1.76687648035479,1.82567591215215,10.909165736033,0.999925280799543,0.0559215664988318
"72",72,"bread",5347838085038080,5202895408463872,5.44444444444444,6.77777777777778,6.11111111111111,9,4.47213595499958,1.08688594549843,1.79711773872262,11.7947228024947,0.999945718651111,0.134749331964475
"73",73,"bread",5355326226300928,6334006687694848,6.57142857142857,7,6.85714285714286,7,9.48683298050514,2.68231843345286,1.79571982622319,12.2234896278558,0.999910652112666,0.030152861452409
"74",74,"bread",5357625262735360,4772489919987712,5.23076923076923,7,6.23076923076923,13,5,1.0271746182404,1.81755722964451,12.1537231351478,0.999930675509671,0.186942881705819
"75",75,"bread",5369757920395264,6623091268517888,6,7,6.5,8,8.94427190999916,1.983897062405,1.84168861041362,11.6567584425036,0.99992174303213,NA
"76",76,"bread",5371470186283008,6355479506714624,5.33333333333333,6.66666666666667,6,6,5.3851648071345,1.27136573751149,1.82159095734465,10.9166143089703,0.999929607890871,0.111524770540241
"77",77,"bread",5383724180963328,4838273455226880,4.17954545454546,5.72727272727273,4.90909090909091,11,3.16227766016838,0.887753630247958,1.80025093277392,9.76387552244049,0.999957705998549,0.239926982062501
"78",78,"bread",5385189100355584,6112834557575168,4.33333333333333,5.66666666666667,5.11111111111111,9,10.295630140987,3.19868988835713,1.83494822636727,12.1641661641854,0.999927747850164,0.0540712813107714
"79",79,"bread",5386147704340480,6462238451826688,6,6.8,6.4,10,9,3.08782707021684,1.85813470088749,12.4567259220139,0.999923872312514,NA
"80",80,"bread",5387131901968384,4774223929147392,5.09090909090909,6.63636363636364,5.90909090909091,11,5.65685424949238,1.60023569421267,1.84156641383276,11.1135732264528,0.999937927181044,0.0947742971025939
"81",81,"bread",5430369438400512,4706202653032448,5.85714285714286,6.92857142857143,6.5,14,7.61577310586391,2.66041966931493,1.8927421855951,13.1592069218709,0.999905842462939,NA
"82",82,"bread",5459817109913600,6696240316153856,4.61538461538461,6.30961538461538,5.53846153846154,13,5.09901951359278,1.40361903561583,1.81575005869091,10.9557052473483,0.999928561495411,0.0820431508407712
"83",83,"bread",5464578739666944,5407435604885504,2,4.575,3.28571428571429,7,8,3.27675990178136,1.84917101720589,13.1107772984273,0.99991657272959,NA
"84",84,"bread",5464578739666944,6406059121967104,6.57142857142857,7,6.85714285714286,7,6,1.8828534622742,1.83984468273832,11.5302568231646,0.999925949715211,0.041374114405687
"85",85,"bread",5481995800936448,5786918983827456,6.4,7,6.8,5,7.21110255092798,1.98014166525649,1.82162638180903,11.42848132713,0.999932474133407,0.110545345980752
"86",86,"bread",5481995800936448,6382855632453632,6.57142857142857,7,6.85714285714286,7,3.16227766016838,0.652949453460603,1.79538697246466,9.47238766299752,0.999965517794362,0.392106425080439
"87",87,"bread",5507829509128192,5139027634159616,6.42857142857143,7,6.71428571428571,7,10.1980390271856,4.67485682227423,1.78192288866223,13.1291780850716,0.999921659208395,NA
"88",88,"bread",5522072862195712,6151037725442048,3,5,4,8,8.54400374531753,3.1196589080203,1.81468435130327,11.6669616876137,0.99993997761599,0.12980243878439
"89",89,"bread",5530798088257536,6112946063147008,6,7,6.57142857142857,7,6,1.32368471849629,1.81231641025531,11.414294178828,0.999934824401021,0.179630843110764
"90",90,"bread",5530798088257536,6476551229014016,4.77777777777778,6.22222222222222,5.55555555555556,9,6.32455532033676,1.22808869662822,1.82175254301681,11.418650175259,0.999925687921802,0.114415856735298
"91",91,"bread",5544098662449152,5889453543391232,4.45454545454545,6.54772727272727,5.72727272727273,11,3.16227766016838,0.827744859362702,1.84628599775505,9.89987459465689,0.999952803335191,0.233718034764186
"92",92,"bread",5547682443558912,6665163765710848,3.3,4.9,4.1,10,6,1.6668641387855,1.86997588670351,11.6145255504865,0.999941293284163,0.124918521970052
"93",93,"bread",5556117507670016,4553789262528512,4.76923076923077,6,5.38461538461539,13,9.05538513813742,4.00341191727581,1.80708516664143,13.2341881322001,0.999924326452224,NA
"94",94,"bread",5556117507670016,4903159707205632,1.22222222222222,2.33333333333333,1.77777777777778,9,2.23606797749979,0.30999003839442,1.80392784852278,15.056791129329,0.999971059110976,0.604703874908497
"95",95,"bread",5563572501348352,4862302434099200,5,6.63636363636364,5.90909090909091,11,9.89949493661167,2.42324046717752,1.85133177308689,13.8551642582287,0.99991500548967,0.0450285800372654
"96",96,"bread",5590854536265728,5565220674076672,1.33333333333333,2.83541666666666,2,12,4,0.768312361113388,1.81638961522517,12.6621153746594,0.999936371566699,0.202699939149055
"97",97,"bread",5596632420712448,4951663540436992,4.5,6.08333333333333,5.25,12,8.06225774829855,3.22563730633467,1.78289574993659,11.5464821532311,0.999923136583555,0.0257501361612104
"98",98,"bread",5623729692344320,6536574558797824,3.6,5.8,4.6,5,4,0.807844461105258,1.81936716552613,10.8937892382518,0.999964008353384,0.352923526067854
"99",99,"bread",5647064799117312,5171820275695616,5.875,6.753125,6.375,8,9.05538513813742,2.57608335201664,1.89645758675588,13.4619238795289,0.99989695828315,NA
"100",100,"bread",5651594232201216,4859015139950592,1.3125,2.1875,1.6875,16,3,0.678417263814717,1.82487416265961,10.5079088928233,0.999954115161997,0.234507417233983
"101",101,"bread",5696286164516864,5595598931623936,4.75,6.5,5.66666666666667,12,10.1980390271856,3.58243537748119,1.84345084694019,12.3255498387461,0.999915525231268,NA
"102",102,"bread",5701570400354304,6498196152909824,3.88888888888889,5.55555555555556,4.66666666666667,9,4,0.934459383564011,1.80463710488073,13.327284067822,0.9999554017458,0.343937023223087
"103",103,"bread",5721906135171072,6584423447265280,6.5,7,6.83333333333333,6,7,1.75456579629975,1.8047094683799,9.31733070829717,0.99997110507453,0.291362012927891
"104",104,"bread",5722698418225152,5917724209315840,4.83333333333333,6.41666666666667,5.66666666666667,12,2.23606797749979,0.414826075323795,1.82224544446507,9.41969801239618,0.999970269884633,0.48248519386023
"105",105,"bread",5733702577422336,6224960148209664,4,5.8,4.9,10,6.08276253029822,1.8051979166935,1.78009384626626,11.0928285450234,0.999930847655249,0.102030773601712
"106",106,"bread",5744874814963712,5535194524155904,5.77777777777778,7,6.44444444444444,9,7,1.81225471203616,1.85385791791497,10.8796074643996,0.999933519310123,0.098555483989075
"107",107,"bread",5744874814963712,6707542673588224,5.18181818181818,6.27272727272727,5.72727272727273,11,5,1.25267726180151,1.85329382938785,10.9145867088018,0.99993886009601,0.188103290118035
"108",108,"bread",5760162193211392,5636664804245504,6.75,7,6.91666666666667,12,7.21110255092798,1.49410535418314,1.78552937872386,11.2492830957708,0.999919077017175,0.128732294576524
"109",109,"bread",5775278867480576,5205907686293504,3.74375000000001,6.5,5.25,8,6.08276253029822,1.84304507850895,1.83607814088104,13.2027206349429,0.999925169107062,0.0673444953557112
"110",110,"bread",5815057545953280,6064567316643840,6.72727272727273,7,6.90909090909091,11,9.05538513813742,3.99189369516177,1.80252295117611,11.8474279711844,0.999932662771347,0.00982225716297735
"111",111,"bread",5819741342007296,6311565882032128,2.14285714285714,3.57142857142857,2.85714285714286,7,7,1.63489904445298,1.81334717183033,13.6554273645342,0.999922447101533,0.108550202202414
"112",112,"bread",5827846347948032,5245897371811840,5.38461538461539,6.61538461538461,6.07692307692308,13,8.06225774829855,2.8286383800539,1.82514221380995,14.2610000344875,0.999918636831313,0.100462776900547
"113",113,"bread",5829237367898112,5978086149455872,3.8,5.6025,4.7,10,3.16227766016838,0.556293303752224,1.81474060793333,10.1328499164621,0.999957745145322,0.342329791193383
"114",114,"bread",5837141898690560,4962738298159104,4.41666666666667,6.41666666666667,5.5,12,7.07106781186548,2.57033781339021,1.79304998981122,11.0010110840724,0.999911647785237,NA
"115",115,"bread",5837141898690560,6467393117224960,6.5,7,6.75,8,7,1.43230960176754,1.84511642367329,13.1769105663187,0.999930557491872,0.211342379701322
"116",116,"bread",5846211812655104,5165932383043584,2.75,4.83333333333333,3.75,12,10.0498756211209,4.93859127216732,1.78962050984158,13.3998285892567,0.999926879551566,NA
"117",117,"bread",5856222525784064,5480653875314688,4.09090909090909,6.54545454545455,5.45454545454545,11,8.06225774829855,2.59217324075393,1.89247361544249,12.5701780646029,0.999903761659687,NA
"118",118,"bread",5864737952759808,6691086019854336,3.66666666666667,5.58333333333333,4.58333333333333,12,7.28010988928052,2.97128745946418,1.80762415877903,12.9812924099532,0.999926922356433,NA
"119",119,"bread",5890358321872896,4872495620423680,4.75,6.83333333333333,5.91666666666667,12,7.21110255092798,3.15156695688658,1.89879604226763,12.3914953740124,0.999902479160637,NA
"120",120,"bread",5901581356630016,6515227497594880,4.28571428571429,6.57142857142857,5.42857142857143,7,10,4.20208394373305,1.885977255232,13.7448759751542,0.999912141683588,NA
"121",121,"bread",5908474112245760,5420607380389888,5.42857142857143,6.57142857142857,6,7,9,4.18171758380998,1.79877164523638,12.813394911078,0.999915698869524,NA
"122",122,"bread",5924994133524480,5259242002972672,4.23076923076923,5.76923076923077,5,13,9,4.56173167648898,1.82209328540162,12.0233067205262,0.999926967320218,NA
"123",123,"bread",5928295688306688,5051215396208640,7,7,7,6,5.65685424949238,1.11749395504896,1.85580092611702,10.433007632198,0.999950197192647,0.179398004165914
"124",124,"bread",5928295688306688,6511590029393920,4.78571428571429,6.14285714285714,5.5,14,3.16227766016838,0.602130500823666,1.83062934967705,10.6271598051144,0.999971029006776,0.515267486554028
"125",125,"bread",5933599503155200,5446657397227520,5.75,7,6.5,8,7,2.59996609465209,1.91798890452323,12.4940772901126,0.99990421736177,NA
"126",126,"bread",5944082205507584,5004023893590016,3.7,5.6,4.6,10,5.8309518948453,1.45989508768172,1.86312156859057,11.2890925436865,0.999922196089994,0.0594948821322708
"127",127,"bread",5945648610279424,4655865820872704,5.875,7,6.5625,16,10.1980390271856,3.32248207776998,1.97222881598681,13.6660088668718,0.999919064180973,NA
"128",128,"bread",5992469994930176,5655140797251584,4.71428571428571,6.57142857142857,5.71428571428571,7,9,4.12794158709526,1.84044430687382,12.8002867549278,0.999918648274823,NA
"129",129,"bread",5996853831139328,6358669409124352,3.81590909090909,5.63636363636364,4.72727272727273,11,9.48683298050514,4.84801665831273,1.79706300140579,13.0160339202924,0.999921157524456,NA
"130",130,"bread",6017845701902336,6215611497578496,3.6,5.6,4.6,10,5,1.25102076637481,1.83854382925394,13.6979219597389,0.999932163092437,0.206411753288965
"131",131,"bread",6034519905796096,5126386987565056,3.14285714285714,5.14642857142857,4.14285714285714,7,8,3.20562047348992,1.88250249977723,13.182666589885,0.999902755233432,NA
"132",132,"bread",6038446244102144,5234962267635712,5.83333333333333,7,6.5,6,3,0.735377065504299,1.84340911728182,9.86094853049276,0.999967428495992,0.400289892813637
"133",133,"bread",6060647567589376,4905727405588480,5,6.28571428571429,5.64285714285714,14,4,0.912407925196035,1.83510391839914,11.2233090106909,0.999954365591836,0.335438439171634
"134",134,"bread",6067738042695680,6244417541242880,6.25,6.91666666666667,6.66666666666667,12,6,1.91666347982544,1.8477555450138,10.2087464878861,0.999938722926671,0.130373843081115
"135",135,"bread",6075263563595776,5155641351995392,4.90681818181818,6.63636363636364,5.81818181818182,11,8.24621125123532,2.4756015117647,1.81406840759989,11.6197734954908,0.999909960213941,0.0326730413585326
"136",136,"bread",6087056570712064,5165292915261440,4.46153846153846,6,5.15384615384615,13,6.70820393249937,1.81383108989731,1.80511475477512,13.3706875060771,0.999931646303365,0.17338059728581
"137",137,"bread",6116265301114880,6200665334349824,5.875,6.875,6.375,8,8,2.83676182631252,1.78767129524689,11.7855009757985,0.999908662479976,0.0141504192663155
"138",138,"bread",6131525416386560,6232117459550208,4.55555555555556,5.77777777777778,5.11111111111111,9,6.08276253029822,2.08416154546822,1.84388071184008,11.3977314333939,0.999916101861333,0.0616355079120103
"139",139,"bread",6132053298905088,5244845192904704,3,5.4,3.8,5,7,2.62695201020741,1.83249862072118,12.5100502168945,0.999915255896374,NA
"140",140,"bread",6138211606724608,4685170688917504,2.41666666666667,4.16666666666667,3.33333333333333,12,3.60555127546399,1.17629903246307,1.79414644179312,10.2224650924848,0.999942502897569,0.180850602142304
"141",141,"bread",6138211606724608,6526906755186688,2.93333333333333,4.66833333333333,3.8,15,3,0.529236828176122,1.82345347819727,9.70744850548177,0.99997699872821,0.557370025140097
"142",142,"bread",6139959394172928,5666224128131072,4.66666666666667,6.44444444444444,5.55555555555556,9,6.70820393249937,2.04840728530436,1.79950955336726,11.4699136904396,0.999927033249566,0.0714749890325514
"143",143,"bread",6141023266799616,5487190345777152,3.5,5.625,4.5,8,4,1.41374818201052,1.80485485988527,10.303470124049,0.999947557072188,0.0609091368371751
"144",144,"bread",6171467471388672,6212038743293952,2.625,3.625,3.125,8,5.09901951359278,1.78115250343796,1.81921434110129,14.1005881736363,0.999916833765249,NA
"145",145,"bread",6193506525642752,6246894344863744,5.30769230769231,6.61730769230769,6.07692307692308,13,8.06225774829855,2.67002233319772,1.79837818882163,11.2110958812643,0.999927981694971,0.0593448015165771
"146",146,"bread",6213338503577600,6747917865975808,4.1,6,5,10,7.07106781186548,1.13460904963185,1.81814510064704,14.0629273737368,0.999942122948414,0.171751380579635
"147",147,"bread",6254451545341952,5357274245627904,6.18181818181818,7,6.63636363636364,11,6.32455532033676,1.16762042976435,1.85263749337286,12.3376803066057,0.999921447961203,0.0622674848562657
"148",148,"bread",6278667040718848,5380090357612544,5.3125,6.25,5.8125,16,8.24621125123532,2.80799631603643,1.87196299212784,11.1715928193211,0.999932194342851,0.0851935609145817
"149",149,"bread",6290239205146624,4558417475665920,4.33333333333333,5.83333333333333,5.16666666666667,6,6.70820393249937,2.18830595649262,1.87359607988045,12.0523271449647,0.999908111187341,NA
"150",150,"bread",6295430293880832,5216256258998272,5.9975,7,6.6,10,4.47213595499958,1.02787581968757,1.81335263444472,10.0668878914651,0.999958805007817,0.326763868057567
"151",151,"bread",6323845130616832,5095247602253824,4,6.4,5.2,5,6.70820393249937,2.45283256465672,1.84103945400096,12.1044210413569,0.999917876852472,NA
"152",152,"bread",6326609076289536,6557657190105088,2.875,5.75,4.375,8,7,2.18098225198964,1.84904117383522,12.1377472763712,0.99995541272911,0.223094849808347
"153",153,"bread",6329964049727488,6739095655022592,4.55277777777778,6.77777777777778,5.77777777777778,9,5,1.45684911569564,1.75291326006153,9.71185256141281,0.99994137044575,0.218325869185586
"154",154,"bread",6332315288469504,5593199454191616,4.3975,6.3,5.4,10,10.4403065089106,3.48748221141431,1.79979839878485,10.5802187440632,0.999938700140905,0.120636727176595
"155",155,"bread",6332351040716800,6467672042635264,4.42857142857143,6.71428571428571,5.71428571428571,7,5,1.90373318946732,1.87512980581589,10.6113510540111,0.999935343124109,0.00147459582065001
"156",156,"bread",6334333772103680,5599318100672512,3.08333333333333,4.83333333333333,3.91666666666667,12,6.40312423743285,2.77251941582559,1.81443225751402,13.7120829949606,0.999920192737116,NA
"157",157,"bread",6351042251849728,5514579922649088,3.83125,5.41875,4.66666666666667,12,6.08276253029822,1.2671950686441,1.8194824228233,13.810728410761,0.999950204658404,0.341309099814442
"158",158,"bread",6360677662851072,5344090143064064,6.7,7,6.9,10,10.4403065089106,4.17320308826877,1.71150101839739,11.5354668012265,0.999892261476877,NA
"159",159,"bread",6364221648404480,5495939651338240,4.44444444444444,6.225,5.33333333333333,9,8.54400374531753,2.51847890839038,1.81841622212902,11.0313388923006,0.999922701780566,0.0607055827193782
"160",160,"bread",6369939592052736,6737884654600192,4.75,6.75,5.75,8,11,2.96186034282509,1.93528277596394,16.1991400965792,0.999927427942753,0.129925614124589
"161",161,"bread",6378928467869696,5636664804245504,6.70588235294118,7,6.88235294117647,17,8.60232526704263,1.11431223440591,1.81081175227566,11.5840295544096,0.999931174405639,0.185957038932768
"162",162,"bread",6384812522733568,4922011958640640,6.72727272727273,7,6.90909090909091,11,8.94427190999916,2.40847388485479,1.79436896375702,10.4496220434391,0.999937198825684,0.205539689038961
"163",163,"bread",6402266380632064,6114739950190592,4.54545454545455,6.27272727272727,5.45454545454545,11,13.0384048104053,3.29208152314941,1.76439809146763,13.5872717227948,0.99993918889552,0.094910193048953
"164",164,"bread",6407123434995712,5866014464016384,3,5.2,4,5,4,1.09221726228687,1.81450245733222,10.9815151332895,0.999937177454299,0.164477034426141
"165",165,"bread",6429096269578240,5957502250254336,4,6.1,5.1,10,7.61577310586391,2.12929245849136,1.80176386723244,11.5012791870306,0.999922730132625,0.0920560289158973
"166",166,"bread",6433422761263104,5383595248058368,3.92857142857143,5.57142857142857,4.71428571428571,14,16.4924225024706,4.40504901773717,1.79290680195516,13.2369970721781,0.999934824126756,0.0236785409661037
"167",167,"bread",6438206822154240,4803814508986368,6.30769230769231,7,6.69230769230769,13,6.70820393249937,1.98349649565298,1.89733418037789,11.7384162843398,0.999919053718359,0.00885024655815975
"168",168,"bread",6445791277219840,6321989268537344,2.66666666666667,4.88888888888889,3.66666666666667,9,3.16227766016838,0.637830647090205,1.79656717781716,9.06444303896495,0.999966287112356,0.384402829317744
"169",169,"bread",6447242103750656,4576082256723968,5.77777777777778,6.89166666666666,6.44444444444444,9,7.28010988928052,2.16661579181532,1.81994935650656,10.8999064536132,0.999925858253558,0.118789894525723
"170",170,"bread",6462238451826688,4785026795307008,5.5,7,6.25,4,7,2.98778801474931,1.81720806698914,12.3306341695977,0.999922536906357,NA
"171",171,"bread",6478436367335424,5114910465851392,5.82352941176471,6.58823529411765,6.23529411764706,17,8.54400374531753,3.60466593219011,1.82449554366826,12.6380550274477,0.999918355673101,0.00639824840304331
"172",172,"bread",6481629813932032,5812575105187840,2.375,3.375,2.875,8,6.08276253029822,1.14940479960955,1.82133258531857,13.2714189263211,0.999941861854532,0.151323014373082
"173",173,"bread",6481629813932032,6358669409124352,5.2,6.7,6,10,8.94427190999916,4.07747961185584,1.8202625445027,12.2831487957033,0.999927454313702,NA
"174",174,"bread",6489874741854208,6239885008568320,4.33333333333333,6.2,5.26666666666667,15,9,4.00497271521404,1.80644717969312,13.6535972037529,0.999913629879596,NA
"175",175,"bread",6496685050036224,4813826077753344,6.14285714285714,7,6.71428571428571,7,7.07106781186548,1.7697774240253,1.83068356392832,11.8834335581079,0.999931173646002,0.117007497675094
"176",176,"bread",6496685050036224,5725384249180160,5.86666666666667,6.73333333333333,6.33333333333333,15,9.4339811320566,2.52598652029838,1.82763401722591,11.7113476758819,0.999927245521118,0.0102213710431331
"177",177,"bread",6509840027353088,5248072961490944,5,6.69230769230769,5.84615384615385,13,8.24621125123532,2.47829730069719,1.80005765239806,10.7468177569,0.999946927976687,0.139212919186237
"178",178,"bread",6510861294239744,6701024460931072,6,7,6.5,4,10.0498756211209,4.06251739268147,1.84400153484903,12.4063302372155,0.999921002364157,0.0250476059731074
"179",179,"bread",6512979614892032,5211894585491456,5.6,7,6.4,5,5,1.10595240313815,1.85014607393977,10.8393424198307,0.999956189218731,0.290319323185776
"180",180,"bread",6542276559896576,5059619024011264,2.88888888888889,5.44444444444444,4.11111111111111,9,5.3851648071345,1.16083517018058,1.8132618471044,14.1092508021124,0.999938958238047,0.257516282229309
"181",181,"bread",6559041377533952,5572000900710400,6.07692307692308,6.92307692307692,6.53846153846154,13,13.0384048104053,4.5910860299317,2.11053435257441,13.4349741045444,0.999912664548614,0.00702128239206764
"182",182,"bread",6563035751645184,4893404058091520,5,6.78055555555555,6.11111111111111,9,6.40312423743285,1.22541108799261,1.81215323413246,12.7636919683797,0.999914945494721,0.089547402994563
"183",183,"bread",6589787022557184,6384812522733568,6.57142857142857,7,6.85714285714286,7,6.70820393249937,1.69314018109079,1.81146789399512,10.4248449963091,0.99993477514635,0.16189657942026
"184",184,"bread",6618717385392128,6415962309918720,3.77777777777778,5.33333333333333,4.55555555555556,9,8.60232526704263,3.12613806353966,1.77427126831375,13.2467186589244,0.999934578617386,0.0949732134895201
"185",185,"bread",6621407440011264,6288081978130432,2.28571428571429,3.42857142857143,2.85714285714286,7,3,0.519715257017079,1.79456991491622,9.05907581763783,0.999975414410581,0.503972985621089
"186",186,"bread",6625968498147328,6137759578193920,6.33333333333333,6.88888888888889,6.66666666666667,9,4,1.43617937351715,1.84522081461176,10.0896677495454,0.999935343011435,NA
"187",187,"bread",6626243346694144,5867716999118848,3.33333333333333,4.66666666666667,4,6,5,1.41326028024641,1.81666138693419,11.8648290108885,0.999954370277072,0.236330295900117
"188",188,"bread",6665264559030272,6139959394172928,4.66666666666667,6.55833333333333,5.66666666666667,9,5,1.63468774632683,1.80488693585483,11.1588322872475,0.999923778496157,0.0673012187780177
"189",189,"bread",6669494766272512,5948753066328064,3,5,4,8,3.60555127546399,0.650426344753377,1.81558022247567,11.2498139268792,0.999936618686992,0.245846649771381
"190",190,"bread",6688507328200704,5998211846111232,5.75,6.83333333333333,6.33333333333333,12,5.09901951359278,1.14065629895824,1.80737242115467,9.86912612799266,0.99995564561461,0.295610636437358
"191",191,"bread",6702236426043392,6690949004525568,4.69230769230769,6.23076923076923,5.46153846153846,13,3.60555127546399,0.511486622076245,1.81230952966376,10.2606496716183,0.999969231579231,0.484480509568863
"192",192,"bread",6703616133955584,6112946063147008,1.90681818181818,3.09090909090909,2.45454545454545,11,3.16227766016838,0.569404973218695,1.80462164885752,11.7061367654093,0.999955627188087,0.434700530659557
"193",193,"bread",6713282566029312,6279235247276032,3.85714285714286,5.57142857142857,4.57142857142857,7,7.07106781186548,2.36984937801679,1.87231463344092,12.1925091867499,0.999913145759687,NA
"194",194,"bread",6718722540568576,4773339434319872,5.83333333333333,7,6.5,6,8,1.6797778303657,1.82943184414838,13.7933356691383,0.999928306157872,0.151356749697565
"195",195,"bread",6727718769000448,4868310611001344,5.14285714285714,6.57142857142857,5.85714285714286,7,6,1.91314149349722,1.83946600614959,12.5477861853227,0.999913962624152,NA
"196",196,"bread",6741019460632576,6720390380388352,3.2,4.8,3.9,10,7,2.16466133871708,1.79154537787336,13.2233293147582,0.999928173579446,0.0535966539285318
"197",197,"bread",6744448807469056,5739182150385664,2.14285714285714,3.57142857142857,2.71428571428571,7,5,0.669956612498089,1.81135804478129,11.9928347538213,0.999970206161414,0.611348026431693
"198",198,"bread",6747649485045760,6749654328803328,4.42857142857143,6.14285714285714,5.35714285714286,14,4,0.815611298570631,1.83090779493059,10.3477236662903,0.999965986291646,0.545047842069768
"199",199,"bread",6749882679296000,5683149088489472,2.85714285714286,4.42857142857143,3.57142857142857,7,8.06225774829855,3.80995082736065,1.77661490641742,13.6142618280325,0.999919551561707,NA
"200",200,"bread",6750208023068672,4838273455226880,4,6,5,9,8.06225774829855,3.53714312747212,1.79389292623645,11.8008181463365,0.999930302776426,NA
"201",201,"tree",4507637007777792,5506359007117312,3,4.53846153846154,3.76923076923077,13,7,1.54538027841416,1.82172800340405,11.221970646593,0.999917089588182,0.00681438457130015
"202",202,"tree",4514498452914176,5045351679524864,3,5.375,4.125,8,5.8309518948453,1.31860171926812,1.817528497857,12.0937505095296,0.999935084786865,0.229179433018671
"203",203,"tree",4558391374512128,6704110596259840,3.3,5.4,4.4,10,8.06225774829855,1.89846922284642,1.79244958103417,11.0536817991203,0.999927366943742,0.0767946064419591
"204",204,"tree",4559700781694976,6691873160691712,3.25,5.375,4.375,8,3,0.568696393162536,1.80604787824442,10.7008325911165,0.999960528753552,0.440284763728961
"205",205,"tree",4580306881347584,5174745467191296,2,2.85714285714286,2.42857142857143,7,4,0.626509044013976,1.80479493766543,12.0140280410983,0.999945252228782,0.221474193674094
"206",206,"tree",4592989026385920,5001874006605824,2.7,4.2,3.4,10,6.08276253029822,1.40431033111864,1.79647858682225,11.8414312076501,0.999930820943829,0.110706331261258
"207",207,"tree",4592989026385920,5086907564294144,4.38461538461539,5.84615384615385,5.07692307692308,13,8.54400374531753,1.32348816555424,1.80833157029274,11.8439796708016,0.999940749869392,0.239794447915046
"208",208,"tree",4604872747909120,6580511281512448,5.5,6.7,6.1,10,5,1.03393890455207,1.78761399419618,12.0386503180151,0.999937515567827,0.292001255729352
"209",209,"tree",4607559971373056,5835679013535744,2.25,3.83333333333333,3,12,8.06225774829855,1.68356928983851,1.80882720648193,11.2169655491961,0.99993977535712,0.24251566829018
"210",210,"tree",4646404377018368,6681960573304832,2.07692307692308,3.30769230769231,2.69230769230769,13,6,1.03086808064724,1.81736577492318,11.9698282724938,0.999932215830783,0.225862180299353
"211",211,"tree",4656344177049600,5687001888063488,2.49791666666667,3.66666666666667,3,12,7,1.90694238966697,1.80927614933479,10.5921380595834,0.999936376240098,0.121751937931154
"212",212,"tree",4659614236803072,6393343753846784,3.07692307692308,4.84615384615385,3.92307692307692,13,3.60555127546399,0.539516383289753,1.80837427649573,10.8375780520842,0.999960944624851,0.487979223275
"213",213,"tree",4661648457465856,5022978049835008,4.11111111111111,6.11111111111111,5.22222222222222,9,4,0.403970807275159,1.8083225157048,11.0027140701562,0.999956455497791,0.454897639837462
"214",214,"tree",4667853879902208,6346891920932864,5.33333333333333,7,6.41666666666667,12,8.24621125123532,2.00326025254916,1.85451169206566,10.9364736690601,0.999926470756325,0.129282322818988
"215",215,"tree",4707338638327808,6739835475722240,3.77777777777778,5.55555555555556,4.66666666666667,9,4.12310562561766,1.12321264926128,1.80176538069142,10.8687742546116,0.999936340512129,0.193188139188572
"216",216,"tree",4708881638883328,5367125659090944,3.5,5.57142857142857,4.57142857142857,14,6.70820393249937,1.67139760883717,1.75752673212249,11.1429511313398,0.999936890111102,0.163898670616013
"217",217,"tree",4721944261820416,5794425110265856,5.125,6.625,5.875,8,6.40312423743285,1.12365585573194,1.81222542265593,10.9984625398186,0.999931432344817,0.184559023339365
"218",218,"tree",4730719286853632,5325080026415104,1.69230769230769,2.92307692307692,2.23076923076923,13,3.60555127546399,0.827844905441092,1.81139895630191,12.066639461272,0.999939479672789,0.228167738332797
"219",219,"tree",4733652242006016,6427475242385408,3.28571428571429,4.71428571428571,4,7,7.81024967590665,1.17639543959676,1.79353773121718,9.94523521060483,0.999953654257968,0.483194553508778
"220",220,"tree",4742438486802432,6227319846862848,4.08333333333333,5.58333333333333,4.83333333333333,12,4.24264068711928,0.86451430017603,1.82468807554877,10.6159155134363,0.999941341150846,0.132037758687233
"221",221,"tree",4746912655736832,6346891920932864,7,7,7,15,7.81024967590665,1.59599453494347,1.82207902070497,10.4595797335465,0.999934040028462,0.160093131953689
"222",222,"tree",4754237751820288,6231969887158272,4,6.25,5.25,12,7,1.05616644452781,1.79712183297838,10.0927441293203,0.999946370321924,0.286833832609421
"223",223,"tree",4771622672138240,6399144027488256,2.4,4.8025,3.5,10,4,0.508292469774623,1.7952217770693,10.2906566439016,0.999955886982429,0.502482732138988
"224",224,"tree",4777250606022656,6728984358289408,6.42857142857143,7,6.71428571428571,7,7,1.00851775574237,1.78690439410806,10.1267844165075,0.99995168819127,0.309153559472818
"225",225,"tree",4781795235069952,6629514828316672,6.125,7,6.625,8,5.8309518948453,1.26510797446389,1.82665533630883,9.95808655617668,0.999937077691624,0.216937889640969
"226",226,"tree",4793407400574976,5021520449503232,1.5,2.3,1.9,10,5,0.991880009771263,1.80945592891136,11.8545300541391,0.999934279551054,0.244509830544582
"227",227,"tree",4808756976156672,5394944229376000,5.63636363636364,6.81818181818182,6.27272727272727,11,6.32455532033676,0.979414762370786,1.80116008791924,10.1964055190206,0.999946954819602,0.265064912536451
"228",228,"tree",4833264831299584,6299933638393856,1.85357142857143,4.28571428571429,3,7,6.08276253029822,0.787928083970488,1.81763548555523,11.8111758434101,0.999947338082761,0.300834403171042
"229",229,"tree",4834441937551360,5745391112814592,4,6.5,5.5,8,10.0498756211209,1.57727308078874,1.82333428873082,12.4743511532516,0.999941769832769,0.195719168068481
"230",230,"tree",4863967757336576,5347951129919488,2.4,6,4.2,5,9,1.51117003327283,1.76016609473274,11.3520506069184,0.999929378971353,0.147681279390262
"231",231,"tree",4866146731819008,5708735160778752,5.66666666666667,6.88888888888889,6.33333333333333,9,4.47213595499958,0.73656087906599,1.81562359286295,11.1720239448811,0.999947745624759,0.349809711927303
"232",232,"tree",4875814367657984,5252928635928576,2.375,4.75,3.5,8,4.24264068711928,0.960882715359762,1.81599111663571,10.5539683906143,0.999941067228029,0.205072958197467
"233",233,"tree",4883105863172096,6073022391779328,5.5,7,6.25,4,6.70820393249937,1.1326962971283,1.82396221221474,11.2512383023752,0.999941549997255,0.266691520666242
"234",234,"tree",4929169806852096,4841224265531392,3.6,6,4.9,10,8.60232526704263,0.617065030562358,1.80049663545478,9.58633447885218,0.999960372879124,0.521609845785243
"235",235,"tree",4942365473112064,4616725163147264,2.425,4,3.14285714285714,7,10.1980390271856,1.5669648457423,1.80954343455508,11.9751472991413,0.99992277424782,0.12374341182044
"236",236,"tree",4948287830360064,4573178275823616,7,7,7,6,9.21954445729289,2.67600870834591,1.76738007721246,11.0312501071389,0.99994612031012,0.217193946336696
"237",237,"tree",4962187703484416,5432947106643968,3.83333333333333,5.25,4.5,12,5.3851648071345,0.978732077532877,1.83096447561077,11.034831839632,0.999931914267122,0.249472691514409
"238",238,"tree",4964647931215872,5411631251062784,4.5,6.125,5.25,8,8.24621125123532,1.69727675032159,1.80344389088375,11.2764438986764,0.99995013365333,0.246465811152799
"239",239,"tree",4969273292226560,5914595644407808,5,7,6,6,7.81024967590665,1.42525740179623,1.80872012286057,11.4728940655743,0.999924645905872,0.167065569339519
"240",240,"tree",4972097820426240,6424964968218624,5,6.44444444444444,5.77777777777778,9,4.47213595499958,0.636319110770826,1.80370794620197,10.642464543616,0.999950704541582,0.313611726124652
"241",241,"tree",4975705777504256,4891858939412480,3.25,5.25,4.25,8,6.40312423743285,1.11897184199243,1.81164417685123,11.1841664924044,0.999934286831918,0.156508543366405
"242",242,"tree",4975705777504256,6110962455150592,5.36363636363636,7,6.45454545454545,11,6.70820393249937,1.40264021984964,1.81633363228785,11.0865486456396,0.999938993998491,0.227672448758042
"243",243,"tree",4993606987284480,6215830910009344,5.58333333333333,6.66666666666667,6.16666666666667,12,4.47213595499958,1.01487136569596,1.83888984655648,10.2412797278987,0.999942381957795,0.226665803186475
"244",244,"tree",4994591117803520,6102497246576640,2.5,4.378125,3.5,8,5.65685424949238,1.19787003821583,1.79805277624725,11.5097484613842,0.999944164082649,0.290838207063197
"245",245,"tree",5009873450303488,6279764618772480,3.77777777777778,5.88888888888889,4.88888888888889,9,6.40312423743285,1.02998141568373,1.79108291234421,10.2230334746503,0.999938913622099,0.200155772438018
"246",246,"tree",5037475460284416,6605035263754240,2.9,4.3,3.7,10,6,1.40113934629303,1.80635774582778,11.5473210864141,0.999936619884668,0.157226565477673
"247",247,"tree",5039160815517696,5273307853094912,2.5,3.753125,3.125,9,4,0.74625315985021,1.80997241434142,11.1591797379693,0.999943945174891,0.285701282170202
"248",248,"tree",5047015186628608,6209153632567296,3.9975,6.3,5.2,10,4.12310562561766,0.817244847318358,1.82323845334084,10.9846302516736,0.9999345167581,0.165358187019301
"249",249,"tree",5055632770072576,6179685941641216,2.5,4.25,3.33333333333333,12,4.12310562561766,0.931868586580344,1.82199321278039,10.980441602143,0.999933774123122,0.167103198002763
"250",250,"tree",5055707562901504,6749607969161216,3.45227272727273,5.54545454545455,4.54545454545455,11,9.4339811320566,1.62660163753345,1.82162880933127,11.6413961304578,0.999913889887353,NA
"251",251,"tree",5104298172088320,6005399176085504,2.5,7,5.25,4,8.94427190999916,2.1905016824342,1.85622697943372,10.9480447829233,0.999931664239179,0.101869494034122
"252",252,"tree",5107052588302336,5169473847820288,5.3,6.4,5.9,10,6,0.813514561822499,1.82337811450668,11.4166223603785,0.9999379481017,0.218342567508969
"253",253,"tree",5112301692649472,6337442959327232,4.42857142857143,5.78571428571429,5.14285714285714,14,7,1.1899023351736,1.83343649298036,10.9013532582902,0.999954353989243,0.395270060995398
"254",254,"tree",5113119821004800,4958919220789248,3.88888888888889,5.33333333333333,4.66666666666667,9,4.24264068711928,1.05458087725778,1.80150144541815,10.9367544865706,0.99993308744117,0.154798214573036
"255",255,"tree",5114250873798656,5060717059244032,2.58333333333333,3.33333333333333,3,12,4.24264068711928,0.96358959201704,1.81075767129401,12.3407035238618,0.999934811021175,0.144217969235081
"256",256,"tree",5118934401417216,5748403667468288,2.1,4.1,3,10,5,0.904327042463209,1.81149355252536,11.301883876767,0.999948897199917,0.259849592327195
"257",257,"tree",5129032486092800,4885966042955776,3.18181818181818,4.45454545454545,3.81818181818182,11,6.70820393249937,0.979357811383226,1.81685617775545,12.2092602417205,0.999941454025542,0.307961859348319
"258",258,"tree",5130195000360960,4640703244140544,2.4,5.1,3.7,10,6,1.23182937939586,1.83787327007773,12.5154998104986,0.999933257779853,0.153771266177658
"259",259,"tree",5130379159666688,4646269303652352,3.75,5.25,4.5,8,8.54400374531753,1.13859053881407,1.8049540934211,10.4183457353177,0.999943379524429,0.248646412169742
"260",260,"tree",5134134693330944,5254297275072512,3.57142857142857,5.28571428571429,4.42857142857143,7,6.08276253029822,1.10082682704385,1.76575118249316,10.3319961718139,0.999955886748339,0.327092811247744
"261",261,"tree",5134134693330944,6475540087177216,3.90909090909091,6.09318181818182,5.18181818181818,11,6,0.757193897494042,1.84367007899531,11.6728124721788,0.999939152275633,0.241437221082392
"262",262,"tree",5144799529140224,6285104324280320,4.23076923076923,5.925,5.15384615384615,13,8.54400374531753,1.26450302901583,1.81528364878817,11.411398747701,0.999941327131817,0.242218853864218
"263",263,"tree",5147511503192064,4860964920885248,3.25,5.75,4.5,8,3.60555127546399,0.667675700427736,1.7946257014091,10.6624908114958,0.999948367146456,0.218560768396326
"264",264,"tree",5148873020407808,5830302062608384,3.11111111111111,4.88888888888889,4,9,7.81024967590665,1.29823162099669,1.81143294018205,11.6400588792344,0.99992856868617,0.148754442174676
"265",265,"tree",5155894339829760,5725838915928064,4.375,6.125,5.25,8,6.32455532033676,1.64715952598181,1.81865191132627,11.5132646660093,0.999930389778226,0.130314936535981
"266",266,"tree",5161603961978880,6691046576619520,3.5,5,4.125,8,6,0.563985349011692,1.81090052900583,11.5618327850489,0.999949925700471,0.436130669588102
"267",267,"tree",5164092761309184,5899403510415360,2.33333333333333,3.33333333333333,2.83333333333333,6,5,0.80087968236272,1.81353570503236,10.1761719493531,0.99994806813908,0.256256405798102
"268",268,"tree",5168918907846656,5845843049447424,4.33333333333333,6.83333333333333,5.66666666666667,6,6.32455532033676,1.38899379407896,1.84725844748204,10.6486859159671,0.9999379643148,0.192447579997802
"269",269,"tree",5183192241799168,4753236034584576,2.66666666666667,4.44444444444444,3.55555555555556,9,7.07106781186548,1.08828321490987,1.80254540313864,10.9509865456091,0.999942078869902,0.253606772128834
"270",270,"tree",5183192241799168,6576084143308800,2.81818181818182,4.09090909090909,3.45454545454545,11,7,1.28288687149486,1.78041258135051,10.3778504085778,0.999945872719931,0.291799858395284
"271",271,"tree",5183785098280960,6704008519483392,2.8,4.6,3.8,10,3.60555127546399,0.657028954470613,1.81281416565623,11.5182926697303,0.99995280959629,0.375045817697225
"272",272,"tree",5188495888875520,5241475400990720,4.33333333333333,5.78055555555555,5.11111111111111,9,6,0.860294066905493,1.79128605093985,11.0755684741565,0.999955915153949,0.339447791026763
"273",273,"tree",5191090451775488,5540948224245760,5.2,6.5,5.9,10,5.09901951359278,0.890474222566302,1.81149808908637,10.491073757473,0.999950457210292,0.33006799167896
"274",274,"tree",5195205030445056,6725736373157888,5.83333333333333,7,6.5,6,10.295630140987,2.47513396993575,1.81131410425086,11.7403973397696,0.999933575255826,0.165327869778648
"275",275,"tree",5261627857305600,6658538187259904,4.83333333333333,6.33333333333333,5.66666666666667,6,6.40312423743285,1.47666034746338,1.84169909536988,11.7086367096313,0.999920199346236,0.137913071652023
"276",276,"tree",5264652575440896,5097736317698048,1.83333333333333,3.16666666666667,2.5,6,5,0.912675626255982,1.80538777828055,11.2998719870378,0.999933697769743,0.19480362094206
"277",277,"tree",5286518522380288,5859979330322432,4.21428571428571,5.93035714285714,5.07142857142857,14,6,1.35215080661428,1.77565114953797,10.87757117862,0.999934187887865,0.14536972356778
"278",278,"tree",5333845102559232,6475577814941696,6.14285714285714,6.85714285714286,6.57142857142857,7,4.47213595499958,1.19486098015793,1.84141144441216,11.1507404075572,0.999927608424326,0.1337914163107
"279",279,"tree",5378216153841664,4825033144795136,3.61346153846154,4.61538461538461,4.07692307692308,13,4.24264068711928,0.956772443903432,1.82561993394039,10.9268490555466,0.999932211331236,0.150176566384293
"280",280,"tree",5393230117994496,6606710670098432,4.2,6.2,5.3,10,8.60232526704263,1.66959473643306,1.82895072559847,10.907026633919,0.999925698880935,0.0138289193085751
"281",281,"tree",5397981056466944,5559823997337600,1.7,2.8,2.2,10,4.12310562561766,0.727628433263169,1.78524313372034,11.6007585406217,0.999960064667569,0.481667625589694
"282",282,"tree",5410446918025216,6311665287036928,3.55555555555556,5.66666666666667,4.66666666666667,9,3.60555127546399,0.68289472022341,1.83043915840751,10.5653742556355,0.999954066822854,0.307731089386278
"283",283,"tree",5416359288635392,4578476117983232,3.14285714285714,5.71428571428571,4.42857142857143,7,6.08276253029822,1.27381822470913,1.81129167357447,10.1305583756633,0.999960082546111,0.344355377475606
"284",284,"tree",5417418534944768,5708454767362048,5,6.66666666666667,5.83333333333333,6,3.16227766016838,0.63089969757974,1.80301840974471,9.78345569845395,0.999960601236929,0.346808875086796
"285",285,"tree",5427139807543296,5782657822621696,3,5.375,4.25,8,4.24264068711928,0.669117192539937,1.80573517256696,11.6372923249932,0.9999569766671,0.374599338642832
"286",286,"tree",5465383655964672,5708691795869696,4.6,6.3,5.5,10,5,1.17794874310249,1.83183146376287,11.1950586299271,0.999939273184131,0.229909709048805
"287",287,"tree",5481275638939648,5089586533367808,3.66666666666667,6.83333333333333,5.5,6,8.06225774829855,1.03995605476647,1.82860490870079,11.2877297948893,0.999921228078175,0.0901609622355136
"288",288,"tree",5484525100466176,6048833744142336,1.71428571428571,3.71428571428571,2.57142857142857,7,5.65685424949238,1.45897348077944,1.81091443148585,10.4244960532854,0.999945766181223,0.192366578565125
"289",289,"tree",5498678397632512,6098342918488064,2.75,3.83333333333333,3.25,12,5.09901951359278,0.755038270250386,1.8113627646173,11.6799668438888,0.999946363101915,0.335103609714244
"290",290,"tree",5502021924814848,5291858756370432,4.11111111111111,5.77777777777778,4.88888888888889,9,4,0.828698680525616,1.79997556794215,11.0910938099081,0.99994426828229,0.261233914734438
"291",291,"tree",5512375149002752,6085611746230272,1.88888888888889,2.77777777777778,2.33333333333333,9,4,0.77122438196369,1.8230632988414,11.9880015830257,0.999942273625142,0.227226897982674
"292",292,"tree",5532733088464896,6397449797107712,3.75,5.875,4.75,8,8,1.39104633186915,1.80256905838471,10.4576425573349,0.999938806109937,0.229352809131364
"293",293,"tree",5546023545995264,6055544374689792,6.1,6.9,6.5,10,7,1.35706913684175,1.81135342135627,9.70749469375854,0.999945168899846,0.445278847259796
"294",294,"tree",5577263649128448,5844517297061888,4.30769230769231,5.38461538461539,4.84615384615385,13,5.65685424949238,1.26646846080843,1.84762799559068,11.2209896064026,0.999925648256366,0.0985992137531095
"295",295,"tree",5579564220678144,5499033231556608,3.45454545454545,5.09090909090909,4.27272727272727,11,9.05538513813742,1.2442783822414,1.83024403189768,11.0792543577459,0.999938658726605,0.218060522270263
"296",296,"tree",5579984255057920,5039879870218240,4,5.5,4.75,8,6.08276253029822,1.02294377386992,1.8034017221286,11.7343389547314,0.999932317015326,0.175171531087326
"297",297,"tree",5591976898461696,4846112856866816,4.41666666666667,6.08333333333333,5.25,12,6.40312423743285,1.33304868747426,1.83821591346151,10.8392807714707,0.999921008184033,0.0894129819421745
"298",298,"tree",5595075864166400,6663567124201472,5.375,7,6.25,8,5.3851648071345,1.42593508614457,1.79662037589145,11.5115682396993,0.999935261511126,0.228987932143422
"299",299,"tree",5606326832988160,6425465445154816,2.5,3.5,3,6,7.07106781186548,0.817062937676026,1.8127589909953,10.3247895732488,0.999957470216633,0.46120488309857
"300",300,"tree",5644084460912640,6532474475642880,2.996875,5.125,4.125,8,6.40312423743285,1.83561264906856,1.79142227184154,11.411113299868,0.999923515213012,0.0546540597866854
"301",301,"tree",5646240689684480,5045330821251072,2.375,4,3.125,8,4.47213595499958,0.69570605033691,1.80880892461063,10.6512910909888,0.999959582147519,0.385385017647308
"302",302,"tree",5656537441763328,5847868126527488,5.44444444444444,6.78055555555555,6.11111111111111,9,7.28010988928052,1.97241439208488,1.82789770395207,11.62234383423,0.999920745759156,NA
"303",303,"tree",5656537441763328,6617903266791424,5,6.33333333333333,5.75,12,4.47213595499958,1.05132402180949,1.80511449253629,11.1052146607242,0.999932734073737,0.14214901791865
"304",304,"tree",5661171501760512,5966033485561856,5.14285714285714,7,6.28571428571429,7,4.47213595499958,0.778543967056968,1.8074365923177,10.4746676553417,0.999950711886934,0.277677239300157
"305",305,"tree",5675218632704000,4600726577741824,4.28571428571429,6.57142857142857,5.42857142857143,7,7.07106781186548,1.34487242735621,1.80064757844195,11.1309447902406,0.999922425325851,0.188158633550933
"306",306,"tree",5702695061028864,4875461744132096,2.3,3.9,3.1,10,5.8309518948453,1.1722657164018,1.81137205125321,12.0075077053037,0.999934822284682,0.232672621989553
"307",307,"tree",5706205446012928,5886855977369600,2.4,3.9,3.2,10,8,1.33505284504003,1.80162552645905,11.5281982385873,0.999939219686311,0.155034521650959
"308",308,"tree",5713569683341312,4917750214426624,2.63636363636364,4.18181818181818,3.36363636363636,11,6,1.18580709860228,1.83027986917788,12.6404048447877,0.99993217991975,0.111675907706038
"309",309,"tree",5715537835327488,6207996487008256,4.83333333333333,6.5,5.66666666666667,6,6.32455532033676,1.236584609002,1.77913020506506,11.1508234747465,0.999950230998107,0.238042127188321
"310",310,"tree",5717789341908992,6161991028703232,4.09090909090909,6.36363636363636,5.36363636363636,11,3.60555127546399,0.70258529821224,1.82664910971014,11.1363480589599,0.999947863345862,0.272213836915785
"311",311,"tree",5765477236211712,6221563919597568,4.41666666666667,6.58333333333333,5.66666666666667,12,6.70820393249937,1.35063241552287,1.85055715796853,10.9904225574425,0.999917573269921,0.0286823899824603
"312",312,"tree",5776773335744512,5920154254835712,2.42857142857143,3.86071428571428,3.14285714285714,7,8.06225774829855,1.5281111100362,1.81227789924095,11.6518219640242,0.999929061942191,0.124844931250328
"313",313,"tree",5777096410398720,5003158591897600,5,6.33541666666666,5.66666666666667,12,5,0.915772769222484,1.82918128344821,11.0003654718843,0.999948529810575,0.307726899233726
"314",314,"tree",5777096410398720,6123923475267584,3.15192307692308,4.61538461538461,3.84615384615385,13,6.32455532033676,1.14647475258968,1.80741040453915,11.1024914416393,0.999931938435005,0.209246136049734
"315",315,"tree",5796616957067264,5103641830621184,3.91666666666667,5.58333333333333,4.75,12,10,1.48867428201343,1.83642658653449,11.2260642094601,0.999924647883225,0.10346631918902
"316",316,"tree",5796616957067264,6715240580382720,3,4.36363636363636,3.63636363636364,11,7,1.41231173961521,1.79029240425554,11.8003120147598,0.99993291189853,0.11262894343404
"317",317,"tree",5819702553083904,6729583841771520,2.5,4.41666666666667,3.33333333333333,12,5.8309518948453,1.02683795851896,1.81071018618356,10.3831749575071,0.99994055707134,0.182057870969367
"318",318,"tree",5827807223480320,6031422261297152,4.125,6,5,8,5.3851648071345,1.26542624752208,1.79481083921523,10.3886791140318,0.999937382191932,0.242710656206656
"319",319,"tree",5841177574113280,5827807223480320,2.5,4.1,3.3,10,2.82842712474619,0.600608094159592,1.81731329829986,11.015126293466,0.999941524806093,0.232360281699609
"320",320,"tree",5841177574113280,6350651141390336,3.6,6.2,4.8,5,2.82842712474619,0.728851724663977,1.83527075413148,10.6721459228941,0.99993285464919,0.138107233191219
"321",321,"tree",5868475161509888,6469280705019904,2.83333333333333,5.83333333333333,4.33333333333333,6,4,0.542334726471267,1.80768839272658,10.19795753121,0.999957764443958,0.395634742356599
"322",322,"tree",5890820802609152,5195205030445056,3.36363636363636,5.18181818181818,4.27272727272727,11,4.47213595499958,0.998983704884176,1.80376500440601,11.126340682074,0.99992849973933,0.113110337038818
"323",323,"tree",5902174435409920,5574339447488512,3.88888888888889,5.88888888888889,4.88888888888889,9,12,1.83020793154692,1.81174463605515,10.6878302647859,0.999938468803904,0.103639579979769
"324",324,"tree",5904019270664192,5241475400990720,4.57142857142857,6.42857142857143,5.57142857142857,7,4.24264068711928,0.856926601876485,1.83094660352346,10.7724798101759,0.999934892044485,0.174642771980364
"325",325,"tree",5909216902512640,6176961757970432,6.25,7,6.75,8,8.94427190999916,2.3903213986226,1.85131110526928,11.4268971151808,0.9999395731099,0.0962551317565507
"326",326,"tree",5914386784845824,4840306753142784,5,6.4025,5.8,10,8.06225774829855,1.78670609388023,1.77607306170794,10.6730043662836,0.999936635950697,0.17346004193765
"327",327,"tree",5921583124185088,4626048664731648,3.45454545454545,5.72727272727273,4.63636363636364,11,9.05538513813742,0.613870057654599,1.80888297350101,11.2707472393692,0.999954317755057,0.408109834889777
"328",328,"tree",5926676749877248,4681674581344256,1.8,3,2.4,10,6.08276253029822,1.11519445283278,1.80110758991567,11.3028698713175,0.999939238692071,0.239857845229403
"329",329,"tree",5931543690215424,5402923842404352,2.99642857142857,4.71428571428571,4,7,5.09901951359278,0.79989068327343,1.81348962337343,10.6179656834976,0.999952991539823,0.351266803423543
"330",330,"tree",5939441929551872,6199291964030976,4.46153846153846,5.38461538461539,4.92307692307692,13,5.8309518948453,0.995010359228188,1.81026148230657,10.1289111916624,0.99995043897341,0.307924960479717
"331",331,"tree",5977442474786816,5726178365145088,6.15384615384615,6.69230769230769,6.46153846153846,13,8,1.71603852472862,1.80211982699478,10.1789870803307,0.999941157349259,0.351635479719312
"332",332,"tree",5997606327025664,5596979495174144,2.58333333333333,4.33333333333333,3.5,12,4,0.314846789949396,1.80076111819267,9.92586176910964,0.999970011966776,0.622993191284484
"333",333,"tree",6038139007139840,5100154451394560,3.875,6.25,5.125,8,7.61577310586391,1.39071776652081,1.83946999791783,11.5699764970585,0.999932134016467,0.181990174820379
"334",334,"tree",6042332719742976,5701759697682432,3.54545454545455,4.63863636363636,4.09090909090909,11,5.09901951359278,0.970456856851825,1.77829337099879,10.1912873985782,0.999943010794723,0.303545552131147
"335",335,"tree",6043760192389120,5715981408141312,2.8,4.5025,3.7,10,5.3851648071345,1.03530204224803,1.78023377794639,10.50090831594,0.999955287528279,0.343725678807895
"336",336,"tree",6045379915153408,4753257341648896,3.5,6.5,5.125,9,7.61577310586391,1.72947775248975,1.82155214072212,12.1201387517565,0.999913062558276,0.0750043728097183
"337",337,"tree",6047872673906688,5483012739301376,3,4.25,3.58333333333333,12,5.09901951359278,0.617477247185303,1.81645577923507,11.0795881427349,0.999961899770385,0.463789596094059
"338",338,"tree",6072476129820672,5584651693326336,5.4,7,6.2,5,5.65685424949238,1.15376454271196,1.82267532893532,10.3080213056322,0.999935164907537,0.205541919070987
"339",339,"tree",6098342918488064,4703567510241280,3.7,5.2,4.4,10,7.28010988928052,1.27392874893259,1.79805988883852,11.5310944941859,0.999937627366661,0.24601562198838
"340",340,"tree",6110006556491776,6117959091093504,4.69230769230769,6.07692307692308,5.46153846153846,13,7.61577310586391,1.76195344576115,1.80833077801913,11.4105639648051,0.999929343285693,0.216055042238463
"341",341,"tree",6131339407392768,4915355380088832,3.66666666666667,5.66944444444444,4.77777777777778,9,4.47213595499958,0.920997690705502,1.85255044511786,10.6184651129565,0.999940227830362,0.16655611847759
"342",342,"tree",6139330986770432,5553474576056320,4.55555555555556,6.22222222222222,5.44444444444444,9,5,1.09088093280514,1.81181476555955,11.2582321083841,0.999929866043335,0.0926205793387479
"343",343,"tree",6153645844332544,5877076991148032,6.36363636363636,6.90909090909091,6.63636363636364,11,4.47213595499958,1.09939458341657,1.82466751256603,11.7040165533252,0.999923129941306,0.109736888390096
"344",344,"tree",6165497533956096,5268265729261568,4.22222222222222,6.77777777777778,5.66666666666667,9,5.65685424949238,1.45433650637311,1.80486955780461,10.9521658021122,0.999925658996539,0.152946415237422
"345",345,"tree",6167007219154944,5766791022247936,2.2,3.6,2.9,10,7.61577310586391,2.04326002847146,1.81009415793788,11.3046985201007,0.999924369617188,0.0953845119353631
"346",346,"tree",6171554683551744,5525406348214272,2.88888888888889,5.55555555555556,4.22222222222222,9,7,1.29348754432643,1.82035008190094,11.550389437501,0.999938200849236,0.231309193184591
"347",347,"tree",6172709857787904,5586847570853888,3.72727272727273,5.27272727272727,4.45454545454545,11,5,0.632780579752015,1.81108623349481,10.7499511568746,0.999954613951342,0.442725326102273
"348",348,"tree",6203542975021056,5367574621585408,3.57142857142857,5.85714285714286,5,7,3.16227766016838,0.591483996712817,1.83303329360645,10.2924853240932,0.999948594568128,0.249732364052173
"349",349,"tree",6232507345272832,5200899423076352,5.57142857142857,7,6.28571428571429,7,6.40312423743285,1.67395240383053,1.83142781315678,10.9383507689572,0.999920483560396,0.0878797790820415
"350",350,"tree",6243335628914688,6381970412011520,3.35714285714286,5.07142857142857,4.21428571428571,14,5,0.799255636041218,1.80843191801518,11.3544709145499,0.999947335032792,0.375861796009583
"351",351,"tree",6250544093986816,5563124864253952,6.625,7,6.875,8,7.28010988928052,1.18458510266531,1.82914841779076,11.2264186110112,0.999923307475911,0.185079715502137
"352",352,"tree",6252463373942784,4523862182068224,3.22222222222222,5.88888888888889,4.55555555555556,9,8,1.43135255763382,1.84467637287364,11.7519494186165,0.999923027563165,0.103552769047545
"353",353,"tree",6264148910407680,6174156326436864,1.7,2.5,2.1,10,4.47213595499958,0.8001049054511,1.81099270315619,10.4183941696134,0.999952535695336,0.321971268259433
"354",354,"tree",6264404926529536,4609853571989504,5.14285714285714,7,6.28571428571429,7,5.8309518948453,0.952859850693691,1.80706724366262,10.0945887171075,0.999948078795046,0.271969448993153
"355",355,"tree",6270145355841536,6556114139217920,2.28571428571429,3.5,2.85714285714286,14,8.24621125123532,1.32973452600582,1.78366844727812,11.2082328742088,0.999943098030133,0.200415093407077
"356",356,"tree",6271033923338240,5775386208108544,4.93333333333333,6,5.46666666666667,15,6.40312423743285,0.911767591554586,1.81872429294025,10.8317737781198,0.999950150102564,0.32889302099466
"357",357,"tree",6296935361150976,5890793690628096,6.1,6.9,6.5,10,4.24264068711928,0.84996797854018,1.80562442243849,11.6134296345427,0.99992674443782,0.155999205120598
"358",358,"tree",6302376669478912,6585894687473664,4.36363636363636,5.72727272727273,5.09090909090909,11,5,0.682496874675941,1.80541488057149,11.7693918376064,0.999937067678083,0.266429687506978
"359",359,"tree",6307926773858304,5789507221716992,5.5,7,6.25,8,8.60232526704263,1.57648440027555,1.81547765382923,11.3669738966839,0.999943621010314,0.481539991993062
"360",360,"tree",6318835097403392,5877961469198336,3.28571428571429,5.57142857142857,4.42857142857143,7,5.65685424949238,1.51147884251137,1.83006430906707,11.2556663426862,0.999920743290933,0.030285329961253
"361",361,"tree",6323944921497600,6422416773349376,1.795,3.4,2.6,5,3.16227766016838,0.444854213906083,1.80722598479636,10.4874604471126,0.999955675476766,0.410442971952854
"362",362,"tree",6328795495661568,5057710124957696,4.55555555555556,6.00277777777778,5.33333333333333,9,7.28010988928052,0.997260001297976,1.80012072792626,11.4230596699219,0.999935346240075,0.238464910261966
"363",363,"tree",6329527238131712,6697642375512064,4.55555555555556,6.44444444444444,5.55555555555556,9,10.0498756211209,1.86415743998212,1.85102922907614,11.5185995797411,0.999922196560768,0.0965313315917109
"364",364,"tree",6331931224440832,6058036227473408,3.22222222222222,5.11111111111111,4.11111111111111,9,6.08276253029822,0.979848532887685,1.81193117683998,11.046437479585,0.999944971373001,0.282202952508612
"365",365,"tree",6338419292635136,5895470259896320,6,6.8,6.4,5,6.08276253029822,0.838370306919518,1.77009103135805,10.5638366292066,0.999950742638903,0.316850975535239
"366",366,"tree",6341537778630656,6585894687473664,4.55555555555556,6.22222222222222,5.44444444444444,9,6.70820393249937,1.55648533616812,1.77683776017723,11.2016523930888,0.999930779522194,0.270803374349155
"367",367,"tree",6343973360631808,6632018693586944,5.36363636363636,6.63636363636364,6,11,9.21954445729289,1.52284195604208,1.79941316109128,11.8730565436945,0.999935084560188,0.233197543463973
"368",368,"tree",6362162056396800,5411631251062784,3.63636363636364,5.90909090909091,4.81818181818182,11,5,1.21120319742623,1.81406113694498,10.427965703241,0.999948984702949,0.197823420000469
"369",369,"tree",6372027596275712,6067248483532800,4.85714285714286,6.28571428571429,5.57142857142857,7,6,0.892368053524079,1.78979513932719,11.7938448350824,0.999943281740216,0.321277667138714
"370",370,"tree",6381970412011520,4752045758218240,5.46666666666667,6.53333333333333,6.06666666666667,15,6.70820393249937,0.5897517269549,1.83158500810946,10.5149648578854,0.999948034200126,0.340583571434253
"371",371,"tree",6425465445154816,6747812828020736,2.85714285714286,5.42857142857143,4.14285714285714,7,4.47213595499958,1.0124392275607,1.84074246646128,11.4977005413521,0.99994233655701,0.184781134856056
"372",372,"tree",6433464687525888,5079657730801664,3.35714285714286,4.64285714285714,4,14,6.32455532033676,1.76755896146643,1.79667596951628,10.895222309325,0.999930369651286,0.207128389381375
"373",373,"tree",6435272415772672,6140366757560320,3.24791666666667,4.83333333333333,4,12,7.81024967590665,1.41264413983094,1.79186008555846,11.3001034205097,0.999935808223961,0.266449835746073
"374",374,"tree",6441286313705472,4800797361569792,1.5,3.375,2.375,8,4,0.613705758130088,1.81806392352621,11.2900480588753,0.99995020538073,0.303516852410726
"375",375,"tree",6471317173829632,6666180834099200,3,6.33333333333333,4.83333333333333,6,9.05538513813742,1.50727071974001,1.8361716685683,10.8509031007832,0.999942123791799,0.255104201759559
"376",376,"tree",6484200028897280,6740925642440704,2.2,3.3,2.7,10,3.16227766016838,0.474423606564545,1.80346861608932,10.7304170802006,0.999958024695082,0.424179222245595
"377",377,"tree",6487434462232576,6140366757560320,2.8,4.4,3.6,10,8.60232526704263,2.20780735558733,1.82243295056675,12.1171626430637,0.999916565628601,0.0351953545739279
"378",378,"tree",6492093763551232,5944161578516480,3.57142857142857,5.85714285714286,4.57142857142857,7,10,1.47437020957023,1.80675398625121,12.1473950487815,0.999940277146819,0.310209247793194
"379",379,"tree",6506105289048064,5877076991148032,4.55555555555556,6.11111111111111,5.33333333333333,9,5,1.02477759005897,1.8062176586748,11.4960802322113,0.999920194228704,0.158557506187942
"380",380,"tree",6509219673014272,5009873450303488,3.33333333333333,5.11111111111111,4.22222222222222,9,5,0.775708231983662,1.81278605762345,10.5631058817511,0.999960893732035,0.421187646011784
"381",381,"tree",6530589869998080,5584278081503232,4.5,6.375,5.5,8,6.70820393249937,1.08482020607346,1.81898617894453,11.5723556401312,0.99992439107514,0.0972156443884495
"382",382,"tree",6556725303836672,6129986647883776,4.6,6.3,5.5,10,5.65685424949238,1.29153125652053,1.8251389301379,11.5091680307721,0.999914658818949,0.0409292838209561
"383",383,"tree",6560186254753792,5009863518191616,5.33333333333333,6.83333333333333,6.16666666666667,6,6.32455532033676,1.11670865395174,1.81632479316297,11.2949951420082,0.999921897861169,0.135959747096987
"384",384,"tree",6571670984720384,5963324430745600,2.38461538461538,3.92307692307692,3.07692307692308,13,5.09901951359278,1.04281645434518,1.80514440696338,11.8572029236531,0.999931413909306,0.193039719657265
"385",385,"tree",6573084209315840,6410852137697280,2.75,6.5,4.75,4,6.32455532033676,1.39776549704565,1.8266718990639,11.166677157024,0.999932472987643,0.122187329623039
"386",386,"tree",6582563558653952,5044755949944832,5.58333333333333,6.58333333333333,6.08333333333333,12,7,1.2642887303277,1.81534230467564,11.6987916773873,0.999928208430356,0.131170495602695
"387",387,"tree",6592054090006528,5794692136435712,3.33333333333333,5,4.11111111111111,9,9.21954445729289,1.77453991990594,1.81395511193825,11.0161192157503,0.999929129337064,0.142356023753496
"388",388,"tree",6601115938324480,5103015675559936,3.72727272727273,5.90909090909091,4.81818181818182,11,9.21954445729289,1.85554442130996,1.82897140524903,12.2474181569553,0.999928522210597,0.156637805189958
"389",389,"tree",6603145708830720,4681674581344256,4.30769230769231,5.46153846153846,4.84615384615385,13,6.08276253029822,1.22670296226385,1.80117006790837,10.7232856554953,0.999931104125654,0.177843887112707
"390",390,"tree",6610673314299904,5623310995947520,2.64705882352941,3.82352941176471,3.23529411764706,17,8.06225774829855,0.983757698402896,1.80971038126161,11.4502556590108,0.999947849758036,0.334171312905953
"391",391,"tree",6618593166884864,5837754971717632,3.61538461538462,5.76923076923077,4.69230769230769,13,5,0.986453738352935,1.80356517022259,11.2098870418366,0.999932705603655,0.167462881609158
"392",392,"tree",6627380078575616,6324818322391040,4.8,5.8,5.3,10,5,0.818209699694181,1.80093261433738,10.4631268364969,0.999948119455488,0.251764176806672
"393",393,"tree",6659770427637760,5394857726050304,4.83333333333333,5.91666666666667,5.41666666666667,12,6,1.03769684082807,1.7660313808821,10.704655119594,0.999941684166354,0.251480806950809
"394",394,"tree",6663513084788736,4987385538412544,2.18181818181818,3.63636363636364,2.90909090909091,11,6.32455532033676,0.957090839719975,1.81090918410717,10.9302947227641,0.999947069577278,0.261246064483233
"395",395,"tree",6666113066729472,4917750214426624,1.5,3,2.16666666666667,6,8.06225774829855,1.08821269546292,1.81162006772781,11.8921280260385,0.999946277136827,0.220005017394558
"396",396,"tree",6684022107275264,5337229599703040,3.9,6.4,5.3,10,7.21110255092798,1.03821372187516,1.80260958489611,11.6735033248048,0.99993717165843,0.243649540410492
"397",397,"tree",6696130446360576,4748950617718784,7,7,7,4,6.32455532033676,1.26649297764481,1.814846935853,10.7195378068668,0.999942021361509,0.222490057939348
"398",398,"tree",6728665192726528,5776618662395904,3.15384615384615,5.15384615384615,4.15384615384615,13,8.06225774829855,1.1562022490432,1.8094408979446,11.4485299843848,0.999935180335707,0.221618319404495
"399",399,"tree",6731009435369472,5290741007908864,3,6,4.5,4,6.08276253029822,0.727533327469892,1.82478344539539,11.8506931455469,0.999933991267724,0.261302363626286
"400",400,"tree",6745743723331584,6094151017824256,3.5,5.08333333333333,4.33333333333333,12,7.61577310586391,1.39154370834589,1.83095620536791,11.5403637151805,0.999923874559708,0.133771672616121
