"","country1","country2","hausdorff","mahalanobis","euclidean"
"1","US","GB",111.577475504843,1.83690342644397,145.279110834494
"2","US","CA",110.281523934964,1.8484416162065,145.941747927537
"3","US","DE",110.870562713545,1.85236860953846,140.888781872107
"4","US","RU",110.434140509984,1.85288843090127,143.477065171117
"5","US","AU",107.707598286495,1.85529130036887,145.994591933435
"6","US","BR",106.616829597169,1.85386604904763,140.17236684641
"7","US","SE",116.491143000663,1.85334744796236,142.455837231988
"8","US","FI",109.479310198183,1.85119207999885,143.305690288318
"9","US","CZ",109.180246348146,1.85695490927509,140.021619082368
"10","US","IT",110.252724973714,1.86998376703334,139.512151275158
"11","US","KR",106.359783319066,1.84999030424516,138.920908167943
"12","US","FR",121.982571475387,1.86491529240321,139.302545551183
"13","US","PL",104.637483090342,1.85673588523218,137.027914112443
"14","US","TH",102.285479736662,1.84796496945651,146.033922085907
"15","US","PH",106.296224900365,1.84413887594369,142.650563348624
"16","US","SA",113.120873052818,1.86395308483413,142.825525030648
"17","US","HU",111.662088871936,1.84723144067674,139.60557349478
"18","US","NL",104.341994011705,1.83535823920686,141.91348491927
"19","US","ID",114.635612943554,1.85409106073572,144.071848625756
"20","US","RO",112.106659719627,1.87192183648401,137.041035427389
"21","US","IN",111.06134867598,1.85509158760615,148.312546221583
"22","US","SK",110.799399541456,1.86007396673715,138.33166294087
"23","US","VN",111.787699809045,1.8605871728608,139.75404173538
"24","US","JP",104.151391643187,1.83934019851244,144.30114283707
"25","US","AE",112.020455185001,1.85111300207583,143.416907924129
"26","US","UA",104.441098529418,1.86656425152393,139.323293373389
"27","US","TW",108.313208851601,1.8627508926196,140.249990726942
"28","US","MY",105.092582104752,1.84856589573233,144.517579783151
"29","US","NO",109.427301886707,1.84768124248378,138.506702495779
"30","US","HR",107.772383923737,1.86153043413081,135.132252434433
"31","US","IE",111.46493183725,1.84498364061082,145.423816266597
"32","US","NZ",110.375248684163,1.84500340005628,144.935673677173
"33","US","TR",113.083702589749,1.87887761489699,140.88813163806
"34","US","RS",117.150968910679,1.85820194557677,138.180306382661
"35","US","BG",113.970279381553,1.84159650095875,136.096126986628
"36","US","HK",108.556334318053,1.8396241395276,143.850115552628
"37","US","AT",108.110955305859,1.86028970665564,138.477670274359
"38","US","MX",101.504906961829,1.8475305693689,142.318415129448
"39","US","DK",106.325011420424,1.86302539806961,140.169947762161
"40","US","CH",102.681652830604,1.84553349366103,135.603846491249
"41","US","ES",113.252201207726,1.87957339515677,139.815701299811
"42","US","PT",113.0414813438,1.86410200696865,137.476235364585
"43","US","SG",110.917711150247,1.84894701127602,145.114232536848
"44","US","BE",107.623658307338,1.85389602030047,142.876362474357
"45","US","IL",114.433335860425,1.84409672138312,141.813713381665
"46","US","AR",108.117956510816,1.85241049333607,137.739506896936
"47","US","EE",107.490027774263,1.84466345428732,140.416593901763
"48","US","BA",112.062114083842,1.85381892715162,137.380575937915
"49","US","ZA",103.230365518814,1.84154376797746,143.731691530144
"50","GB","CA",110.992381699399,1.84278719558435,145.289058872893
"51","GB","DE",116.917737959683,1.86755199378682,142.85668406711
"52","GB","RU",112.079876594477,1.86404008151687,144.729435801425
"53","GB","AU",109.811402031489,1.85492018644026,146.534728342622
"54","GB","BR",111.097730708184,1.86855342186028,141.759909120913
"55","GB","SE",113.548847908366,1.86559135417537,143.378168883882
"56","GB","FI",102.824998498966,1.86156078013047,143.766924194253
"57","GB","CZ",115.597732188685,1.86868830822969,141.057200946212
"58","GB","IT",106.179972603868,1.88305580292555,139.695980831875
"59","GB","KR",103.488526760821,1.86166751161104,139.151499628831
"60","GB","FR",117.992642830172,1.87361697326222,139.6024051074
"61","GB","PL",104.700029249305,1.85853079050609,136.853020994274
"62","GB","TH",107.734679596418,1.84673343662422,146.061422146305
"63","GB","PH",104.236020916563,1.84694274464151,142.684626515401
"64","GB","SA",113.656802256875,1.88306705311181,144.148373219306
"65","GB","HU",104.621631404751,1.84429423056326,138.509764200396
"66","GB","NL",110.894241811607,1.83481004641266,142.531919074546
"67","GB","ID",107.565685290399,1.85531379854322,143.564990223287
"68","GB","RO",108.097241412703,1.87557235387433,136.777344788831
"69","GB","IN",106.923556549454,1.86119992438574,147.195925990951
"70","GB","SK",118.390410585236,1.87140730622723,139.72412754789
"71","GB","VN",104.995846535587,1.8704719812475,140.007306136508
"72","GB","JP",106.48278011641,1.847353615805,145.493747166251
"73","GB","AE",105.250281163534,1.86383063276489,143.043890878447
"74","GB","UA",105.003765254649,1.87431912547558,139.712948394135
"75","GB","TW",105.946382195291,1.87032111221998,140.240852489329
"76","GB","MY",106.12882045024,1.84571380205767,143.954956826993
"77","GB","NO",111.889754297088,1.8631489761148,139.085132519062
"78","GB","HR",109.016676891375,1.86541784772303,136.009858687344
"79","GB","IE",110.029449221252,1.84790788660908,145.6895769647
"80","GB","NZ",102.339528864554,1.84312118559332,143.992603637213
"81","GB","TR",112.599109425064,1.87127688543931,140.955131926474
"82","GB","RS",114.659352608587,1.86672776742125,137.98363929984
"83","GB","BG",121.560499912313,1.87080608920141,139.017845878589
"84","GB","HK",110.185757311968,1.83662887731908,143.885580020356
"85","GB","AT",106.300509257057,1.86569264142306,138.476057629268
"86","GB","MX",102.687710114552,1.86192755586261,142.712148897581
"87","GB","DK",112.285621075845,1.86630556549288,141.769339577751
"88","GB","CH",113.724254075524,1.86002670701518,137.161148917819
"89","GB","ES",115.404236677197,1.86858582562315,139.711393131616
"90","GB","PT",115.188860085879,1.884053094278,139.004905342681
"91","GB","SG",106.954600702035,1.85331753999723,145.188721591569
"92","GB","BE",111.729142757177,1.84521570677233,142.68853993188
"93","GB","IL",113.698526821414,1.84930957030715,142.977088384067
"94","GB","AR",112.06081168615,1.86957812888641,139.487694142826
"95","GB","EE",108.760106028242,1.86407055183731,140.994442563454
"96","GB","BA",125.489187295175,1.86987652954032,139.85541838408
"97","GB","ZA",109.090793103902,1.84329725571106,145.285915790069
"98","CA","DE",112.265415929185,1.8655136478051,141.860239002703
"99","CA","RU",106.712232355734,1.85826096481504,143.071858697145
"100","CA","AU",109.150432326946,1.86909358144201,148.51397638878
"101","CA","BR",112.98185028237,1.86928415892829,142.357424373281
"102","CA","SE",106.398042481592,1.84895937268156,141.065994746042
"103","CA","FI",111.086523904333,1.86722089093871,144.844499548462
"104","CA","CZ",110.088143529962,1.87524620029523,140.542958331067
"105","CA","IT",115.385342659908,1.88589204465465,141.106926076245
"106","CA","KR",105.114823843515,1.86751981759277,139.913332134988
"107","CA","FR",123.599966144464,1.87719046914101,139.700910277577
"108","CA","PL",108.898454276589,1.86680540569507,137.386435240401
"109","CA","TH",108.374323197145,1.8570571931102,146.681977565696
"110","CA","PH",116.304233848653,1.86046484516559,144.184697701505
"111","CA","SA",108.16040377803,1.88587616103326,142.908356795121
"112","CA","HU",112.231711033766,1.85248946788462,139.557208380894
"113","CA","NL",119.932508756278,1.84594229215487,143.532254498694
"114","CA","ID",112.481664662826,1.85105333778235,144.173687812315
"115","CA","RO",113.358715518099,1.87087112450961,137.292861043919
"116","CA","IN",110.372054345041,1.85815800127292,147.680041528875
"117","CA","SK",113.665830827246,1.86045747952573,138.756772600714
"118","CA","VN",109.850198152726,1.86722250371428,140.477755132114
"119","CA","JP",106.350249877773,1.85501459678494,146.079120891987
"120","CA","AE",110.91558242737,1.87411876905328,144.500564788235
"121","CA","UA",114.888246058893,1.86722998048975,141.201685113515
"122","CA","TW",106.046937228659,1.85978957574334,139.560396024901
"123","CA","MY",108.326157817082,1.85531188879731,145.03050875687
"124","CA","NO",112.894169206963,1.85810542129326,138.972528866918
"125","CA","HR",117.35012239854,1.86107860118371,136.581157226058
"126","CA","IE",107.250950632281,1.85212771374694,145.786639824975
"127","CA","NZ",108.592053913039,1.86414071275996,146.134301751346
"128","CA","TR",110.448296796154,1.8635912301359,139.260891058357
"129","CA","RS",117.007776813697,1.85817426239681,138.71780820344
"130","CA","BG",119.016061647114,1.85635854322953,137.22143235964
"131","CA","HK",109.881582594018,1.84074349837494,143.928870115482
"132","CA","AT",108.340984213359,1.86570294889621,138.277956251069
"133","CA","MX",110.246054263807,1.8681650513989,143.637392559084
"134","CA","DK",111.765197254349,1.86791451681606,140.937490940819
"135","CA","CH",111.206255001095,1.85824976388572,137.34671531756
"136","CA","ES",116.089421851105,1.880496955294,139.97195870097
"137","CA","PT",117.708256997777,1.88886183771978,139.66677562891
"138","CA","SG",104.930953652754,1.85987309312562,145.096518002327
"139","CA","BE",109.072746981473,1.85499040056677,142.668735065534
"140","CA","IL",112.4296739389,1.85230523303741,142.73856212526
"141","CA","AR",123.146348221774,1.86380982434748,140.898958316393
"142","CA","EE",108.242632414237,1.85338446451376,140.141474820878
"143","CA","BA",116.378405679262,1.85720830502758,138.555736692426
"144","CA","ZA",105.894284497792,1.84996665791085,144.178710189553
"145","DE","RU",110.517773257529,1.88183782357901,140.580831413812
"146","DE","AU",114.980285432024,1.88053950751815,144.14707483816
"147","DE","BR",101.491212752457,1.87599959034934,136.624978842898
"148","DE","SE",111.661013966656,1.85935612668987,137.70017769349
"149","DE","FI",112.874565454137,1.88722911873451,140.986278084546
"150","DE","CZ",103.615713365297,1.89079884461123,136.582623947951
"151","DE","IT",113.099262836952,1.88816434406379,136.363784944213
"152","DE","KR",107.660939988268,1.87492914591755,135.624667160324
"153","DE","FR",114.526319976922,1.88500808798583,135.252864078403
"154","DE","PL",99.9233657436048,1.88201369712613,133.858463846419
"155","DE","TH",124.018228824119,1.87037247188517,144.261622128101
"156","DE","PH",111.120615526963,1.84806856997698,138.460060499706
"157","DE","SA",108.217400228608,1.88651822589118,138.363104792516
"158","DE","HU",104.658564411202,1.88212598413837,135.848776414874
"159","DE","NL",118.038794940365,1.8512283949704,138.642385114285
"160","DE","ID",115.563488051825,1.87559734308051,140.398604801001
"161","DE","RO",101.989082115827,1.88265825008191,132.305796872831
"162","DE","IN",122.719568703991,1.89042481539415,145.848733669618
"163","DE","SK",101.809876953731,1.87721911221325,133.246110008448
"164","DE","VN",104.542857541806,1.89422818023938,136.621147439037
"165","DE","JP",112.899662550806,1.8613629442399,141.923186575581
"166","DE","AE",113.179217670098,1.88368375648436,139.893761256348
"167","DE","UA",101.014886298016,1.89359480651696,135.307513710336
"168","DE","TW",103.790089346504,1.87256585476227,134.734911480824
"169","DE","MY",113.87729895916,1.88439185843415,142.295945012987
"170","DE","NO",104.300053528799,1.87613085521077,134.457991939623
"171","DE","HR",102.754887008507,1.87038915635111,131.006019553713
"172","DE","IE",115.747186571713,1.8698250673654,141.582605779206
"173","DE","NZ",111.077590014803,1.8649375140024,141.497724882856
"174","DE","TR",109.940295865894,1.896264798992,135.891434978962
"175","DE","RS",103.136073501638,1.86554352472394,131.572862896472
"176","DE","BG",99.3102708777362,1.86446159082929,131.972452942966
"177","DE","HK",119.913355861345,1.85945865453764,140.893699008619
"178","DE","AT",102.414945151789,1.87953206916637,134.009706651962
"179","DE","MX",113.984589057871,1.87763322507005,139.506126862227
"180","DE","DK",106.126962441168,1.88093915201151,137.491827869956
"181","DE","CH",99.1992717624519,1.87027699085463,132.112262427214
"182","DE","ES",112.698478559126,1.89331907127205,135.714914266351
"183","DE","PT",102.291288662576,1.87241927229893,131.996574835059
"184","DE","SG",120.262984944907,1.8782926829134,143.261782225687
"185","DE","BE",110.444104838135,1.87020121829006,138.597122361429
"186","DE","IL",118.223619592967,1.8738035843907,139.65040902074
"187","DE","AR",107.192543200233,1.8843800415738,135.373174430754
"188","DE","EE",108.34322215739,1.87297014747461,136.499672530338
"189","DE","BA",100.485316367552,1.86764695409047,131.94414927621
"190","DE","ZA",113.939812076922,1.86970034849785,141.837948343641
"191","RU","AU",105.404300042341,1.86046058919195,144.806529384804
"192","RU","BR",104.807064145533,1.89059198148383,140.310595507827
"193","RU","SE",110.327042644615,1.87818631466548,141.697066453066
"194","RU","FI",108.717995728186,1.8748741054427,142.516653310751
"195","RU","CZ",99.8319496121601,1.88141885975426,137.849863541485
"196","RU","IT",105.746149250818,1.90302602619977,138.641202539465
"197","RU","KR",100.669440350874,1.87857842766271,138.26932841404
"198","RU","FR",112.607848249997,1.90802261053679,138.695853136067
"199","RU","PL",94.1973285224145,1.88778327608262,134.567235580572
"200","RU","TH",110.915268493479,1.86533882185671,145.129319678389
"201","RU","PH",104.333546181014,1.8627644865684,141.182456896233
"202","RU","SA",98.0387292326958,1.88262575138459,139.450606817361
"203","RU","HU",101.071030765553,1.87113316298235,138.097268207674
"204","RU","NL",113.719846770236,1.85330992165841,142.43031388304
"205","RU","ID",118.594270631687,1.87762285323473,144.019314070284
"206","RU","RO",107.139451774134,1.89019964781957,136.101218535994
"207","RU","IN",112.450319260611,1.86245125766294,145.866386513807
"208","RU","SK",108.793623664924,1.89185192062941,137.389534032334
"209","RU","VN",107.300278381112,1.89008877740062,139.654402434223
"210","RU","JP",101.816807315197,1.85328576480574,143.3014584466
"211","RU","AE",110.698666583471,1.87598195416774,143.164231235378
"212","RU","UA",108.566130678076,1.88458901982164,138.428980080545
"213","RU","TW",109.111708084025,1.88246463822042,139.776459722898
"214","RU","MY",105.098922133579,1.85148994178882,141.954069906006
"215","RU","NO",104.355848786423,1.87697603954099,137.412183390187
"216","RU","HR",101.352241716945,1.88753056304927,134.692499626783
"217","RU","IE",113.578128862438,1.85943747891274,144.382972773564
"218","RU","NZ",108.746171875217,1.85869161979838,143.663070358059
"219","RU","TR",109.448447622924,1.8846005551843,138.309634450862
"220","RU","RS",105.925550246884,1.88147246650536,136.061256596868
"221","RU","BG",106.701791002277,1.87536571144763,135.816370854367
"222","RU","HK",110.497854221473,1.86164033309458,143.407664398472
"223","RU","AT",96.3534702130541,1.87915766728413,135.814405271223
"224","RU","MX",112.297596333074,1.88220712275102,142.832911420253
"225","RU","DK",103.034251150162,1.88288896413881,139.854729004584
"226","RU","CH",97.0017915820412,1.87513734219663,135.407832411877
"227","RU","ES",103.657696245419,1.87885093649205,137.210923040856
"228","RU","PT",108.591432200899,1.89633835655122,137.822552127927
"229","RU","SG",114.038767098052,1.87318060708537,144.508168696629
"230","RU","BE",106.905370571734,1.86791366593108,141.495300402628
"231","RU","IL",104.628519961326,1.87104615650759,140.194105435013
"232","RU","AR",103.599680332252,1.87806935023148,138.493666285762
"233","RU","EE",113.135629890965,1.88165759451342,140.296278820329
"234","RU","BA",103.632978876245,1.89135646659456,136.282387841065
"235","RU","ZA",109.014786867914,1.87005307267279,144.079212704583
"236","AU","BR",116.018399362331,1.88361064369612,144.226769680317
"237","AU","SE",113.715194003109,1.86012627464482,145.299076371217
"238","AU","FI",111.6317823569,1.87212886756309,145.527304764026
"239","AU","CZ",114.805209389872,1.87479132871803,141.822263851874
"240","AU","IT",109.325794044799,1.88852221880182,142.010469963085
"241","AU","KR",107.861801286909,1.87792503924478,141.601989336076
"242","AU","FR",122.877297869407,1.90185520126253,142.631618583285
"243","AU","PL",106.987428154733,1.87847196573076,139.011126564386
"244","AU","TH",98.0190153530071,1.8650316797576,147.376338307899
"245","AU","PH",111.261307836565,1.86295275341316,144.598757783714
"246","AU","SA",107.580509724846,1.89046264335119,145.023363872619
"247","AU","HU",107.986687757747,1.86009494817355,141.474604663168
"248","AU","NL",110.525210103868,1.85431903388338,144.074469497706
"249","AU","ID",112.942657265715,1.863006579685,145.400572655179
"250","AU","RO",113.250374788068,1.88674991094049,139.859166788651
"251","AU","IN",101.723903372584,1.86825657257623,148.224089398731
"252","AU","SK",118.476594195589,1.87751353456848,140.846285033393
"253","AU","VN",111.687307085762,1.88052826883907,142.6401888226
"254","AU","JP",97.0691192518498,1.85743124790774,146.076430186795
"255","AU","AE",103.912909590193,1.87049004145359,144.515631900187
"256","AU","UA",110.016202497853,1.88971735268487,142.891418722813
"257","AU","TW",107.787520143186,1.87825986618985,142.21588872189
"258","AU","MY",108.594539310471,1.86617344508863,146.971754170296
"259","AU","NO",110.516643401684,1.86847766835765,140.781361606692
"260","AU","HR",112.15620071105,1.87836277627354,138.383465856471
"261","AU","IE",109.134278670624,1.85764136488519,147.394938005948
"262","AU","NZ",103.544500498122,1.86018825121277,146.342530475887
"263","AU","TR",120.320330110506,1.90048079913293,143.702086396511
"264","AU","RS",117.499702664769,1.8659829179179,139.809896595017
"265","AU","BG",125.803565345419,1.88506418939029,141.258766566602
"266","AU","HK",108.284780172108,1.84915035691186,145.254506521423
"267","AU","AT",109.214982678402,1.87525026818231,139.860159065107
"268","AU","MX",105.505029194746,1.87650990046629,144.628682825312
"269","AU","DK",117.2161103734,1.89156013967356,143.593155197597
"270","AU","CH",116.342639986634,1.88294878220656,140.650084301327
"271","AU","ES",118.682916452008,1.87315135014297,141.665726643331
"272","AU","PT",111.779407351158,1.89007973250704,140.5071929631
"273","AU","SG",98.6346196848222,1.85627556678834,146.142642641074
"274","AU","BE",110.572726067299,1.86101998763717,144.193260343025
"275","AU","IL",108.992296766566,1.8601855136036,144.177583623283
"276","AU","AR",113.864137820384,1.86382823191625,141.987642401149
"277","AU","EE",110.579709623586,1.87691182207012,142.655638477508
"278","AU","BA",115.913725665206,1.86902480619186,139.713092764234
"279","AU","ZA",110.578112035157,1.86548372969243,146.660867540062
"280","BR","SE",111.957810067254,1.88033943790962,140.064075960718
"281","BR","FI",109.2665531963,1.88072865886678,140.85257528353
"282","BR","CZ",100.631302376582,1.89044641252507,136.112713834099
"283","BR","IT",104.56417650514,1.89758349430243,135.859563947313
"284","BR","KR",98.7017464736627,1.87943990971409,134.979796132113
"285","BR","FR",108.179637119772,1.89833768500716,136.351330566723
"286","BR","PL",92.2405899863104,1.87112941582793,131.995282251461
"287","BR","TH",111.344896734275,1.86700913648354,143.154044411144
"288","BR","PH",101.594799251099,1.86302701729965,138.989770308919
"289","BR","SA",109.959061894529,1.88161207059336,138.337136900813
"290","BR","HU",103.548774638402,1.88113898869007,136.177229020568
"291","BR","NL",117.442857650987,1.86526218659999,140.432212912486
"292","BR","ID",115.075444879034,1.87899629370419,141.458614417905
"293","BR","RO",101.862892285177,1.88206634068049,132.911442597304
"294","BR","IN",121.482074183301,1.88902879554181,145.676106456693
"295","BR","SK",98.4271917957243,1.8786168189856,133.213733223103
"296","BR","VN",104.577823278052,1.895427217263,137.230582067372
"297","BR","JP",107.100983915464,1.86493241045593,141.383157220408
"298","BR","AE",108.866847518623,1.87055910537661,139.471039921141
"299","BR","UA",109.126640735074,1.90322138327457,136.747751986006
"300","BR","TW",105.512669242806,1.87907277649169,136.838078981765
"301","BR","MY",113.674571753536,1.86610222309497,141.967793101972
"302","BR","NO",96.2603246212716,1.88151904196968,134.455445274842
"303","BR","HR",101.81303770198,1.89340379743914,133.08919540655
"304","BR","IE",116.508786271368,1.88483488063881,143.063112689184
"305","BR","NZ",107.713981760348,1.87697001418394,141.46825520298
"306","BR","TR",103.7390767862,1.89576533633628,136.636859948561
"307","BR","RS",99.3638116398333,1.86990497115118,132.554373917147
"308","BR","BG",106.977155483228,1.87542583380552,132.727601443468
"309","BR","HK",116.067973464193,1.86264342464706,140.695714561456
"310","BR","AT",98.4498082549365,1.87761716477135,133.655037782546
"311","BR","MX",102.077007832272,1.86936744128624,137.855065674715
"312","BR","DK",104.337367615755,1.89631658921585,138.124074407278
"313","BR","CH",96.1395290450651,1.88202410983928,132.849261437075
"314","BR","ES",111.162717545879,1.89559624620056,136.300032294018
"315","BR","PT",108.618732223634,1.89020781759083,134.862076905885
"316","BR","SG",116.09608151157,1.85909979873931,141.966996203114
"317","BR","BE",107.994276164286,1.87407141781476,139.044308038048
"318","BR","IL",113.94524773735,1.87410712163461,139.645681645977
"319","BR","AR",104.667999933844,1.87572096203193,135.004139207762
"320","BR","EE",108.732485154355,1.87715382010454,137.890227286947
"321","BR","BA",106.330776652586,1.87610199710521,133.998171481646
"322","BR","ZA",101.367769546444,1.85623750688318,139.699862827407
"323","SE","FI",109.109184465777,1.87663801424143,140.669189040445
"324","SE","CZ",106.920651171427,1.88087744131051,137.760943837916
"325","SE","IT",105.688779500689,1.87622217781534,136.851582762584
"326","SE","KR",101.058651121412,1.86225895657456,135.783001159525
"327","SE","FR",109.194966208363,1.89050088066415,135.595603995549
"328","SE","PL",100.102369488148,1.8754089916592,133.707538023572
"329","SE","TH",110.764605302946,1.85542565066776,143.120359909181
"330","SE","PH",106.962671328459,1.85649408428308,139.946005776043
"331","SE","SA",114.882133001092,1.88449665361491,140.719312189083
"332","SE","HU",107.177088731623,1.865138867734,136.709079690123
"333","SE","NL",117.2234671568,1.86086844271309,140.769801282325
"334","SE","ID",118.635031948221,1.87544125881672,142.173733322016
"335","SE","RO",106.504521651987,1.87025494861447,133.401180263697
"336","SE","IN",110.508818564145,1.87384006665404,145.020822071356
"337","SE","SK",98.0934031972168,1.87050243106132,133.485572486176
"338","SE","VN",105.833114001442,1.8836551162882,136.898853065438
"339","SE","JP",114.401860139243,1.85961362287831,142.89213151244
"340","SE","AE",113.48282454744,1.87699677286663,140.972664510207
"341","SE","UA",105.869987965001,1.88116912376735,136.571979894968
"342","SE","TW",108.002366418361,1.86972739252842,136.777487569481
"343","SE","MY",114.828631159657,1.87063062012399,142.487649552124
"344","SE","NO",93.4334899994578,1.86448233064189,133.400537797443
"345","SE","HR",102.061738622837,1.87904351218091,132.997915451441
"346","SE","IE",117.571279187354,1.86358121123334,144.199026527222
"347","SE","NZ",108.287454569938,1.86217012597533,142.448106621147
"348","SE","TR",107.318214445073,1.88266722187438,136.405070194623
"349","SE","RS",109.649637525011,1.87473264460075,134.480755751543
"350","SE","BG",102.546377493628,1.8636685591992,131.634325207139
"351","SE","HK",107.836280858046,1.84067384315815,140.343269909916
"352","SE","AT",106.442292348626,1.86650210888046,134.408486660703
"353","SE","MX",107.441886212174,1.87179788256478,139.676371108818
"354","SE","DK",107.119690167719,1.87664138087788,138.294286868487
"355","SE","CH",103.959388937316,1.86924133559409,133.379108008773
"356","SE","ES",115.694632532122,1.87500107080026,135.987108685512
"357","SE","PT",111.67978369208,1.87853910056445,134.410603753821
"358","SE","SG",112.339271692705,1.85622239678275,142.662429255837
"359","SE","BE",110.747396648475,1.85800555648633,139.385077784054
"360","SE","IL",110.452050517861,1.85370673881855,139.317834816784
"361","SE","AR",111.558692316563,1.8722401296606,137.096551783786
"362","SE","EE",109.408808274116,1.87212656461537,137.349963616039
"363","SE","BA",107.063200004249,1.8604900189351,134.185672881833
"364","SE","ZA",111.459951384416,1.87253380795033,142.160702500422
"365","FI","CZ",105.765052982497,1.88162621316782,138.561384716038
"366","FI","IT",103.591627214247,1.88843749209958,137.909011387989
"367","FI","KR",104.658763007061,1.86515157064066,137.628121569382
"368","FI","FR",112.659939352717,1.88793469263201,137.676335593313
"369","FI","PL",101.582473546248,1.88393328746871,136.032879785694
"370","FI","TH",109.050107087777,1.85329386082651,144.378545366394
"371","FI","PH",102.068381114904,1.86481928146326,140.657179387682
"372","FI","SA",117.747420632372,1.87919962970065,141.647830616266
"373","FI","HU",107.199802199773,1.87553830619995,138.940346567713
"374","FI","NL",117.893290892689,1.86174605344065,142.733297286629
"375","FI","ID",110.404239577261,1.8823836867775,142.600401337297
"376","FI","RO",110.413444456445,1.88739297376889,135.598497084904
"377","FI","IN",113.547128927195,1.87508268215488,146.103173413606
"378","FI","SK",113.67765240331,1.88620156088744,137.97448289634
"379","FI","VN",104.814453472357,1.88496293824059,137.909733734298
"380","FI","JP",112.193598539681,1.86044794295226,144.241532492073
"381","FI","AE",115.083381026553,1.88411531964809,142.866451359796
"382","FI","UA",105.302848531386,1.89280641093174,138.521271157602
"383","FI","TW",107.213065133097,1.87883005102184,138.742587930986
"384","FI","MY",112.282420875334,1.8615579887433,143.432159783453
"385","FI","NO",103.698534876268,1.87205026204299,137.358022349382
"386","FI","HR",110.225611427916,1.89575189390637,135.996418795694
"387","FI","IE",109.124661286908,1.86918612730568,145.106585474607
"388","FI","NZ",104.662616016057,1.86091642336298,143.612060858633
"389","FI","TR",114.128668298425,1.89733014165025,139.87509661396
"390","FI","RS",110.848677764662,1.87388201497676,136.607414479327
"391","FI","BG",110.515093910909,1.87395807952651,135.81869897811
"392","FI","HK",113.390839621571,1.86388833236703,142.58330635221
"393","FI","AT",104.167515765818,1.88113242598825,136.926658849581
"394","FI","MX",107.722993535831,1.87412857566197,141.616341716521
"395","FI","DK",114.495742795052,1.89880741897518,141.335881735997
"396","FI","CH",110.791917848539,1.86845222796939,135.667660325622
"397","FI","ES",113.13657827331,1.89598519911816,138.812035595826
"398","FI","PT",111.394604205304,1.88025183984431,136.554175223372
"399","FI","SG",108.384053170192,1.87909165283832,144.579263660751
"400","FI","BE",110.69263617663,1.86739028881976,141.77510759895
"401","FI","IL",115.509038871112,1.87126330800863,142.357840836094
"402","FI","AR",117.796013266867,1.87829597449001,139.545125468189
"403","FI","EE",104.918631968803,1.87321899183849,138.792791074859
"404","FI","BA",112.904541632164,1.87476535925537,137.014417022376
"405","FI","ZA",103.669959092141,1.871835802068,142.860592502248
"406","CZ","IT",109.202260917507,1.89484489955493,135.81801158022
"407","CZ","KR",96.511066521601,1.86121557614334,132.523896667837
"408","CZ","FR",105.002696172275,1.89437466727435,133.711130929267
"409","CZ","PL",89.1442706202517,1.86661919443448,129.616175295982
"410","CZ","TH",114.581583946837,1.86349254967593,141.358947182416
"411","CZ","PH",114.456875293098,1.87304729861231,138.819277783641
"412","CZ","SA",108.976555387164,1.88256685397248,137.320591261442
"413","CZ","HU",98.824903247846,1.86835082563083,133.004618345843
"414","CZ","NL",117.228441598799,1.84126308374375,137.451738406583
"415","CZ","ID",114.504670190116,1.86905627824588,138.827806000325
"416","CZ","RO",95.5234588491739,1.87974696790987,129.967047525301
"417","CZ","IN",118.150033137271,1.86954943838191,142.29387900859
"418","CZ","SK",94.3551266901321,1.87692505461978,131.134063104602
"419","CZ","VN",99.3878399698019,1.88194939722231,134.326144620353
"420","CZ","JP",113.275090370339,1.85834203254049,140.187766418229
"421","CZ","AE",109.628973784426,1.87850610623473,138.726903300796
"422","CZ","UA",99.6635441001305,1.87877767825897,133.900311445667
"423","CZ","TW",107.008160960484,1.87882999921967,135.241745450545
"424","CZ","MY",111.750617899743,1.87702169574873,140.584631703971
"425","CZ","NO",91.3657267286735,1.86036488527492,131.543971819322
"426","CZ","HR",95.3203532275966,1.86997213572627,129.359166677878
"427","CZ","IE",116.53975087783,1.88445674855747,142.826315459249
"428","CZ","NZ",105.147218599522,1.86656735208801,139.883057621383
"429","CZ","TR",96.8997373768794,1.88856665239263,133.30196855813
"430","CZ","RS",89.5185657093662,1.8673178819743,129.327117850178
"431","CZ","BG",95.8933401907235,1.87025042426383,129.647352484039
"432","CZ","HK",115.032234646721,1.86744873608866,140.026929416465
"433","CZ","AT",98.1735743611107,1.87369927199525,131.763325846402
"434","CZ","MX",112.183584831041,1.8738658238405,138.751778283527
"435","CZ","DK",98.7702641214109,1.89156000655179,135.881298873564
"436","CZ","CH",101.618524010722,1.88239919338469,131.910218838152
"437","CZ","ES",109.244444310856,1.88808910842595,133.947265603599
"438","CZ","PT",105.817482674202,1.89003656571187,133.426736893192
"439","CZ","SG",116.272198470446,1.87197538112783,141.224504313388
"440","CZ","BE",103.506322393625,1.87042132297822,136.165333600747
"441","CZ","IL",108.847468954637,1.88072800683155,137.991890337201
"442","CZ","AR",107.124578887483,1.88447342545364,134.573374829903
"443","CZ","EE",105.381070177717,1.87220427902926,135.207051514614
"444","CZ","BA",93.8913484952744,1.87214052435605,130.279892755437
"445","CZ","ZA",113.968731746375,1.87998191256174,140.725443887756
"446","IT","KR",100.199880483658,1.8839984369415,133.498559818818
"447","IT","FR",109.903785826002,1.91524770145004,134.321241322259
"448","IT","PL",94.8279921053314,1.87774253036391,130.278610752303
"449","IT","TH",115.215502480675,1.88080227240829,141.866175664756
"450","IT","PH",102.109880872038,1.87996932220181,137.808227814545
"451","IT","SA",110.185249694127,1.89474241145933,137.222796366569
"452","IT","HU",94.816013100449,1.87969057411562,132.913629060597
"453","IT","NL",114.215450367991,1.8657509521379,137.783461037351
"454","IT","ID",109.61739923478,1.88856093604472,138.050970587073
"455","IT","RO",109.323203695651,1.91538819146113,132.849073089089
"456","IT","IN",114.537577819578,1.88294483388978,142.587956734847
"457","IT","SK",106.539608562975,1.89462129263362,133.516707815761
"458","IT","VN",101.302868790686,1.88380675134073,133.416457299499
"459","IT","JP",110.926639354135,1.88725121619724,141.307035362884
"460","IT","AE",110.24704300374,1.90381197048723,138.789463920134
"461","IT","UA",101.221544230706,1.89784563612064,133.906346789267
"462","IT","TW",103.784463426984,1.88563424252978,133.859623799302
"463","IT","MY",110.524246554564,1.88355215741818,139.566613620574
"464","IT","NO",100.463442998445,1.88224749933975,133.03125304278
"465","IT","HR",100.617080584762,1.88066723029242,130.544194716559
"466","IT","IE",113.271128480121,1.88690504251495,141.039964834679
"467","IT","NZ",105.862990288895,1.88394680355202,139.463105353023
"468","IT","TR",114.503426133831,1.90668835877287,135.167601037322
"469","IT","RS",111.68563640368,1.89268934128446,133.229036469905
"470","IT","BG",106.259008986914,1.88920030254905,131.022350525117
"471","IT","HK",110.153521566379,1.87504926636789,138.693839528981
"472","IT","AT",102.284687035463,1.8853348470491,131.677897872717
"473","IT","MX",106.007913124753,1.89204298376768,136.912925784375
"474","IT","DK",107.454744674039,1.8884411450746,135.668816021513
"475","IT","CH",102.19468017947,1.88419963488541,131.470430599456
"476","IT","ES",111.270031766108,1.89915195605481,134.377832043526
"477","IT","PT",103.270922766936,1.87927303448778,131.062822211375
"478","IT","SG",112.703272604411,1.88440254854683,140.362690704031
"479","IT","BE",115.825297381167,1.89251213849305,138.69533190595
"480","IT","IL",117.958585291642,1.8707052873929,137.508967977248
"481","IT","AR",107.16156613691,1.89134400748253,134.774735636669
"482","IT","EE",104.133671579836,1.88403981779935,134.605942881489
"483","IT","BA",105.706360901568,1.8776351082905,131.699881756225
"484","IT","ZA",106.087535279894,1.88790827948581,139.598310481232
"485","KR","FR",116.284595551999,1.87903763540248,133.995184816427
"486","KR","PL",97.143555998482,1.86135005523322,130.34482897445
"487","KR","TH",108.65478278457,1.86035438237363,141.682363393024
"488","KR","PH",97.0304931178143,1.84582198483189,135.416005641686
"489","KR","SA",102.459834734427,1.88705488958958,136.964771628148
"490","KR","HU",101.707046484627,1.85754793377683,132.755327985966
"491","KR","NL",114.615111822708,1.84734196578028,137.57456845061
"492","KR","ID",104.994486917092,1.87618278765687,138.68230527167
"493","KR","RO",98.1895410110705,1.85751753820015,129.486067684577
"494","KR","IN",112.051840885842,1.86190697677323,141.740646401616
"495","KR","SK",103.25311536143,1.8563987661424,131.15034349333
"496","KR","VN",99.7298229229166,1.86885108101772,133.199231147119
"497","KR","JP",102.163099373254,1.84867870159283,138.861036684267
"498","KR","AE",106.401159757623,1.87631270927245,138.289250980437
"499","KR","UA",99.7000432812903,1.86998833252634,133.326013924393
"500","KR","TW",98.5420677117633,1.85654981614662,132.833077486915
"501","KR","MY",105.866769628151,1.8624469669608,139.382313273051
"502","KR","NO",98.577091124963,1.85820839317146,132.080057273439
"503","KR","HR",102.191564722796,1.85772431628722,129.384613438218
"504","KR","IE",111.518165858559,1.87447677801048,141.056719330903
"505","KR","NZ",100.557973818365,1.85807837207584,138.919632524644
"506","KR","TR",107.09809253562,1.87223269752581,134.131007792645
"507","KR","RS",98.3876051555867,1.84913181802427,129.451773059853
"508","KR","BG",103.203603136888,1.85828696294421,130.06916932885
"509","KR","HK",103.199709926598,1.84846976388598,137.548347707735
"510","KR","AT",95.7089042080427,1.85375577827956,130.397036521864
"511","KR","MX",103.374831531165,1.87339026654525,137.928520399281
"512","KR","DK",108.827954221172,1.8772669391915,135.953354296752
"513","KR","CH",100.325870632416,1.84771598987606,130.825877428593
"514","KR","ES",97.8233110537646,1.86811211052497,131.850289068533
"515","KR","PT",104.752812851704,1.86546011452845,131.49586771147
"516","KR","SG",103.673197474559,1.86296754567909,140.052065519869
"517","KR","BE",106.546737308388,1.86877093206841,137.102395425039
"518","KR","IL",107.394752528342,1.85495465711178,136.318491150844
"519","KR","AR",102.144667737602,1.84942565510988,132.307307575996
"520","KR","EE",106.355963641692,1.87626270083249,136.288238864494
"521","KR","BA",102.609933636651,1.85804094647693,130.643253349222
"522","KR","ZA",96.553769118277,1.86326984017888,138.02885037562
"523","FR","PL",96.6496277133541,1.88269580723327,129.679592595302
"524","FR","TH",121.693673704996,1.88299399972577,142.201751717638
"525","FR","PH",115.089779955982,1.86797303830387,137.279876407869
"526","FR","SA",118.448451423572,1.90057815575783,136.83692389241
"527","FR","HU",107.610855577365,1.88324504029647,133.157398603971
"528","FR","NL",123.388209127321,1.86872124036967,137.143464116672
"529","FR","ID",123.595976931883,1.88921353669875,138.773717624966
"530","FR","RO",102.375579358524,1.88323625262886,128.799578143916
"531","FR","IN",118.785155110887,1.8950368166192,142.730932176612
"532","FR","SK",100.850195285212,1.87661121110915,129.058614317923
"533","FR","VN",113.789135930807,1.90782532359825,135.155246537232
"534","FR","JP",127.332707131972,1.87405225379815,140.659793754235
"535","FR","AE",111.058839247056,1.90217563665518,137.790900040906
"536","FR","UA",108.817065168366,1.90108190937189,133.257596510537
"537","FR","TW",107.288927241393,1.8845027842656,133.31069874039
"538","FR","MY",124.700428833287,1.88733836634578,140.441120425172
"539","FR","NO",100.50650460684,1.89012817582806,130.645401830937
"540","FR","HR",95.142227989682,1.88525288684437,127.660037219061
"541","FR","IE",128.41335149119,1.88768502919196,141.963232510319
"542","FR","NZ",120.017892901923,1.88323331805228,140.302265946354
"543","FR","TR",114.871442402787,1.89513370420505,134.057597862265
"544","FR","RS",108.746204022732,1.89174077464923,129.797636483919
"545","FR","BG",103.729126491543,1.88265699170399,128.336901612152
"546","FR","HK",119.76547883681,1.87905029833426,138.731155967549
"547","FR","AT",98.7146402561097,1.88350576475762,129.881732977685
"548","FR","MX",119.94160489759,1.88161629117778,137.630321699947
"549","FR","DK",111.99722427363,1.91177614935178,135.702794956527
"550","FR","CH",103.593994888951,1.88277716610908,129.370300636143
"551","FR","ES",123.462979416837,1.8959938104927,134.656353837812
"552","FR","PT",105.258017374878,1.88846574512589,129.891820959678
"553","FR","SG",128.909204736477,1.8724568242619,140.616024655924
"554","FR","BE",111.808656881752,1.89192170133709,136.978662142728
"555","FR","IL",121.044575998715,1.87764945175575,135.771643136441
"556","FR","AR",117.70995813348,1.90405413384852,134.386738470453
"557","FR","EE",114.525700786068,1.88455737212675,134.783657473292
"558","FR","BA",108.510534585879,1.89392574949186,131.02671267786
"559","FR","ZA",121.714871639875,1.88681959377888,140.426903294867
"560","PL","TH",116.512234488139,1.86992742189998,139.445299676474
"561","PL","PH",102.982691484361,1.85875792003992,134.785581062975
"562","PL","SA",105.798277726785,1.87930945011056,134.072551905062
"563","PL","HU",89.9449407286588,1.85584431775575,129.262150868389
"564","PL","NL",103.877547229576,1.8488599027523,133.600154580314
"565","PL","ID",113.750401877017,1.86228552792455,136.052156935809
"566","PL","RO",88.70399197812,1.88319303260957,127.083827924672
"567","PL","IN",114.833761423932,1.87461705670929,140.395384087989
"568","PL","SK",89.6345443032884,1.86559145532339,127.926910789196
"569","PL","VN",93.8428245241071,1.8833185956548,131.033699684994
"570","PL","JP",116.484821672527,1.86586615272186,138.383451075278
"571","PL","AE",110.638546595068,1.87311677371889,135.556106470355
"572","PL","UA",91.1013901096135,1.87501958214998,129.30603734151
"573","PL","TW",104.247779664347,1.87899239654737,132.902388856089
"574","PL","MY",110.792149443736,1.87097758681572,137.104936895736
"575","PL","NO",85.5216268275124,1.86473019827363,128.078315880169
"576","PL","HR",84.1293619501435,1.85656258229548,125.125850951029
"577","PL","IE",113.853275468659,1.8859679353959,138.591311913668
"578","PL","NZ",110.384448577578,1.86040036473903,137.102230528664
"579","PL","TR",93.0498872108227,1.8861574243544,130.463574669239
"580","PL","RS",91.6244324444476,1.87338194678351,127.248092826023
"581","PL","BG",84.4031818289124,1.86954711704082,125.839048136025
"582","PL","HK",113.84747825433,1.85534680834074,136.420458275982
"583","PL","AT",82.1761266808608,1.86446201686237,127.148451977555
"584","PL","MX",102.607820612063,1.8658792014926,134.260006063707
"585","PL","DK",95.6548904831765,1.87133477557405,131.034683308212
"586","PL","CH",81.8441949139701,1.86891481957495,126.179707062905
"587","PL","ES",97.3225954572372,1.8766854642209,129.933847043203
"588","PL","PT",95.8095517942955,1.88261529235712,128.745093908776
"589","PL","SG",119.602106003592,1.85800880087471,138.202292745972
"590","PL","BE",104.51443679491,1.86871294083158,133.982306192461
"591","PL","IL",109.35951059787,1.86443372958064,133.770662458378
"592","PL","AR",99.0642061825477,1.88371692199632,130.663921294491
"593","PL","EE",89.711107142581,1.86991487610653,130.8988119517
"594","PL","BA",93.6538532454044,1.87035064610308,128.122980354021
"595","PL","ZA",111.057010699375,1.87622560628271,137.53035664415
"596","TH","PH",105.787823521301,1.85511259151988,143.904036418905
"597","TH","SA",114.085201069414,1.86091966115076,143.755484057411
"598","TH","HU",121.936201763062,1.86758384669584,143.068141127047
"599","TH","NL",108.082980842483,1.85052149533896,143.886008252494
"600","TH","ID",107.733635411926,1.85222324785021,144.522908527382
"601","TH","RO",124.301517516829,1.87788737485347,140.620743017239
"602","TH","IN",101.371964553106,1.85783591097129,147.110924602721
"603","TH","SK",122.494811498423,1.86221331919176,141.106354862242
"604","TH","VN",114.487249320175,1.88073044209493,142.987099056534
"605","TH","JP",98.9346327673922,1.84716999742478,145.792390628967
"606","TH","AE",110.008488734251,1.85972003027321,144.324773010919
"607","TH","UA",118.461115690182,1.87372951542654,142.652936207526
"608","TH","TW",106.759695039448,1.86596803210401,141.493240967997
"609","TH","MY",104.894696875203,1.84866360484613,145.266832848578
"610","TH","NO",121.854410518435,1.86783216698825,141.99915759782
"611","TH","HR",117.800114842755,1.86870279379893,138.754527070867
"612","TH","IE",104.832892731176,1.83989802124159,145.379249917582
"613","TH","NZ",105.027753343084,1.85760987676911,146.723883390885
"614","TH","TR",116.471568542155,1.87915032466045,141.850268719843
"615","TH","RS",125.015691168452,1.86649561193907,141.272286004465
"616","TH","BG",128.109832455944,1.87728527674825,140.607226770357
"617","TH","HK",100.560854829501,1.8452613432693,144.168470898569
"618","TH","AT",119.807703452041,1.87346682943232,141.85355978037
"619","TH","MX",105.718129078702,1.86642313371288,144.367439668077
"620","TH","DK",117.647976226402,1.88137400562044,144.355422372731
"621","TH","CH",115.308301366097,1.86134515288022,139.64972191441
"622","TH","ES",123.981490170642,1.88798149138916,143.852154712102
"623","TH","PT",124.774127351353,1.88098839233411,141.212719687998
"624","TH","SG",98.6754532560972,1.86221452489535,145.918574708421
"625","TH","BE",111.746572868054,1.8532260658163,143.652219428919
"626","TH","IL",111.076711617207,1.852837430815,143.584136665757
"627","TH","AR",112.507054061105,1.86391568684896,141.198904635727
"628","TH","EE",115.038659553266,1.86555005962619,142.870097005652
"629","TH","BA",124.901384169343,1.8645586892648,140.842359721724
"630","TH","ZA",105.206587700071,1.86224693673704,146.068601824045
"631","PH","SA",115.545019814615,1.88235560204076,141.216078091813
"632","PH","HU",107.09340330322,1.85141427383226,136.813987302651
"633","PH","NL",109.378277538953,1.84228999037326,140.452899168552
"634","PH","ID",110.261388074794,1.8690725715195,142.678484670577
"635","PH","RO",110.571154118488,1.87779750724795,134.749003463674
"636","PH","IN",108.455468039153,1.86738803740818,146.089418208705
"637","PH","SK",110.013382034907,1.86031902022783,136.142891357773
"638","PH","VN",107.054508706259,1.86386415118865,137.908054563078
"639","PH","JP",108.186435909968,1.85780057604552,143.952213013061
"640","PH","AE",109.358028640968,1.87522977995232,141.90708222984
"641","PH","UA",109.951234688639,1.87263735327217,138.161988240242
"642","PH","TW",105.032369666297,1.86089934867895,138.038231133576
"643","PH","MY",112.997938002824,1.85438163104363,142.721542257463
"644","PH","NO",101.387982311258,1.86412368022609,136.483363292613
"645","PH","HR",104.084466205415,1.86345156459844,133.448021189085
"646","PH","IE",108.012117514862,1.85728089719625,143.578346908764
"647","PH","NZ",103.054807125146,1.85595214851935,142.345546013509
"648","PH","TR",118.745326820846,1.882701489794,139.504602382137
"649","PH","RS",113.092289543356,1.86406121392686,135.741790907735
"650","PH","BG",110.118558236432,1.86546590381902,135.062346221857
"651","PH","HK",108.514509113791,1.84848351462494,142.288830477413
"652","PH","AT",108.891680813982,1.87781747405391,136.409619201926
"653","PH","MX",95.8473381177639,1.86288118503646,140.626123072087
"654","PH","DK",109.095355014179,1.87151041889266,139.564114875333
"655","PH","CH",107.830547161114,1.85929467897384,135.480517288694
"656","PH","ES",113.058261382327,1.86643101460691,137.112451469145
"657","PH","PT",113.297068690338,1.87494597275877,136.627682325575
"658","PH","SG",103.585361290673,1.85720660318381,143.12452068794
"659","PH","BE",109.770674837763,1.85360894677203,140.737272206517
"660","PH","IL",111.765652771435,1.8504568282014,140.06870748147
"661","PH","AR",110.011768119124,1.86594666497664,138.070223987588
"662","PH","EE",107.20503126587,1.8654083066107,139.806619224269
"663","PH","BA",112.547943498147,1.8671420018957,136.756711509322
"664","PH","ZA",101.735824874859,1.85297798760978,143.083860447301
"665","SA","HU",105.411998197076,1.87335349123403,136.472070921306
"666","SA","NL",117.957674808344,1.858657849865,141.578811946226
"667","SA","ID",107.124889075369,1.87999426962204,141.373342181071
"668","SA","RO",103.900703520867,1.89287739872327,134.600088714654
"669","SA","IN",115.308718800369,1.8818447955165,145.502515187238
"670","SA","SK",107.419189910198,1.88282303302947,135.276188441063
"671","SA","VN",109.84479541192,1.90226384389427,138.569135211924
"672","SA","JP",104.031136178082,1.86974922971932,142.569885433761
"673","SA","AE",103.362491548073,1.87256470775471,139.319722201203
"674","SA","UA",106.859656985621,1.88770045177906,138.047209631994
"675","SA","TW",106.999763581415,1.87844217782099,136.928942499291
"676","SA","MY",107.918952855278,1.8691717262268,141.567629993755
"677","SA","NO",111.624050568478,1.8754673461528,137.071658239612
"678","SA","HR",110.107906155519,1.88219260327735,133.966432589314
"679","SA","IE",108.571905874879,1.87412951480758,143.333304977776
"680","SA","NZ",111.42788997826,1.88023654013991,143.492594832293
"681","SA","TR",108.262799618756,1.89475565168012,136.507293631887
"682","SA","RS",105.270774481844,1.88876938026772,134.245629254134
"683","SA","BG",119.524189030549,1.89547354684831,136.084124560459
"684","SA","HK",114.691602119456,1.86271827067064,142.272526549757
"685","SA","AT",105.191388756638,1.87969098252362,135.558550522511
"686","SA","MX",111.888604697514,1.8713179137128,140.237220646313
"687","SA","DK",100.949164797741,1.88432615458973,137.886431650097
"688","SA","CH",106.389442598954,1.89325156417344,134.896802002595
"689","SA","ES",108.437919341153,1.89189052846022,136.553489508283
"690","SA","PT",114.069516378545,1.89211417384332,136.231070777111
"691","SA","SG",107.592304138954,1.87010529283575,142.403106366768
"692","SA","BE",107.711485349045,1.87541159504086,139.885130139873
"693","SA","IL",109.487644961515,1.874089643486,139.365614925233
"694","SA","AR",114.177305934335,1.89591030690093,137.949404332108
"695","SA","EE",112.79914053732,1.87476665067526,138.998645414949
"696","SA","BA",104.784757713591,1.88289558970623,133.890285951293
"697","SA","ZA",111.812107427343,1.87019905578881,142.161071127336
"698","HU","NL",115.862351460517,1.85448044305211,138.105535899184
"699","HU","ID",112.389154905635,1.85050721038876,138.043097899321
"700","HU","RO",95.8803076779073,1.86343363398868,129.153731315557
"701","HU","IN",116.729293509534,1.86689053970028,143.021216473022
"702","HU","SK",92.344968860952,1.85412316084976,129.770009589638
"703","HU","VN",99.8300185050728,1.87371859157761,133.960901390951
"704","HU","JP",116.186319775644,1.84938934459829,140.40257246531
"705","HU","AE",102.330944067232,1.86283680059121,136.988601850143
"706","HU","UA",94.8994126505699,1.87681455658077,132.594075891711
"707","HU","TW",100.643759188747,1.8673834069072,133.732760761315
"708","HU","MY",108.993578073888,1.85845202785424,139.335740919029
"709","HU","NO",95.9776398158448,1.86595775891132,131.696627919278
"710","HU","HR",87.7065440167401,1.86451611180914,128.737726706587
"711","HU","IE",115.314374040559,1.86405593220539,141.045180990944
"712","HU","NZ",103.838303857182,1.8587175853482,139.377618369882
"713","HU","TR",102.185018397197,1.86680648483435,133.237708913439
"714","HU","RS",97.0743698729104,1.86684941589192,130.501960131046
"715","HU","BG",97.599286873224,1.86875634405164,129.851629325963
"716","HU","HK",116.257727295849,1.84776742793797,138.87182760017
"717","HU","AT",97.721467728351,1.86993219516349,131.787654145469
"718","HU","MX",102.389937810274,1.86034304340491,137.350393368887
"719","HU","DK",100.702186535636,1.87547412863808,134.106512432711
"720","HU","CH",102.279371123552,1.87889883950595,131.944343609664
"721","HU","ES",103.935632019889,1.86850039493309,132.257284137913
"722","HU","PT",99.2399740142788,1.88070481342493,131.790242706994
"723","HU","SG",118.850522171016,1.85388054179134,140.840621124566
"724","HU","BE",103.992633808011,1.87201348101032,137.528481094092
"725","HU","IL",108.430856807156,1.85697088413007,136.278610286232
"726","HU","AR",104.667861014513,1.87590674956269,133.616734825761
"727","HU","EE",101.816477781283,1.85865034276574,134.343742862238
"728","HU","BA",94.3928215120232,1.86264514534538,129.826845215225
"729","HU","ZA",112.012413395873,1.85333360317394,139.455265668321
"730","NL","ID",111.203754686405,1.85016561349963,140.963815548036
"731","NL","RO",124.700150880629,1.8689570346174,135.543232231987
"732","NL","IN",111.546869942274,1.85885905419495,145.491711280815
"733","NL","SK",120.900286828368,1.86206558023196,137.024882045093
"734","NL","VN",112.941289762949,1.8606079479683,137.71124666771
"735","NL","JP",106.902165198926,1.83250279383626,142.592551740135
"736","NL","AE",109.588407264558,1.85787148691921,141.421000409606
"737","NL","UA",112.661108546515,1.85411364456668,136.582271199302
"738","NL","TW",111.699805119129,1.86255154194344,138.273973326185
"739","NL","MY",106.353088878408,1.84730547645967,141.860400450727
"740","NL","NO",118.807006259363,1.84419571146166,136.009832152153
"741","NL","HR",115.837430453689,1.85555755882075,133.608338929473
"742","NL","IE",113.560571647457,1.8441722018045,143.254494755007
"743","NL","NZ",109.029183343025,1.8466246046755,142.352338330917
"744","NL","TR",124.971700932811,1.86393886157166,138.588022265755
"745","NL","RS",120.09028625173,1.84983820402246,135.02065224209
"746","NL","BG",117.995842079288,1.84752288970899,134.156014033675
"747","NL","HK",111.221427451587,1.83706608187042,141.295851011373
"748","NL","AT",115.091920374844,1.84984878271411,135.854835988665
"749","NL","MX",110.947622277017,1.85612154198938,141.011935209905
"750","NL","DK",110.63871124565,1.86483560172066,138.074673689025
"751","NL","CH",107.68575475606,1.84941409622447,134.279725565576
"752","NL","ES",119.080240499321,1.86839661504368,137.869510199421
"753","NL","PT",115.938895227964,1.86109080124385,135.530551450156
"754","NL","SG",107.523019637168,1.85029105933741,142.748184630689
"755","NL","BE",117.080456215677,1.85242815718673,141.512344433881
"756","NL","IL",120.094836054229,1.84993955632433,140.72036034714
"757","NL","AR",107.522137317655,1.86329249531581,137.160620422527
"758","NL","EE",108.142670275189,1.84836307330011,137.506713700028
"759","NL","BA",122.541757117683,1.85208089263745,136.102964756629
"760","NL","ZA",118.486128077686,1.85136235402147,143.779370744116
"761","ID","RO",112.692867377451,1.87767696529919,135.326788228022
"762","ID","IN",117.083765266557,1.86755054374747,145.970035285494
"763","ID","SK",119.674443814268,1.86100875680814,137.462452028221
"764","ID","VN",109.92141510239,1.87613004839893,138.645868688782
"765","ID","JP",107.523691655568,1.85097832780372,144.046712738251
"766","ID","AE",115.439854253705,1.86951325462558,142.580391378452
"767","ID","UA",114.276651974313,1.87181071938257,138.687280425471
"768","ID","TW",110.64717848948,1.87327562541857,138.507547121368
"769","ID","MY",110.203480664189,1.86310871107241,143.572510129075
"770","ID","NO",119.033236493626,1.86295471497743,137.882308986564
"771","ID","HR",113.58018841293,1.86744846344564,134.671004027432
"772","ID","IE",114.32301609704,1.86104743796775,144.32756624626
"773","ID","NZ",107.813817564545,1.86185012941631,143.353653140868
"774","ID","TR",118.156414861756,1.88037460397355,139.480901302799
"775","ID","RS",116.799333304337,1.86650845205136,136.605392839548
"776","ID","BG",123.981031402364,1.87597919355104,137.240390232174
"777","ID","HK",109.503176697606,1.84633243479813,141.848416251669
"778","ID","AT",107.936056107582,1.87862447477497,137.366452107118
"779","ID","MX",110.898509851158,1.86350297801857,141.673304564982
"780","ID","DK",107.210033337609,1.86215340183012,138.224102888525
"781","ID","CH",113.303919581403,1.86946723494781,136.420720850423
"782","ID","ES",113.159976823744,1.87911818801246,139.235596915371
"783","ID","PT",119.299445278362,1.88430572028511,137.127507236886
"784","ID","SG",102.507894619901,1.85898872018138,143.373954529476
"785","ID","BE",107.581837447851,1.86487510611806,140.802570171271
"786","ID","IL",117.916108413973,1.86279474667704,141.627512328709
"787","ID","AR",119.134389483825,1.87623656135164,139.087951609991
"788","ID","EE",105.055147624498,1.85413114721091,138.767617785825
"789","ID","BA",112.653477066283,1.86664683853739,135.959561812189
"790","ID","ZA",113.731550309479,1.85558646617565,144.191667889478
"791","RO","IN",124.213592838246,1.8869198579604,140.876242948784
"792","RO","SK",93.3674297987506,1.87795936886119,127.466308146151
"793","RO","VN",101.013760529583,1.89360285822548,131.31256206429
"794","RO","JP",118.905023701318,1.86491219493619,137.978052233332
"795","RO","AE",111.618157685839,1.88136220251351,135.799897841716
"796","RO","UA",94.2268405212251,1.88484859877,129.392490419642
"797","RO","TW",108.630761272476,1.87288852670649,132.086406286222
"798","RO","MY",110.686421131051,1.88286965318159,136.339803551805
"799","RO","NO",91.6047140353526,1.88624818140523,128.363670381705
"800","RO","HR",88.7745079309777,1.87336231537428,125.583033361028
"801","RO","IE",123.334356267802,1.88332218903402,139.49234560318
"802","RO","NZ",114.099467538513,1.87852979358393,137.566787975813
"803","RO","TR",104.765032790757,1.89209735014823,131.20794920082
"804","RO","RS",90.8520276916144,1.873939542937,125.852540069124
"805","RO","BG",97.3685175789882,1.8730528919413,126.841396033138
"806","RO","HK",119.820588682988,1.85705679485651,136.222717053773
"807","RO","AT",93.3294840047417,1.87618332521699,127.980895353399
"808","RO","MX",110.858409841997,1.88810669170399,135.252246025798
"809","RO","DK",107.524599734192,1.88819038924431,132.115723378652
"810","RO","CH",94.7129323778059,1.87699755016654,127.717511480316
"811","RO","ES",99.5644804190309,1.88028928785264,129.105175654773
"812","RO","PT",95.968906189054,1.88990771837511,128.309239900931
"813","RO","SG",126.883959482498,1.85999354673338,138.239663320808
"814","RO","BE",106.128246827959,1.87159165351,133.034285289276
"815","RO","IL",109.846485064697,1.86301472790907,133.167136986755
"816","RO","AR",102.585103060559,1.88148496992942,130.140528010997
"817","RO","EE",98.7813878056139,1.87506563489718,131.453271991631
"818","RO","BA",97.4535094451959,1.88321996434947,128.39306553127
"819","RO","ZA",111.70807981419,1.88684134971132,137.381802817834
"820","IN","SK",120.034934344763,1.86786556932564,140.917823151653
"821","IN","VN",115.071344156816,1.88531790825033,143.383905716351
"822","IN","JP",101.050552005355,1.85158314024183,146.10814688411
"823","IN","AE",112.330234517573,1.88534635831681,146.767255826656
"824","IN","UA",118.912216743024,1.88131409979097,143.138474403682
"825","IN","TW",105.974000632679,1.85963730831104,140.878734172312
"826","IN","MY",118.085378927346,1.86272589573362,147.35274687323
"827","IN","NO",114.736239583282,1.86831985764719,141.842373047236
"828","IN","HR",118.160600567209,1.88607157518027,139.92941866895
"829","IN","IE",112.792759579014,1.86654550274402,148.035806265429
"830","IN","NZ",105.04992854302,1.87062368615652,147.510284036115
"831","IN","TR",120.379341153906,1.88936824783736,142.593363159147
"832","IN","RS",128.911910882587,1.86557955503125,141.310346296201
"833","IN","BG",126.506810805112,1.86308302221977,140.337725733734
"834","IN","HK",110.174698421223,1.85574093767013,145.728360372246
"835","IN","AT",117.665446191973,1.87198089989622,141.360532608597
"836","IN","MX",112.556866827203,1.87531072715353,145.697256483649
"837","IN","DK",118.589496216943,1.88011934473326,144.862545504234
"838","IN","CH",116.967129676664,1.88020550822224,140.946316463443
"839","IN","ES",126.789426016564,1.88720103763046,143.574820547439
"840","IN","PT",118.920367984921,1.90106492501758,142.125170734038
"841","IN","SG",105.273200367293,1.86211553084802,147.491295761595
"842","IN","BE",111.16502810086,1.86911179354832,145.506032279631
"843","IN","IL",117.305149135345,1.86470178944724,145.22556721965
"844","IN","AR",114.839672640777,1.88338073724815,143.38913167326
"845","IN","EE",114.591460839722,1.87083653269439,143.281327330121
"846","IN","BA",127.226754189456,1.88026231116696,142.646726790636
"847","IN","ZA",109.476303679862,1.86080065712473,147.124298025235
"848","SK","VN",99.3991945199258,1.89168773030001,132.43934854019
"849","SK","JP",119.176384181926,1.85734817117325,138.901721528228
"850","SK","AE",107.981574779148,1.87907551202254,136.795038514166
"851","SK","UA",90.7152814915959,1.88348896073766,130.811311720156
"852","SK","TW",100.831281313715,1.87504669492654,132.069981760768
"853","SK","MY",118.770740339382,1.87983443226988,139.411980580546
"854","SK","NO",88.8571380169885,1.87158918245175,129.318598366695
"855","SK","HR",89.7920223023748,1.86270857520021,126.831430819721
"856","SK","IE",121.460766920294,1.88286411478798,141.125152500538
"857","SK","NZ",112.458830991829,1.866717581036,138.029648862608
"858","SK","TR",99.4111032284727,1.88425553824595,131.61836657461
"859","SK","RS",87.1244308235921,1.85828738000929,126.711390337706
"860","SK","BG",85.1548493854963,1.86334382595525,126.67227913587
"861","SK","HK",122.530222949533,1.86441645045013,138.162487838221
"862","SK","AT",92.7118046055221,1.86957046622219,128.745326289478
"863","SK","MX",110.374189073983,1.87116527310326,136.352326270511
"864","SK","DK",100.757424129685,1.88371836320012,132.416618801517
"865","SK","CH",86.2432943420905,1.86557116872668,127.59177297787
"866","SK","ES",98.0147805940541,1.88481938744902,130.74193517215
"867","SK","PT",96.6658215404334,1.88490605351298,129.215304828791
"868","SK","SG",130.022809689408,1.86234962271214,140.558174416073
"869","SK","BE",102.575229817727,1.86866454979572,135.446252291226
"870","SK","IL",114.358562560449,1.86021248416569,135.443897373828
"871","SK","AR",101.82055041712,1.87111155142391,131.281363229697
"872","SK","EE",98.8152810834397,1.86661968304293,132.257825462824
"873","SK","BA",85.4539558955351,1.87041084922136,126.627813466888
"874","SK","ZA",114.710117122825,1.8701786925919,138.504598896296
"875","VN","JP",113.1522076729,1.87487165395771,141.645614325552
"876","VN","AE",106.790138718339,1.89201280196066,138.604962149869
"877","VN","UA",98.4419032780301,1.88815578578196,133.489840703174
"878","VN","TW",100.97488553923,1.88086221954333,134.173561875942
"879","VN","MY",114.93814602185,1.87343990494856,140.414983925238
"880","VN","NO",101.607745961835,1.87238321590564,133.215500650207
"881","VN","HR",102.545759368213,1.88293694122498,131.255394206303
"882","VN","IE",116.201217762019,1.88319835883179,142.126750345756
"883","VN","NZ",103.602363954116,1.87852089279431,139.996237451141
"884","VN","TR",102.419879858445,1.88212604029474,134.78737366371
"885","VN","RS",99.2577993111724,1.87327514539851,131.037902567356
"886","VN","BG",102.106649531025,1.88268186597311,130.779446533153
"887","VN","HK",120.507896237257,1.87324475943585,140.936266886902
"888","VN","AT",89.9824617444348,1.87134576057958,130.713986346243
"889","VN","MX",104.621700909792,1.88335476503624,138.491149274107
"890","VN","DK",105.77768008901,1.8899141851739,135.798262620406
"891","VN","CH",101.158279173457,1.8868832355627,132.266843555571
"892","VN","ES",106.826652679853,1.88396899265745,133.749569251947
"893","VN","PT",111.31929539861,1.88513586113522,133.327840865838
"894","VN","SG",107.894348112616,1.87656815482601,141.244819679967
"895","VN","BE",110.718594201058,1.87716031961703,137.918382642819
"896","VN","IL",110.492178587548,1.87883968834292,138.381979044442
"897","VN","AR",100.339271364029,1.88056386592715,133.874466212096
"898","VN","EE",98.0877398885705,1.87813940959454,134.77854944841
"899","VN","BA",100.895780431201,1.88444440034084,132.165691089271
"900","VN","ZA",108.720647817542,1.86992971225781,138.958030106034
"901","JP","AE",109.299179759795,1.86145764117039,144.169083183497
"902","JP","UA",116.336853407719,1.85611457992743,140.347625729046
"903","JP","TW",102.896624092061,1.86220929510028,140.04415372602
"904","JP","MY",101.658379469696,1.84420060942538,143.610811843264
"905","JP","NO",114.550403787198,1.8533770466865,138.72673172493
"906","JP","HR",119.14157889175,1.86251393299983,137.446232009424
"907","JP","IE",102.497845059712,1.84621746059385,145.072223595613
"908","JP","NZ",105.633986106052,1.86114903233171,146.138237356175
"909","JP","TR",114.008365201024,1.86807790657303,139.73128985486
"910","JP","RS",119.467416671106,1.85171920820859,138.179788964548
"911","JP","BG",128.222988864691,1.85515417920953,138.262229529247
"912","JP","HK",108.857130265812,1.84619318315463,144.372375523171
"913","JP","AT",109.918759468805,1.85206504645059,138.295088761504
"914","JP","MX",108.423650076649,1.85923317468932,143.193650495045
"915","JP","DK",114.727341604487,1.87011495792484,141.755087538622
"916","JP","CH",116.505118738088,1.84944666748226,138.086294442835
"917","JP","ES",118.578096236482,1.86835425883503,141.226897440569
"918","JP","PT",118.220620477076,1.87408632403386,139.505103898955
"919","JP","SG",102.461943065213,1.8518888464575,145.623008309256
"920","JP","BE",105.519579711959,1.84662075792973,142.144854542125
"921","JP","IL",113.133463770149,1.84936680745198,142.539314414889
"922","JP","AR",111.338987151653,1.85901797479376,139.959231774908
"923","JP","EE",114.185241635822,1.85604379620693,142.096172099853
"924","JP","BA",122.371061330072,1.85794391485593,139.558101453987
"925","JP","ZA",104.71901179694,1.85252719368224,144.736170380017
"926","AE","UA",106.39376987199,1.88704117176171,137.969272926355
"927","AE","TW",104.867065717202,1.8758940356207,138.012665672792
"928","AE","MY",106.900513193107,1.8725615685649,143.310221821438
"929","AE","NO",114.059258605398,1.87350899980935,138.269875528321
"930","AE","HR",107.520929226953,1.87886033144083,134.04758049744
"931","AE","IE",109.922709337969,1.87491878691678,144.249189356551
"932","AE","NZ",104.0187050041,1.87545577635548,143.74754333682
"933","AE","TR",115.452868437667,1.90058992146926,139.688900047309
"934","AE","RS",113.672778591702,1.87122494125304,136.462405904261
"935","AE","BG",113.019723218741,1.87112198712487,135.730776659263
"936","AE","HK",116.468288533198,1.85677304955399,142.998365719839
"937","AE","AT",107.937757011336,1.87455729014716,136.586723569437
"938","AE","MX",107.170775252886,1.8777187693454,141.66191874
"939","AE","DK",111.908103682393,1.89859621050929,141.420573594674
"940","AE","CH",107.535137895576,1.87469472160015,136.35043511591
"941","AE","ES",121.103492092929,1.87682571597776,138.632400484439
"942","AE","PT",109.499128945323,1.88479777135107,136.655717756512
"943","AE","SG",107.121170308984,1.86599536620573,143.920863321965
"944","AE","BE",110.002312602293,1.87496319524627,142.085987166617
"945","AE","IL",111.949179485011,1.87881667922482,141.447409671121
"946","AE","AR",114.269052659779,1.87472886592292,138.372539123338
"947","AE","EE",111.244143290696,1.87788372034009,140.009632814292
"948","AE","BA",114.464381512225,1.87594535314851,136.677192002047
"949","AE","ZA",107.895430772043,1.8598120576097,142.905303916622
"950","UA","TW",108.707628846161,1.880019603049,134.896921650965
"951","UA","MY",106.639261191021,1.87201997715028,138.361099331819
"952","UA","NO",92.0949802614637,1.87125289144603,131.647149941839
"953","UA","HR",91.6477631305754,1.87264885472781,128.697309268008
"954","UA","IE",113.602730852193,1.87750950153207,140.782970740887
"955","UA","NZ",109.161910332606,1.87538925053577,139.942016764208
"956","UA","TR",104.028232573242,1.90347187949446,134.976182272157
"957","UA","RS",97.7423383601514,1.88547283312506,131.073366314167
"958","UA","BG",98.0481266269857,1.88719330724897,130.079387385418
"959","UA","HK",118.99007085483,1.86667316292875,140.272126722749
"960","UA","AT",96.6560602931148,1.87686075307207,130.666004562226
"961","UA","MX",101.547438661487,1.88174575583052,137.649592745347
"962","UA","DK",105.834295919407,1.89233109768782,135.510934387218
"963","UA","CH",97.3730490025893,1.88153788943721,130.375008681989
"964","UA","ES",106.602330168217,1.90309128148358,133.71671859821
"965","UA","PT",102.126725710486,1.89332345857402,131.550769176934
"966","UA","SG",122.455196727224,1.86922045205671,141.482619306848
"967","UA","BE",107.946515178704,1.87955102451814,138.009218604536
"968","UA","IL",117.456516672396,1.87741934707087,137.782087371558
"969","UA","AR",104.27009408886,1.88085551453683,133.375630747922
"970","UA","EE",102.223835958004,1.87926236325008,135.155096816161
"971","UA","BA",93.4940343905464,1.88871886586526,130.951820429817
"972","UA","ZA",111.015845633224,1.88283720139902,140.033288846212
"973","TW","MY",112.662720700095,1.86689968067784,139.739192270977
"974","TW","NO",101.624341062877,1.87562086985482,133.43093829721
"975","TW","HR",104.566482980004,1.87666016414408,130.823087454846
"976","TW","IE",110.775264834509,1.88251765149178,141.445937226421
"977","TW","NZ",108.633025041873,1.87272125840816,140.205660639139
"978","TW","TR",112.016156025543,1.88829435418607,134.978567396214
"979","TW","RS",104.973233454251,1.87101158718797,131.856985532717
"980","TW","BG",104.745479903827,1.88472636896049,132.218788931227
"981","TW","HK",108.745198476181,1.85166245102018,138.301706478094
"982","TW","AT",100.411348823358,1.87166235844492,132.655880808089
"983","TW","MX",103.368083202009,1.8760531232553,137.799990143141
"984","TW","DK",116.130184716373,1.89026154859407,137.556918997822
"985","TW","CH",103.280273636668,1.88161346426064,132.372380950882
"986","TW","ES",109.659607922833,1.88759627895195,134.608280423601
"987","TW","PT",105.259807419098,1.87745158741205,132.226623746662
"988","TW","SG",109.18902724511,1.86899968306131,140.30828389798
"989","TW","BE",113.371555662353,1.87587873082224,138.626419664394
"990","TW","IL",110.403970798346,1.87803012690635,138.409797299298
"991","TW","AR",109.190833208793,1.8898285509819,135.353376867014
"992","TW","EE",104.17191897128,1.87555314412044,135.608509267788
"993","TW","BA",105.88770227172,1.86544183559799,131.227910676211
"994","TW","ZA",103.698934526284,1.87126195479561,139.032684110892
"995","MY","NO",112.131026514545,1.86123729611508,138.372179505856
"996","MY","HR",119.202177509527,1.87930111258098,137.014191728493
"997","MY","IE",105.238092965735,1.85780088725875,145.224695567574
"998","MY","NZ",103.973020104092,1.86288847949996,144.854001387676
"999","MY","TR",113.056312236659,1.87511865397116,140.021565225909
"1000","MY","RS",119.865151264393,1.86725874839865,137.955918958224
"1001","MY","BG",117.544350230131,1.86721767788305,137.394592024068
"1002","MY","HK",110.462394718884,1.85512241590429,144.206862444656
"1003","MY","AT",110.762376605237,1.8636605784322,138.094675369523
"1004","MY","MX",105.780133482218,1.86630776758437,142.171947276698
"1005","MY","DK",111.847799435965,1.87766706820566,141.844611787949
"1006","MY","CH",110.608193471225,1.86893745091588,138.040244991754
"1007","MY","ES",116.148297093524,1.87570100126442,139.463604268273
"1008","MY","PT",115.648115443821,1.88540775868217,139.090118001514
"1009","MY","SG",111.493147754193,1.86665995503561,145.54745452513
"1010","MY","BE",110.044024484016,1.85748148207884,142.707070955308
"1011","MY","IL",105.751200410734,1.84962499814349,140.358410881737
"1012","MY","AR",117.19579626346,1.8721320028192,140.865376817281
"1013","MY","EE",115.386788339319,1.86749452923019,141.627857223377
"1014","MY","BA",123.309113959364,1.87593459641222,139.585208689084
"1015","MY","ZA",108.582739599841,1.85873783687327,144.156250933291
"1016","NO","HR",84.9610514657115,1.87415200661259,126.787673903636
"1017","NO","IE",116.677634328046,1.86428981931616,140.784147883027
"1018","NO","NZ",104.077340420621,1.86104830538544,138.495671543286
"1019","NO","TR",100.006236335079,1.89905154601073,132.568576140801
"1020","NO","RS",95.3930904245375,1.86451959650479,128.935513141935
"1021","NO","BG",89.8135044704711,1.85738038698757,126.894542698388
"1022","NO","HK",112.584918990088,1.85031191396611,137.572388499992
"1023","NO","AT",93.8755445391635,1.86590487430806,129.45963115946
"1024","NO","MX",104.840479306649,1.86241184678876,136.062195824559
"1025","NO","DK",101.297144673936,1.8711489842229,133.531000743021
"1026","NO","CH",95.5628499486112,1.86920733602695,128.938933855973
"1027","NO","ES",104.523246172466,1.89619583008095,132.878992567506
"1028","NO","PT",99.2881316929159,1.87191008769578,130.027351867314
"1029","NO","SG",123.368031321166,1.86571948678637,140.410719387319
"1030","NO","BE",104.670611819175,1.86168857182753,135.871088513079
"1031","NO","IL",108.611579260594,1.86534280573142,135.819079865136
"1032","NO","AR",102.67715286851,1.86929891058701,132.082157183391
"1033","NO","EE",100.560131135628,1.86373625989299,133.497909455468
"1034","NO","BA",91.943933452252,1.8700954458819,129.086015676091
"1035","NO","ZA",114.900813889796,1.87789671481746,139.900870065427
"1036","HR","IE",121.140700289782,1.87977703862973,138.328093925065
"1037","HR","NZ",110.625071783288,1.87141150006031,136.396484478726
"1038","HR","TR",98.3157021114895,1.88140120704102,130.042377917425
"1039","HR","RS",94.4283624621913,1.88131409160002,126.576522921603
"1040","HR","BG",87.8170790103632,1.88353105741305,125.308151258211
"1041","HR","HK",115.470083877608,1.85439202911088,135.68932715348
"1042","HR","AT",88.7685019144166,1.86966813713355,127.03792130483
"1043","HR","MX",107.89153489418,1.87620832573093,134.590853498834
"1044","HR","DK",98.1565863703898,1.88260319238123,130.59136694375
"1045","HR","CH",89.8397637784759,1.8662297185799,126.087457881595
"1046","HR","ES",106.506363429461,1.88163396775444,130.120179148902
"1047","HR","PT",92.571144807845,1.87879520453595,126.664694812119
"1048","HR","SG",121.418222080488,1.86164592660559,137.760451221555
"1049","HR","BE",106.815715387448,1.87599849460109,133.823095615197
"1050","HR","IL",107.559087961371,1.87135371876695,132.938940539594
"1051","HR","AR",99.3859348156317,1.87910746455575,129.589786205445
"1052","HR","EE",101.036493340842,1.87597893032927,131.046371017569
"1053","HR","BA",94.8452855204111,1.88137256101279,127.305387394559
"1054","HR","ZA",111.780519537113,1.87582267982687,136.784185748253
"1055","IE","NZ",108.793218587552,1.85833541521747,145.445313374204
"1056","IE","TR",124.995940709223,1.89614820883427,143.42056567681
"1057","IE","RS",121.67811415415,1.88309674634022,140.157364328296
"1058","IE","BG",130.491895544822,1.87138317404398,140.333482525465
"1059","IE","HK",110.745421264033,1.85048557028949,144.246998953945
"1060","IE","AT",116.110613675119,1.87981059062106,140.507180078595
"1061","IE","MX",101.535766017449,1.85072335533291,141.632128203589
"1062","IE","DK",112.452770864759,1.86949906129412,142.218065512293
"1063","IE","CH",117.724715569869,1.86755882856456,139.237290651006
"1064","IE","ES",126.35685650064,1.88510513286541,142.540854492959
"1065","IE","PT",122.947880118561,1.89509423256483,139.94704732922
"1066","IE","SG",106.023894427068,1.874658118632,146.025802646997
"1067","IE","BE",111.753456185408,1.86581332082874,144.834180350902
"1068","IE","IL",120.692197823895,1.85023429243503,143.453889683589
"1069","IE","AR",116.344712949206,1.87388979349361,140.722593531686
"1070","IE","EE",114.921863433986,1.8626597901218,142.083314754192
"1071","IE","BA",124.190292479446,1.87384469093209,140.380259618575
"1072","IE","ZA",107.837275307832,1.86210265784788,145.617552207309
"1073","NZ","TR",110.784336193387,1.87872862553743,140.006991395415
"1074","NZ","RS",114.879942869968,1.86824846042859,138.051545661724
"1075","NZ","BG",117.137107273279,1.8767687615544,138.528015047041
"1076","NZ","HK",108.803207569058,1.86077440583388,144.234036773783
"1077","NZ","AT",109.02452182899,1.86733471948854,138.17987172367
"1078","NZ","MX",100.84386881663,1.86826106411471,141.961315266261
"1079","NZ","DK",104.181407851839,1.86426542823643,140.28054979151
"1080","NZ","CH",112.236204533706,1.86893006513739,137.952488017028
"1081","NZ","ES",115.498917977521,1.88081785588025,140.179906612405
"1082","NZ","PT",110.835376228965,1.87895693047413,137.914457769639
"1083","NZ","SG",99.6729277654778,1.8558703205095,144.423284353142
"1084","NZ","BE",103.792880091991,1.86092648285003,141.936230787611
"1085","NZ","IL",111.140203279424,1.8702332546322,143.624709831702
"1086","NZ","AR",112.715641810399,1.86841991905031,140.686422253146
"1087","NZ","EE",113.372138406991,1.86850818397877,141.742133896664
"1088","NZ","BA",114.03029814049,1.87351785646363,138.557993656553
"1089","NZ","ZA",108.64650064478,1.86230130663929,144.913964447469
"1090","TR","RS",101.861023910418,1.88278762859051,130.804143916535
"1091","TR","BG",105.643200369751,1.88940412253627,130.873125126573
"1092","TR","HK",121.667428998551,1.87333561133596,140.10519955303
"1093","TR","AT",100.545207312565,1.88529526057434,132.126085455052
"1094","TR","MX",115.031463646146,1.88597100419697,138.781522696065
"1095","TR","DK",102.174327680831,1.8932974949571,135.160533021791
"1096","TR","CH",99.3987580834331,1.88854492602253,131.777219445864
"1097","TR","ES",106.571690353807,1.88049092247087,132.975419773259
"1098","TR","PT",109.907369097417,1.90329005911618,132.742646549401
"1099","TR","SG",120.593938627518,1.8881942816343,141.402079025761
"1100","TR","BE",105.329651548023,1.88093232078715,137.026350070167
"1101","TR","IL",110.782747168004,1.87832156349547,137.605188468012
"1102","TR","AR",110.688423395871,1.89596560875823,135.275714193778
"1103","TR","EE",102.185124915327,1.87282986504885,134.276821430819
"1104","TR","BA",95.4548465840997,1.88354211058767,130.575410277934
"1105","TR","ZA",115.864793733799,1.88525287015392,141.215624965425
"1106","RS","BG",87.7540224025899,1.86174831639639,125.111971699786
"1107","RS","HK",123.714006210672,1.8610733070276,137.947210565885
"1108","RS","AT",94.5675655808605,1.86097189994387,127.776912217836
"1109","RS","MX",115.944254514051,1.87640299889699,136.327250541127
"1110","RS","DK",100.164890496053,1.8740432127167,132.749665850578
"1111","RS","CH",96.2476935107374,1.87445820311654,128.292836859452
"1112","RS","ES",104.340541684905,1.89134980678053,130.376186910723
"1113","RS","PT",100.922770708755,1.8706194134552,128.688428163485
"1114","RS","SG",124.255040475414,1.85624021980831,138.886522621973
"1115","RS","BE",109.734024665776,1.85893250570864,134.536014027363
"1116","RS","IL",114.308922417528,1.86333795455398,134.977952127395
"1117","RS","AR",105.440760083024,1.86330450723679,130.377950090469
"1118","RS","EE",99.78887626988,1.87359651083317,132.047645039241
"1119","RS","BA",89.2127264805217,1.86773388567136,126.839922400261
"1120","RS","ZA",115.926271517869,1.86115615194211,137.686225426143
"1121","BG","HK",122.233566802307,1.86118317319034,137.105492612913
"1122","BG","AT",89.9429922464237,1.8708289881025,127.468168844747
"1123","BG","MX",113.925564096274,1.87961090642253,136.397555435618
"1124","BG","DK",104.529863767646,1.88077221950457,132.119184549121
"1125","BG","CH",88.3641952427727,1.85167235649851,125.668213019523
"1126","BG","ES",105.130287020133,1.87981192111468,129.760782636561
"1127","BG","PT",93.9844701273071,1.868003650584,127.445803425647
"1128","BG","SG",129.004696604953,1.86301028908488,139.099042444905
"1129","BG","BE",116.107277863949,1.88060581168837,136.015408030159
"1130","BG","IL",111.294601681519,1.86151864685021,133.272037511518
"1131","BG","AR",104.6110884918,1.86365654999688,129.298992194331
"1132","BG","EE",98.4749405019673,1.86425852328162,130.779346571773
"1133","BG","BA",90.811788232737,1.87066201405435,126.747492880284
"1134","BG","ZA",115.1575121542,1.86731403798501,136.587619569354
"1135","HK","AT",116.023782386775,1.86308654054464,137.57300914477
"1136","HK","MX",109.763851822885,1.85747977714505,141.527262337389
"1137","HK","DK",115.818219947956,1.87082959977227,140.888691923286
"1138","HK","CH",113.560928625253,1.86416757125701,137.305844435217
"1139","HK","ES",121.734879003898,1.86922891422094,139.394442546676
"1140","HK","PT",113.612973760825,1.8619165443464,136.57556369468
"1141","HK","SG",106.441087662858,1.84992834394519,143.791044003127
"1142","HK","BE",110.457204787625,1.85326332841538,141.680800562849
"1143","HK","IL",107.057033249983,1.8467256122578,140.771032064455
"1144","HK","AR",117.489805504474,1.86132013312231,139.404530006116
"1145","HK","EE",107.058880684036,1.84538605988531,138.843075413824
"1146","HK","BA",118.908155297548,1.8566129041046,137.091089660978
"1147","HK","ZA",103.29412775027,1.85139012133058,143.75215550739
"1148","AT","MX",109.558725948373,1.87081275895244,136.11646617132
"1149","AT","DK",99.603003380533,1.87446493844841,132.719826950556
"1150","AT","CH",92.7541617074212,1.87163017373786,128.586571739621
"1151","AT","ES",100.510327421245,1.87424517920594,130.656518654062
"1152","AT","PT",95.6585691197497,1.86649651654278,128.058553207665
"1153","AT","SG",119.267748303954,1.86971258591464,139.91467308685
"1154","AT","BE",104.999460137916,1.86830657749923,135.238311459331
"1155","AT","IL",109.646389998835,1.86385261324288,134.991600894414
"1156","AT","AR",108.014071132337,1.87533158030172,132.613153191427
"1157","AT","EE",101.621293313712,1.86833244479422,132.93910429063
"1158","AT","BA",93.9145343011952,1.87954409640131,129.132085064156
"1159","AT","ZA",112.706182712349,1.87515681678674,138.880606055454
"1160","MX","DK",115.213207251418,1.88577754541045,139.82473945111
"1161","MX","CH",108.541387030993,1.86910368522843,135.643000845978
"1162","MX","ES",112.586556296138,1.88713932699462,138.438563855805
"1163","MX","PT",115.036616699009,1.88356218556962,136.93660878176
"1164","MX","SG",106.225672429965,1.86001895436003,142.632320180672
"1165","MX","BE",108.794922152455,1.86438526173361,141.270388963312
"1166","MX","IL",115.633810976772,1.87491907586176,141.213981831665
"1167","MX","AR",109.23072800303,1.88256762849454,137.73352147386
"1168","MX","EE",100.370669625147,1.87072492708494,137.776834278069
"1169","MX","BA",113.73862096988,1.87038620187023,136.824266966358
"1170","MX","ZA",108.889447325611,1.86723866817917,142.153963930875
"1171","DK","CH",105.037544326441,1.88366934058633,133.331257586962
"1172","DK","ES",110.73307374777,1.89192381048235,136.063555638007
"1173","DK","PT",110.557723849897,1.8948050291025,134.672951313463
"1174","DK","SG",114.38936243335,1.88123181408405,141.629002167488
"1175","DK","BE",107.243598003477,1.8808813068053,139.294043608377
"1176","DK","IL",108.045920595171,1.87635778839492,137.336146115489
"1177","DK","AR",109.081409343593,1.8873530547193,134.960885210776
"1178","DK","EE",104.88026358304,1.86821159516626,135.590227784629
"1179","DK","BA",98.5332462228004,1.88594812460682,132.971326301409
"1180","DK","ZA",117.127793958787,1.88110274888389,141.30139854628
"1181","CH","ES",101.352889371218,1.8829170691059,130.196284047824
"1182","CH","PT",93.1295340769056,1.87175325630519,127.821926428876
"1183","CH","SG",122.264249283732,1.85823893636476,138.396545192855
"1184","CH","BE",108.232184585254,1.8751277615551,136.030545143054
"1185","CH","IL",113.908539736191,1.87062135980242,134.874358032344
"1186","CH","AR",102.25601092136,1.87447433810629,130.913415972752
"1187","CH","EE",95.5200556785615,1.86622700866814,131.116385054027
"1188","CH","BA",93.0101567534746,1.86675604692885,128.092214014592
"1189","CH","ZA",112.243122227279,1.87839672498368,138.054017379096
"1190","ES","PT",104.384140368354,1.89403881470569,131.858589851531
"1191","ES","SG",120.33436371867,1.87443500784729,141.245823969092
"1192","ES","BE",115.397451613108,1.87604595794201,137.785597757705
"1193","ES","IL",116.262072664283,1.87756974652612,136.947574840826
"1194","ES","AR",112.647613209214,1.89829641534313,133.870011345682
"1195","ES","EE",112.394349574575,1.88544075434837,135.383671383074
"1196","ES","BA",101.899484326542,1.88428504279319,131.009069942582
"1197","ES","ZA",115.355335221211,1.88768745881024,139.508842321325
"1198","PT","SG",123.070851946874,1.88404306040983,140.2657003932
"1199","PT","BE",109.607282629808,1.88030141663083,135.593084055039
"1200","PT","IL",110.626057697234,1.89058390671919,135.152898911804
"1201","PT","AR",106.936226343293,1.88783208557816,132.8270084252
"1202","PT","EE",104.485396118299,1.88151423427999,132.81135320282
"1203","PT","BA",101.968774516438,1.87647376003142,129.338016412141
"1204","PT","ZA",115.003374933866,1.87574986526584,138.094848091614
"1205","SG","BE",116.847583866859,1.86653377006012,143.507933301035
"1206","SG","IL",114.064088576028,1.86906454635419,142.837914583036
"1207","SG","AR",118.048306173737,1.85552031063981,140.1666714649
"1208","SG","EE",115.613472165746,1.85646316701716,141.423601444449
"1209","SG","BA",125.836198402933,1.87145663795487,139.600953309739
"1210","SG","ZA",103.559600655945,1.86051761047986,145.185978413584
"1211","BE","IL",115.602300225066,1.86642033437864,141.592960221402
"1212","BE","AR",113.820675627285,1.87504344075498,138.248371826994
"1213","BE","EE",109.166651152018,1.85975378082524,138.10969201115
"1214","BE","BA",110.347751265103,1.8719116476324,135.619557780585
"1215","BE","ZA",110.945735207388,1.85945327780785,142.939680015422
"1216","IL","AR",107.376839208541,1.86055453230048,136.242798336371
"1217","IL","EE",109.507868893574,1.86715598021648,138.646199361388
"1218","IL","BA",111.38573144894,1.86946359266733,135.514497801535
"1219","IL","ZA",112.242879387561,1.85757319157543,142.573280621153
"1220","AR","EE",97.5086435600655,1.87783249876952,134.028595403452
"1221","AR","BA",104.26221967895,1.87594777992249,131.386683520562
"1222","AR","ZA",100.920077638834,1.86775869741056,138.608217757974
"1223","EE","BA",101.66981649984,1.87224086865273,132.218382518606
"1224","EE","ZA",108.440474864509,1.8593072895045,140.340816252338
"1225","BA","ZA",117.540084372211,1.87636362857902,139.275399302363
