drawing_key_id_1,drawing_key_id_2,mean_umap_cosine,item
4512057078579200,5301208245862400,-0.16934851544814558,bread
4512177153114112,6334400226656256,0.9767079106991607,bread
4517415574568960,5171456952500224,0.9593744110454161,bread
4553981596532736,5760679489306624,0.07694560306638432,bread
4561961628991488,5215576467177472,0.050023635924021155,bread
4588376130846720,5275074091286528,0.7602335993163037,bread
4603484299067392,5826439611940864,0.5921798818878361,bread
4603484299067392,6456419710664704,-0.3436000947676433,bread
4623583877791744,4601234612813824,-0.03842699950467104,bread
4653333350449152,6697488574578688,0.2087846202403658,bread
4656048642195456,6303531139072000,0.550048316601491,bread
4673896848556032,4988894737072128,0.9429457024200053,bread
4674210850930688,6019556508172288,0.04364327177761326,bread
4683017245163520,6471038269390848,-0.2278636997793335,bread
4693938105483264,6617681694294016,-0.5192414554953654,bread
4696621705068544,5690227727269888,-0.5697475765943449,bread
4705301078999040,4803424270942208,0.15453379639041367,bread
4705301078999040,5087658025943040,0.05675670566032678,bread
4706969170477056,6679387804008448,0.9653472737488104,bread
4712557224919040,5830382022819840,0.01482211239030829,bread
4762845570924544,4813886261821440,-0.06804306193890743,bread
4774223929147392,6438204339126272,0.12709337650619038,bread
4801654475980800,6291120428417024,0.354747591744461,bread
4806635111317504,4685170688917504,0.9597647268967879,bread
4808817424465920,5883436562644992,-0.7060871842547168,bread
4823807099404288,6706496714833920,0.16348716692257526,bread
4835178172121088,6368627156582400,-0.837758262814989,bread
4871156911833088,6133755125170176,-0.8304696077444136,bread
4883190625861632,4906501724438528,-0.6695355207991573,bread
4925687158800384,6100771890266112,0.8429375445989812,bread
4936112269164544,4755338572070912,-0.9103669756151276,bread
4937218844000256,6314443111661568,0.959544879383217,bread
4945893591613440,5846668555583488,-0.13233392006252379,bread
4960131072655360,4809963576754176,0.1224915925210842,bread
4978898532040704,5972817654841344,-0.9234517693817225,bread
4993213125361664,5672293961302016,0.6923381790541214,bread
4997464316706816,6420443571421184,0.9945447835398661,bread
5015407364669440,5889453543391232,0.9890120454156806,bread
5015899692072960,5945098854465536,0.41993063945166825,bread
5018645451243520,6746778944667648,0.15381095369200662,bread
5030435874668544,5345981434429440,-0.20538621705651838,bread
5038028525404160,5331899549483008,-0.9121961773759908,bread
5054457341542400,4701830862864384,0.14969307701268186,bread
5055594903896064,6129118624088064,0.09218113177177328,bread
5057106950488064,6622646538076160,-0.8178563259495584,bread
5069642584293376,5266744761384960,-0.8796015714996731,bread
5085614447788032,4830263773233152,-0.834034759195147,bread
5094016758579200,6311392644694016,-0.7844806141489417,bread
5097250768289792,4534849647935488,-0.5326030984004418,bread
5106353162944512,5613401130663936,-0.9089856818907508,bread
5113019975598080,6214978379972608,-0.7107819235903002,bread
5113801491873792,6531895909154816,0.628956531179891,bread
5114652717481984,4579761516969984,-0.8890078808457003,bread
5132349257809920,6234092729270272,-0.8209278254425982,bread
5138400535379968,4597371323285504,0.9973883301127391,bread
5138470362152960,6237249777696768,-0.1709000426529978,bread
5161026624421888,5762596114268160,-0.056285849628967655,bread
5164322542059520,4553901250445312,-0.8872611608080117,bread
5165722164527104,5848453651365888,0.9554967487215094,bread
5171070506106880,4690437874909184,0.4583482547939056,bread
5192786494095360,5112461394968576,-0.7302411042802792,bread
5196818612748288,4557891681910784,0.2205825099445505,bread
5205133065453568,5236057568182272,0.9827965259836897,bread
5205542899286016,6436450415411200,-0.00365237429479912,bread
5259239473807360,6526906755186688,0.4388202881601101,bread
5288154615513088,5203904016941056,-0.25943599277995244,bread
5299291230830592,5761119253692416,0.9974218041378454,bread
5300083971063808,4828986288898048,-0.3788871272083145,bread
5303571232849920,6333377877639168,-0.8804735494365448,bread
5308799332122624,5008995184017408,0.06848839403220318,bread
5310246903873536,6598053354012672,-0.35711981662747405,bread
5347838085038080,5202895408463872,0.22632242475260578,bread
5355326226300928,6334006687694848,-0.1789066137958513,bread
5357625262735360,4772489919987712,0.9589204265541357,bread
5369757920395264,6623091268517888,-0.23266787508537154,bread
5371470186283008,6355479506714624,0.0818687265917369,bread
5383724180963328,4838273455226880,0.7571987767012709,bread
5385189100355584,6112834557575168,0.5429744574736817,bread
5386147704340480,6462238451826688,-0.7769127900525755,bread
5387131901968384,4774223929147392,0.1037360399427247,bread
5430369438400512,4706202653032448,0.8760054259337708,bread
5459817109913600,6696240316153856,-0.6739110037107414,bread
5464578739666944,5407435604885504,-0.7723176067276654,bread
5464578739666944,6406059121967104,0.01775165688540568,bread
5481995800936448,5786918983827456,-0.8259447055284493,bread
5481995800936448,6382855632453632,0.9807419313291856,bread
5507829509128192,5139027634159616,-0.8362033405830788,bread
5522072862195712,6151037725442048,-0.9087723091108865,bread
5530798088257536,6112946063147008,-0.8856575048402381,bread
5530798088257536,6476551229014016,0.13519473455385753,bread
5544098662449152,5889453543391232,0.14842448905203834,bread
5547682443558912,6665163765710848,0.3041844895826465,bread
5556117507670016,4553789262528512,-0.9311274612182141,bread
5556117507670016,4903159707205632,0.9993976159784211,bread
5563572501348352,4862302434099200,-0.2275193810046512,bread
5590854536265728,5565220674076672,0.9308922728287847,bread
5596632420712448,4951663540436992,-0.9049693644743351,bread
5623729692344320,6536574558797824,0.9617427246907232,bread
5647064799117312,5171820275695616,-0.12312492526656979,bread
5651594232201216,4859015139950592,0.8366632353123019,bread
5696286164516864,5595598931623936,-0.8668179529606053,bread
5701570400354304,6498196152909824,0.5085065003577643,bread
5721906135171072,6584423447265280,0.9083440427330746,bread
5722698418225152,5917724209315840,0.9109149867209496,bread
5733702577422336,6224960148209664,0.429394902286561,bread
5744874814963712,5535194524155904,-0.8727349820285345,bread
5744874814963712,6707542673588224,-0.5462561171093266,bread
5760162193211392,5636664804245504,0.35735205150170485,bread
5775278867480576,5205907686293504,0.3141608631458229,bread
5815057545953280,6064567316643840,-0.5077751043926185,bread
5819741342007296,6311565882032128,0.789961715724713,bread
5827846347948032,5245897371811840,-0.5771670634683779,bread
5829237367898112,5978086149455872,0.3034283036702829,bread
5837141898690560,4962738298159104,-0.75298491409375,bread
5837141898690560,6467393117224960,0.7981479412866491,bread
5846211812655104,5165932383043584,-0.6552466030986566,bread
5856222525784064,5480653875314688,0.8872213574763071,bread
5864737952759808,6691086019854336,-0.8861561899237084,bread
5890358321872896,4872495620423680,-0.7779679909527947,bread
5901581356630016,6515227497594880,-0.8091633451932855,bread
5908474112245760,5420607380389888,-0.8977037443201618,bread
5924994133524480,5259242002972672,-0.5047837778552411,bread
5928295688306688,5051215396208640,0.7403565516323325,bread
5928295688306688,6511590029393920,0.9741203885363493,bread
5933599503155200,5446657397227520,-0.8265651417315244,bread
5944082205507584,5004023893590016,-0.05317302585601362,bread
5945648610279424,4655865820872704,-0.2811143680994337,bread
5992469994930176,5655140797251584,-0.7815052245548615,bread
5996853831139328,6358669409124352,-0.527689023819069,bread
6017845701902336,6215611497578496,0.85632607308741,bread
6034519905796096,5126386987565056,-0.7920810384287168,bread
6038446244102144,5234962267635712,0.5838359581580406,bread
6060647567589376,4905727405588480,0.9541453201096571,bread
6067738042695680,6244417541242880,-0.6792041134684137,bread
6075263563595776,5155641351995392,-0.9037209094756065,bread
6087056570712064,5165292915261440,-0.7500587650822055,bread
6116265301114880,6200665334349824,-0.8886910760890429,bread
6131525416386560,6232117459550208,-0.8922412098247934,bread
6132053298905088,5244845192904704,-0.7723866941449204,bread
6138211606724608,4685170688917504,0.7284417748121509,bread
6138211606724608,6526906755186688,0.8518321058950771,bread
6139959394172928,5666224128131072,-0.765275992999174,bread
6141023266799616,5487190345777152,0.34305136104976225,bread
6171467471388672,6212038743293952,0.18913270248299874,bread
6193506525642752,6246894344863744,-0.9033529313926859,bread
6213338503577600,6747917865975808,0.588880617090797,bread
6254451545341952,5357274245627904,-0.4909608577949505,bread
6278667040718848,5380090357612544,-0.8949359995634789,bread
6290239205146624,4558417475665920,-0.7907732033274554,bread
6295430293880832,5216256258998272,0.1418195017298858,bread
6323845130616832,5095247602253824,-0.8368004988016475,bread
6326609076289536,6557657190105088,0.37091239959845623,bread
6329964049727488,6739095655022592,-0.06024101324871355,bread
6332315288469504,5593199454191616,0.1410513467176297,bread
6332351040716800,6467672042635264,0.1277352938583063,bread
6334333772103680,5599318100672512,0.05723253805872865,bread
6351042251849728,5514579922649088,0.29110777767896284,bread
6360677662851072,5344090143064064,-0.7899890611422667,bread
6364221648404480,5495939651338240,-0.8962316710092395,bread
6369939592052736,6737884654600192,0.9960098402823978,bread
6378928467869696,5636664804245504,0.07060507874439315,bread
6384812522733568,4922011958640640,0.07862427136689393,bread
6402266380632064,6114739950190592,0.9071913619023206,bread
6407123434995712,5866014464016384,0.24812533504718268,bread
6429096269578240,5957502250254336,-0.887039058917806,bread
6433422761263104,5383595248058368,0.7271133330254315,bread
6438206822154240,4803814508986368,-0.8475735228391256,bread
6445791277219840,6321989268537344,0.2985615506168557,bread
6447242103750656,4576082256723968,-0.8945276143707908,bread
6462238451826688,4785026795307008,-0.5781292840205435,bread
6478436367335424,5114910465851392,-0.8370479741496885,bread
6481629813932032,5812575105187840,0.921285055268974,bread
6481629813932032,6358669409124352,-0.4811734600779881,bread
6489874741854208,6239885008568320,-0.800428822749485,bread
6496685050036224,4813826077753344,-0.7110045322444541,bread
6496685050036224,5725384249180160,-0.6521389438240861,bread
6509840027353088,5248072961490944,0.1329466934377648,bread
6510861294239744,6701024460931072,-0.745941642017891,bread
6512979614892032,5211894585491456,-0.042090516047449275,bread
6542276559896576,5059619024011264,0.787732604930617,bread
6559041377533952,5572000900710400,-0.7709179055911123,bread
6563035751645184,4893404058091520,0.5543263151183235,bread
6589787022557184,6384812522733568,0.09068434394562394,bread
6618717385392128,6415962309918720,-0.8021781619427153,bread
6621407440011264,6288081978130432,0.3675307490671468,bread
6625968498147328,6137759578193920,-0.1305047077001307,bread
6626243346694144,5867716999118848,-0.34923726047551196,bread
6665264559030272,6139959394172928,-0.5540665479717559,bread
6669494766272512,5948753066328064,0.9134122180483504,bread
6688507328200704,5998211846111232,0.4841737553740864,bread
6702236426043392,6690949004525568,0.9482165231290225,bread
6703616133955584,6112946063147008,0.992277177073594,bread
6713282566029312,6279235247276032,-0.5899876922555272,bread
6718722540568576,4773339434319872,0.8952307149751203,bread
6727718769000448,4868310611001344,0.18332576559144365,bread
6741019460632576,6720390380388352,0.8812032372769842,bread
6744448807469056,5739182150385664,0.9996068245940014,bread
6747649485045760,6749654328803328,0.9972625348564732,bread
6749882679296000,5683149088489472,-0.8376801847411829,bread
6750208023068672,4838273455226880,-0.8158162289095718,bread
4505301061468160,4796620321325056,0.14464138019001713,chair
4522823655620608,6271356465315840,-0.17915397516751155,chair
4523717902204928,6410868898136064,-0.5291208967996729,chair
4531486956978176,6181036998262784,0.8900775825321815,chair
4536077605928960,4561678412808192,-0.8654583854879162,chair
4538858194599936,5489415809925120,-0.6365400312977849,chair
4539076751392768,5463256623742976,0.3424650532868674,chair
4551435804999680,6454866027216896,0.7133348607609542,chair
4554112257490944,5394117800493056,-0.5823156813039009,chair
4558985552199680,4734360009834496,0.873618024053183,chair
4568024176656384,6720424756903936,-0.7779380240646213,chair
4575588671029248,5328502746251264,0.006774867127933809,chair
4576770076442624,4630275633971200,0.7127660960890836,chair
4583921465425920,4689273469009920,0.06520048533205744,chair
4585115042709504,5761597668589568,-0.2397040145472176,chair
4588962343550976,5404903654555648,-0.8666825815136286,chair
4590799884910592,6112130317156352,-0.06479942240461183,chair
4603677857808384,5009224025243648,-0.7126872372793557,chair
4604351899238400,6439873068138496,0.7178800718685289,chair
4607628908953600,5223524903944192,-0.7218218204742555,chair
4607628908953600,6083131939487744,0.600680304742784,chair
4618593473921024,6178857180725248,0.9152244275436414,chair
4620240849731584,5774485070282752,-0.8568046087834642,chair
4624089744408576,6019465894428672,-0.47664208314697465,chair
4624089744408576,6703435111989248,-0.6067174432484941,chair
4633752896536576,5456684753354752,-0.7614184202568957,chair
4634534983237632,4869547691606016,-0.4602164618175225,chair
4638946841591808,6462864829186048,0.9199172574701082,chair
4650565143363584,5556845789839360,-0.21370546113823108,chair
4650948838293504,6580579548004352,-0.5301292988851172,chair
4669396679131136,5218515965444096,-0.4878027034702792,chair
4673830142345216,5600553977511936,-0.42403566950917876,chair
4684548115791872,5738547086622720,0.21495394595260536,chair
4688696534106112,5290086847479808,0.19938903459345206,chair
4699014924599296,5711832222269440,-0.5233040455572148,chair
4711714169815040,4979930632814592,0.6933604354944216,chair
4714709271969792,4835324586885120,0.9003079801160807,chair
4717186918645760,5260444509929472,-0.8793549067669554,chair
4729090265317376,5353927224590336,-0.8698613961612539,chair
4747905258749952,6030166876749824,-0.7604617696455072,chair
4752230026575872,6734372528979968,-0.8345387719154234,chair
4773446003195904,6656714352885760,0.8608729353309048,chair
4774626682994688,6157093843238912,0.6510612090259248,chair
4775348673708032,6371650331213824,0.5602696207880382,chair
4780726174089216,5798642835259392,-0.5899668521800713,chair
4780970433576960,6031451877277696,-0.25282619891492547,chair
4785432988483584,4876742550355968,-0.011700569359900834,chair
4787489908719616,5252316150104064,-0.9376125165907002,chair
4794451782270976,5669796370710528,-0.622083569861047,chair
4808941324206080,5939874047721472,-0.5579095877921502,chair
4809843971981312,6205565959143424,0.9787339150679569,chair
4824646710984704,6676880834953216,-0.8916523443157178,chair
4826191578005504,5641941943320576,0.5317494664895271,chair
4826684773629952,6179930637336576,0.42726321811899154,chair
4833339892563968,6731294060838912,-0.38771737191213124,chair
4846662059032576,5481416785657856,0.5533949338962222,chair
4858214178881536,5503807897206784,-0.2010572453827129,chair
4858663657275392,5367811310354432,-0.6984821602668173,chair
4861001210003456,5783700392378368,0.8502583504502881,chair
4863090392825856,5520532696989696,-0.673645276775117,chair
4863431842725888,6600570108379136,0.749623480631293,chair
4869420704858112,5503625356902400,-0.6959307888868873,chair
4876325149999104,6466279814725632,0.9977994970817475,chair
4887166805082112,6727016059502592,0.9995245359404997,chair
4888925543858176,5193535563235328,0.18410890829942947,chair
4890352865509376,5278917046829056,-0.7835584740566005,chair
4894709405188096,5433607843741696,-0.5332534559415052,chair
4899861788884992,6290107202011136,-0.834253018662205,chair
4900557326123008,6215041709768704,0.7723643353597447,chair
4901862257983488,6591789798522880,0.2290654797411651,chair
4925235700695040,5869590309502976,0.9188699424645399,chair
4927104330235904,6155461436899328,0.7126054128379806,chair
4930888095760384,6094577624678400,0.8513586118805098,chair
4936822482272256,5138459335327744,0.41937453700738314,chair
4950463164186624,5774039266099200,-0.7501731743143787,chair
4964468800880640,5685023636193280,-0.6235500783156747,chair
4967462460194816,6462864829186048,0.5987388594920243,chair
4974319341928448,5397535302615040,-0.6897142135420765,chair
4986618786086912,6565330438586368,-0.3432491138317306,chair
4991130133331968,6192224159137792,-0.5804506601078134,chair
4992443319582720,5250928791781376,0.8843510192681673,chair
4998058314039296,6137174778970112,0.6182761482355368,chair
4999322779254784,5827614084169728,-0.6215545380542629,chair
5017904019931136,5521834541842432,0.48729760374758857,chair
5020449891155968,5666281137111040,-0.9091967680434255,chair
5034903378853888,5584222565695488,-0.8518575892891153,chair
5042126138114048,5570554172014592,-0.823914301314045,chair
5053701762842624,6181036998262784,0.3336442199225919,chair
5054321395761152,5162808863883264,0.5757434621294468,chair
5056759125245952,5710269068083200,0.18615451054692242,chair
5064516574380032,5428041079586816,0.3871751868346523,chair
5075420204498944,6437094169772032,-0.020781036866612337,chair
5080274272518144,5898358570876928,-0.6254407187480341,chair
5094525577986048,6023996548055040,0.6531784186320219,chair
5108959201460224,5510452677181440,0.5053723287077381,chair
5111376932503552,5483806565859328,-0.8234979892124201,chair
5112317631004672,5847699683278848,-0.12129252928652819,chair
5137226797154304,6124364565053440,-0.691235958045849,chair
5150635601166336,5868104250818560,-0.9414539547715767,chair
5158370120040448,6471753435971584,0.6051845691687834,chair
5164666286243840,5768569478447104,-0.24116698228810066,chair
5178291902218240,6595947612078080,-0.3599323052399799,chair
5185527265361920,5715714130313216,-0.9074029253848525,chair
5193962358833152,6023347605340160,0.2773603249925869,chair
5197526598680576,5561443200008192,0.31911352558581646,chair
5212886722936832,5733899978145792,0.8160623615949775,chair
5223911098679296,5679750829834240,-0.4545919119587531,chair
5227414936354816,6309445413896192,0.3675287431211378,chair
5255188480786432,5414700256854016,-0.8203539839863926,chair
5262007022387200,6494058656563200,-0.1540356287260957,chair
5263697192681472,5753553412947968,-0.5204794687004113,chair
5269917731389440,6292541597024256,0.6683442555515356,chair
5272729458573312,5391254655336448,-0.5969778937799668,chair
5287965657923584,6702137859899392,0.6895150930465799,chair
5295057517150208,6717704180334592,0.8741631568993017,chair
5297386144399360,5676347114389504,-0.9419390952714414,chair
5312206264598528,5501706781589504,-0.3173066222224569,chair
5318742588260352,6321864412495872,0.821351409528215,chair
5319825352032256,5981686338682880,-0.9610643157885836,chair
5321624641339392,5465683418677248,-0.575288687166292,chair
5331241748398080,5839165851697152,-0.9555201828654744,chair
5341279569313792,5513605019598848,-0.5426203063091084,chair
5372820517289984,6318384415244288,0.7887279483575168,chair
5373224713977856,6200392935276544,0.4814041726855739,chair
5377172564869120,5917128551038976,0.9244449743538985,chair
5377523506479104,5794429002579968,0.7186373752753363,chair
5382828948717568,6041058590851072,0.9965738062499855,chair
5383043260874752,6327997906812928,0.8635187241757877,chair
5386364231090176,5873257959915520,-0.7935527546949475,chair
5388903697612800,6035775562973184,0.9626090181733243,chair
5389845146894336,5709296325099520,0.6002773550801128,chair
5393325764902912,5709178515488768,-0.08717866234537729,chair
5398019073638400,5500514731032576,0.9940100299418403,chair
5402506676928512,6665537474002944,0.3583884167773408,chair
5406134972186624,5514257967874048,0.795720037048768,chair
5437097525641216,5549814106292224,-0.8208439366077098,chair
5439152864624640,6259705292783616,-0.7226572342377191,chair
5446831024635904,6450212979605504,-0.8655122554992634,chair
5454520509267968,5943338823843840,0.9725929569159697,chair
5456768773652480,5698607917301760,0.38468041912927375,chair
5463878521585664,6129493158658048,-0.2447900567991257,chair
5485199074787328,6382646231826432,0.9225185885861407,chair
5494579014926336,6704252443426816,0.9841149377315889,chair
5497210554810368,5565785059622912,-0.6157238740626898,chair
5497943635263488,5558731548917760,-0.047491830960366695,chair
5501706781589504,6646828751650816,-0.693305749100075,chair
5519726585315328,6059494721191936,0.3014413730704746,chair
5525149468065792,5871065161007104,0.5539466368952323,chair
5533086047535104,5581833909567488,0.5745873846580939,chair
5533616777986048,5688324066902016,-0.8444894723252193,chair
5533643403427840,5803828840497152,0.8203385340614772,chair
5556711572111360,6494009264439296,0.8748426114093562,chair
5565832874688512,6381832654290944,0.4900055246729287,chair
5582176483540992,5669300012580864,0.39380871316393096,chair
5593438898618368,5632230367952896,-0.7036252105795072,chair
5596319475302400,6703445845213184,-0.7772809061075069,chair
5610195843547136,6164344754667520,0.9840575688872333,chair
5624273001512960,5906592862044160,0.8564018938027177,chair
5648546416033792,5814411019157504,0.8124994006179016,chair
5663332927275008,6264937317924864,0.7325169616888085,chair
5668230867714048,5842056972861440,-0.7520498087966686,chair
5689795143532544,6625626674954240,0.4345364019072869,chair
5693907042041856,5723613934125056,-0.30005055611030773,chair
5773680149790720,6030217241952256,-0.4536933953135441,chair
5777505875132416,6267105655652352,0.051963159420244584,chair
5784644601511936,6457117206642688,0.28975664355968483,chair
5802140415033344,6578489408880640,-0.9414556498064888,chair
5808731382087680,6192224159137792,0.76413228810005,chair
5815354704003072,6593563976531968,0.09006769030780658,chair
5833209206013952,6010576436199424,0.8757031940235351,chair
5842626169274368,6450698612899840,0.1565512142515239,chair
5852405130330112,6083897366413312,0.9949911287204237,chair
5935506749652992,6615379688292352,0.7315895643797032,chair
5939126857629696,5964885651357696,-0.9456189409596566,chair
5950208523370496,6059392384368640,0.7964515058099157,chair
5988829288726528,6576216263884800,-0.6356410894194591,chair
6007337930194944,6422097809113088,-0.8882742776934075,chair
6007337930194944,6643149453656064,0.9787671652128797,chair
6055933656432640,6735077927026688,0.39730294756491485,chair
6057435267596288,6245803360256000,0.9298563951062324,chair
6071552174981120,6534104797413376,-0.2554929549117569,chair
6072546808037376,6343755856609280,-0.4469132490884269,chair
6079183258124288,6181804501368832,0.7000839359333957,chair
6083911526383616,6443650202468352,0.14215941495283316,chair
6101619026427904,6361881910444032,0.9840018090015943,chair
6110400149979136,6593015088939008,0.5376216276189986,chair
6112038294126592,6293799145832448,-0.8041196031797377,chair
6125214939217920,6409275654012928,-0.24241064995809655,chair
6138637009813504,6430929201397760,-0.9024687940690495,chair
6168547078176768,6331832624742400,-0.46031476289491957,chair
6182903409016832,6404493606387712,0.7955365281823257,chair
6182903409016832,6572577839382528,0.7100596970413003,chair
6186347251367936,6415967829622784,0.5759261814048081,chair
6198895606497280,6697597525819392,-0.7821618691731368,chair
6319303869595648,6558970091143168,0.591682919659754,chair
6452554223321088,6521331430457344,0.9257876380544797,chair
6467948443074560,6597268352270336,-0.8737356413836644,chair
6502442097180672,6607147259396096,0.7881920105569327,chair
6527567102214144,6696205151109120,-0.31087653481438937,chair
6561156346937344,6754967970906112,-0.7594764246023931,chair
4503637655027712,5381429783429120,0.06980253832400746,house
4509571555000320,5036284126953472,0.13577024714623678,house
4513458160664576,5181036889636864,0.04270327367510345,house
4519990017392640,6185600447152128,-0.3954475803739714,house
4521419020959744,4975832445485056,-0.20181553141952696,house
4521827994959872,4838279239172096,-0.9591050072030753,house
4528088836734976,5027080750235648,0.9087414253221652,house
4529781938847744,5734569053519872,-0.9464206616530788,house
4532041410412544,5302618958069760,-0.49280629551546273,house
4535921712037888,6098252657065984,0.9169423580452616,house
4547995150319616,5795062392815616,0.6360956929249321,house
4548433924849664,6452329089859584,0.3088993031794649,house
4549598397857792,5890709418672128,0.5868240120264951,house
4558336726925312,5204399364243456,0.36544721635908894,house
4559202934587392,5573508853661696,-0.4573118653801975,house
4562132827897856,5423009139523584,0.7192401711347445,house
4574639483256832,5538579847577600,0.747242066077555,house
4575223330373632,6730812269527040,-0.8654689237346723,house
4576924305195008,5256202776739840,-0.6908179799354396,house
4578233196478464,5668954972356608,-0.7988343345416635,house
4578975688949760,5142370909683712,-0.06264957021159426,house
4588802691563520,6668154015055872,-0.08877272357584817,house
4601595960492032,6508496478535680,0.7730461368604099,house
4603298659172352,6356936893136896,0.4260696864133197,house
4610927611609088,4953112559222784,-0.5584624182214306,house
4611706359644160,4843681737605120,0.3985018586168937,house
4617771960762368,6208908278366208,0.950830272405787,house
4637101377191936,5763490411184128,-0.44514096348689536,house
4639693977157632,5015695735652352,0.9942182079912485,house
4641012515340288,5848542000185344,0.16459254090941727,house
4653010103828480,6730812269527040,-0.4121043569478367,house
4662983907082240,4709079912022016,-0.162668226651335,house
4668418567438336,6154482905776128,0.4848976905094239,house
4678033321492480,5505282341863424,-0.6112395260217,house
4699434489217024,5800453918949376,-0.38816209671279045,house
4704623648571392,4968749893419008,0.7977668306279073,house
4705835588517888,5605667421290496,-0.16969597799161656,house
4713530055983104,5600623573598208,-0.47666555192945825,house
4719349971550208,4720406646751232,-0.48463082194790363,house
4719823873376256,6147056626302976,-0.8399625152432153,house
4735358166106112,5114947598024704,-0.10216411016983502,house
4737759275122688,6064253628841984,0.4340415901328764,house
4749159863156736,5118640326180864,-0.879633126249073,house
4752462957248512,5614866687590400,0.8843402993223665,house
4753143642456064,6676037482053632,0.4776116249595722,house
4761105773625344,5481557181595648,-0.6877775717977889,house
4765743839182848,5872688042082304,0.7495943366701412,house
4766354391433216,5138011840839680,-0.08772274160664133,house
4767537168384000,4936592768630784,-0.8699625216990955,house
4781252525686784,4979520228556800,0.4609067474534628,house
4790820924293120,6701988882415616,-0.24027360086285673,house
4793579891326976,5946399524913152,-0.6529292069232661,house
4797161470427136,5546163333758976,0.42016487897019694,house
4797226784129024,4961983457656832,0.37885668088338886,house
4801032343257088,5032119266967552,0.03626394678625275,house
4811951324528640,5482265209470976,-0.8324537561061709,house
4826473229713408,5991875628498944,0.9076656048284597,house
4849525678145536,5842483248365568,0.1481956488759187,house
4853769697230848,5326723287613440,0.8038797357131797,house
4854000430088192,6483613732306944,-0.8676318704147064,house
4858219149131776,6606200923750400,-0.8647653924191889,house
4872202199498752,6082103500341248,0.36879745471618436,house
4872366368751616,6027432190541824,0.216299544834926,house
4892309512519680,6514549593210880,-0.8455372250064319,house
4896457544957952,6286634486071296,-0.5975993982364137,house
4921337212567552,5659597748568064,0.6447758954486855,house
4930638987657216,6466704030826496,0.3784460082462561,house
4933089958559744,5149270053224448,0.936914209684693,house
4946221955284992,4953112559222784,-0.8883173621002176,house
4947009876262912,6067854942142464,0.41377952805290086,house
4957372227256320,6711250509627392,0.03246388106103954,house
4974887166803968,5194826137993216,0.45611632168569843,house
4975720092663808,5104348168192000,0.881952163257386,house
4987671879352320,5972054090186752,-0.7494974862283867,house
4991151641722880,5602394979172352,-0.9083718224770629,house
5017805504118784,5623777889091584,0.32272733642751716,house
5021346448801792,5934504881422336,-0.8803561895542605,house
5040831759122432,6480590696087552,-0.7084146357272326,house
5060477816143872,5063499694735360,0.49353836154070524,house
5064571658174464,6203266033516544,0.17286942129861568,house
5090303910346752,5417967200239616,0.9285136693979299,house
5091195636154368,6393366335979520,0.6173773475282587,house
5099346410340352,5200621592379392,-0.11200859086783607,house
5099519471517696,5706598817202176,-0.17346205856142946,house
5106172442968064,5516741331386368,0.9918988681355821,house
5111942123356160,6323994326204416,0.5183411235282555,house
5120178096439296,6598091371184128,0.8038900937084389,house
5122467280453632,5966882614018048,-0.42283823413110594,house
5124034977071104,6347406310375424,0.7907167940345182,house
5134854314262528,6115753625387008,0.6151108033829263,house
5143539241451520,6067202727870464,-0.5477064497734214,house
5145549806239744,6481744704307200,0.7464079754039306,house
5149436852305920,5825943811653632,-0.5349530051751848,house
5149953192099840,6294249551167488,0.8453339900249132,house
5153798295126016,5679922875990016,0.9234434166705305,house
5163982098792448,6737513676800000,0.4823619776085691,house
5167842548776960,6510990680129536,0.05888013759397238,house
5172805370904576,6052890789543936,0.21049792616566615,house
5180984192401408,6728928741818368,0.5082576124180297,house
5188021634727936,6222079886098432,0.25861915245068323,house
5206537955966976,5944395037671424,-0.04813206275218147,house
5208232807104512,6024459670519808,0.37866841727677936,house
5221776588013568,6729230798815232,-0.5819291869468375,house
5225059318759424,5555669895741440,0.8000778458535578,house
5228331593105408,6082993779113984,-0.3256473628847624,house
5228352585596928,6486091592892416,-0.3674165134899126,house
5241481558228992,6642768665378816,0.8788204607043034,house
5250556492775424,6057256758018048,0.16016465820550804,house
5253758726438912,5694341349638144,0.6461945755996362,house
5255482820263936,6346656440123392,-0.7445021598225421,house
5257857966538752,5895242370777088,-0.16931820914659776,house
5262737724669952,6195171769188352,-0.5961200980847943,house
5267072818872320,5279516379316224,0.10673543397768787,house
5276575014584320,5783410062655488,0.08068071051376785,house
5279705911525376,6682806484729856,0.9338515235543609,house
5282363141521408,5838973316366336,-0.32824419605899824,house
5287993373884416,6274978603335680,0.2907312772843665,house
5293120759529472,6322748974432256,-0.7437725297419165,house
5323670593470464,6559715284746240,0.38550113395433233,house
5329935923150848,5797358304493568,0.447765533665085,house
5331563212439552,5658577626726400,-0.8507756289116244,house
5331572087586816,5950045046177792,0.9458774962228509,house
5350729889873920,5689478389694464,0.2944447219898337,house
5387421162143744,6377840633184256,-0.051521203229762204,house
5390437000937472,6103485995024384,0.022757157683363147,house
5395003100626944,6523040680640512,-0.9468371796173525,house
5403250209587200,6255013561106432,-0.64933133060206,house
5431345620713472,5518206384996352,0.1426560060166862,house
5446818492055552,5763955119095808,-0.5004848258264607,house
5451744467222528,5699661975257088,-0.9162491323112897,house
5456403168755712,5940570516094976,-0.8994474040988655,house
5464975755706368,5623376733274112,-0.4607992044759268,house
5480507359887360,5759465552871424,-0.4074026729818192,house
5492032854294528,5678281883910144,0.3922690686503477,house
5497851213774848,6604231211483136,0.3440015058858251,house
5498227023413248,6209418624499712,-0.16151943125616455,house
5500300385320960,5683533265764352,0.27959551395475063,house
5517318786383872,5994259939328000,-0.8892458018155984,house
5530444378406912,6739804991520768,-0.8036379654116677,house
5532517081808896,6749448283619328,0.17442258740320035,house
5540586855596032,6637806765998080,-0.5262592202417924,house
5540707047571456,6644314853605376,0.683869673543127,house
5541440279019520,6256425481273344,0.033228802252120285,house
5542305228390400,6706548875198464,-0.5567169298593637,house
5547030648717312,6419909925928960,0.12006570651415137,house
5564251085209600,5612327556612096,-0.2137803691669092,house
5578859292393472,6208261185339392,-0.8609994466341018,house
5582779439906816,6641125567758336,-0.8975813168706693,house
5589940308017152,5742446661074944,-0.9514128358304016,house
5606434127478784,5640972106989568,0.9896996952443972,house
5620688113106944,6401023541248000,0.859125602136112,house
5622940223668224,6310063587196928,0.3502810834690139,house
5629811613499392,5965338720075776,-0.8630251449434128,house
5639092656144384,5902180777197568,0.9595844433100302,house
5639092656144384,6585247623806976,0.8579687383838088,house
5641979826274304,5911988498595840,0.6529638236362194,house
5647341388300288,6208261185339392,0.9857177140557924,house
5672918086320128,6388542840242176,0.7554764640954676,house
5677055398117376,6507165789454336,0.21987720421559628,house
5693087101747200,6567595194974208,-0.24607603464678232,house
5693664103759872,6452465438294016,-0.5098214931630609,house
5765687836409856,6050999896637440,-0.2929284745321365,house
5772310323658752,6369386493378560,-0.5620488509167875,house
5795958015131648,6481880935301120,0.9672262601255844,house
5813836114296832,5876789630992384,0.31724834425716025,house
5857963820449792,6187052045434880,-0.7920273232169427,house
5881022124130304,6113174749184000,0.08480211588864384,house
5887999545966592,6347840286621696,0.8730807410891378,house
5893591111041024,6371770217005056,0.06535862409225539,house
5903825313464320,6740674353299456,0.4666403512869015,house
5905250298888192,6587156418002944,0.04079823608046994,house
5930847263784960,6255090971181056,0.31377112098894017,house
5991743558254592,6238472769634304,-0.2544845933023354,house
6001871024029696,6283667825491968,-0.7241358245383431,house
6008762265501696,6460982643654656,-0.45354156483457597,house
6030571039883264,6516783781511168,-0.7580774447936864,house
6044571052015616,6559202862432256,0.22035363627080667,house
6048597017624576,6095748204593152,0.5690747532886975,house
6052760984223744,6356936893136896,-0.3919019385010908,house
6083656667889664,6615313636392960,0.8629256400709242,house
6084243077726208,6310858319724544,0.6979236079257973,house
6103506475810816,6318606121959424,-0.5532828701517802,house
6104995206266880,6385886717542400,-0.3173829846518667,house
6114496458260480,6340389072011264,0.8386482858584388,house
6120481159643136,6144098601795584,-0.8129248772829556,house
6161872732553216,6754045391798272,-0.9463360854089062,house
6170683174289408,6514048021561344,-0.13232396655079978,house
6193987780083712,6626361013698560,-0.8459744325458269,house
6238638226538496,6431734709092352,-0.47959862529639713,house
6239593135341568,6485433812779008,0.9550412929131977,house
6270813688823808,6383900798484480,0.7086417640311733,house
6272057165742080,6662629936332800,-0.3010843084823611,house
6294178529017856,6413109579218944,0.8906504103349305,house
6359785886711808,6613715086475264,-0.0651851464613201,house
6408986830045184,6658135282417664,-0.7678463360596874,house
6415780243570688,6430900273283072,-0.4345013063315564,house
6496131536125952,6574907037057024,-0.9340080885915363,house
6587120049192960,6735322337509376,-0.8307566267594774,house
6608824095997952,6735338225532928,0.8091214916218692,house
6648369873158144,6672623767388160,0.6898550899988242,house
4507637007777792,5506359007117312,-0.5784571685295768,tree
4514498452914176,5045351679524864,-0.28093888604395284,tree
4558391374512128,6704110596259840,-0.16411515171763438,tree
4559700781694976,6691873160691712,0.8431803148704912,tree
4580306881347584,5174745467191296,0.8708395717453422,tree
4592989026385920,5001874006605824,0.31467512476952453,tree
4592989026385920,5086907564294144,0.4148825888791089,tree
4604872747909120,6580511281512448,0.5884008262287925,tree
4607559971373056,5835679013535744,0.07195597860299395,tree
4646404377018368,6681960573304832,0.7897692976778237,tree
4656344177049600,5687001888063488,-0.6370268205640355,tree
4659614236803072,6393343753846784,-0.7982411422933613,tree
4661648457465856,5022978049835008,0.19857955976523425,tree
4667853879902208,6346891920932864,-0.1602309136030893,tree
4707338638327808,6739835475722240,-0.6370641286862574,tree
4708881638883328,5367125659090944,0.09204066453186223,tree
4721944261820416,5794425110265856,-0.5847279282001178,tree
4730719286853632,5325080026415104,0.8613337662890437,tree
4733652242006016,6427475242385408,0.9615239913817809,tree
4742438486802432,6227319846862848,-0.27936334124208284,tree
4746912655736832,6346891920932864,-0.4396246760181396,tree
4754237751820288,6231969887158272,0.46777096171379123,tree
4771622672138240,6399144027488256,0.9876684370311073,tree
4777250606022656,6728984358289408,0.1875692051084973,tree
4781795235069952,6629514828316672,0.9745645037505538,tree
4793407400574976,5021520449503232,0.19044954442550255,tree
4808756976156672,5394944229376000,0.41759837669313676,tree
4833264831299584,6299933638393856,0.6272260412372036,tree
4834441937551360,5745391112814592,-0.4438684093197787,tree
4863967757336576,5347951129919488,0.47082678130107825,tree
4866146731819008,5708735160778752,-0.6335674228653942,tree
4875814367657984,5252928635928576,0.018774752841100997,tree
4883105863172096,6073022391779328,-0.48544606827328984,tree
4929169806852096,4841224265531392,-0.6905300257131665,tree
4942365473112064,4616725163147264,-0.40395211535278286,tree
4948287830360064,4573178275823616,-0.450085163108091,tree
4962187703484416,5432947106643968,-0.7894250286973915,tree
4964647931215872,5411631251062784,0.31967284679481567,tree
4969273292226560,5914595644407808,-0.31981719978173306,tree
4972097820426240,6424964968218624,0.0050292991229418105,tree
4975705777504256,4891858939412480,0.1598775152818221,tree
4975705777504256,6110962455150592,-0.6543683882461894,tree
4993606987284480,6215830910009344,-0.27159979622311037,tree
4994591117803520,6102497246576640,0.7640932382622135,tree
5009873450303488,6279764618772480,0.24483885076449724,tree
5037475460284416,6605035263754240,0.021745881137598958,tree
5039160815517696,5273307853094912,0.9416503627074756,tree
5047015186628608,6209153632567296,0.6792360679267646,tree
5055632770072576,6179685941641216,0.20204910251719174,tree
5055707562901504,6749607969161216,-0.41885609332974727,tree
5104298172088320,6005399176085504,-0.3817527117606539,tree
5107052588302336,5169473847820288,-0.4966482462317172,tree
5112301692649472,6337442959327232,0.2920879367520186,tree
5113119821004800,4958919220789248,0.1954969728049457,tree
5114250873798656,5060717059244032,-0.03044724772369506,tree
5118934401417216,5748403667468288,0.6015760889234028,tree
5129032486092800,4885966042955776,0.5099841205371188,tree
5130195000360960,4640703244140544,0.0707750921395915,tree
5130379159666688,4646269303652352,0.637673379527648,tree
5134134693330944,5254297275072512,0.28994176396154775,tree
5134134693330944,6475540087177216,-0.5520712718132947,tree
5144799529140224,6285104324280320,0.3626180442799752,tree
5147511503192064,4860964920885248,0.04547261256706468,tree
5148873020407808,5830302062608384,-0.7505763595799646,tree
5155894339829760,5725838915928064,-0.8577099429011534,tree
5161603961978880,6691046576619520,0.9381548076535039,tree
5164092761309184,5899403510415360,-0.02552442409263901,tree
5168918907846656,5845843049447424,0.7098573293984055,tree
5183192241799168,4753236034584576,0.41281318052842636,tree
5183192241799168,6576084143308800,0.11593504853885027,tree
5183785098280960,6704008519483392,0.3484587370219288,tree
5188495888875520,5241475400990720,0.959593754914321,tree
5191090451775488,5540948224245760,-0.337680605076095,tree
5195205030445056,6725736373157888,-0.2626562743710794,tree
5261627857305600,6658538187259904,-0.6257765731377988,tree
5264652575440896,5097736317698048,0.6354764246336886,tree
5286518522380288,5859979330322432,-0.43298906786013147,tree
5333845102559232,6475577814941696,0.07803188390849175,tree
5378216153841664,4825033144795136,0.1489430877838326,tree
5393230117994496,6606710670098432,-0.6276868371121763,tree
5397981056466944,5559823997337600,0.9047899259063085,tree
5410446918025216,6311665287036928,-0.4704807218666723,tree
5416359288635392,4578476117983232,-0.3256450388739926,tree
5417418534944768,5708454767362048,-0.4483740112426205,tree
5427139807543296,5782657822621696,0.8180581871235255,tree
5465383655964672,5708691795869696,-0.23543892980446857,tree
5481275638939648,5089586533367808,-0.7448932837822172,tree
5484525100466176,6048833744142336,0.2869108124634556,tree
5498678397632512,6098342918488064,0.6873556611797758,tree
5502021924814848,5291858756370432,-0.5076320684513203,tree
5512375149002752,6085611746230272,-0.4155778898671973,tree
5532733088464896,6397449797107712,0.3051175064732274,tree
5546023545995264,6055544374689792,0.9823578749631549,tree
5577263649128448,5844517297061888,-0.6626102064387323,tree
5579564220678144,5499033231556608,0.48390462817748875,tree
5579984255057920,5039879870218240,-0.054346208904319966,tree
5591976898461696,4846112856866816,-0.5996468848082085,tree
5595075864166400,6663567124201472,-0.6812479659252902,tree
5606326832988160,6425465445154816,0.6933104105187557,tree
5644084460912640,6532474475642880,-0.8848162152419166,tree
5646240689684480,5045330821251072,0.6122246518047734,tree
5656537441763328,5847868126527488,-0.7773838193907142,tree
5656537441763328,6617903266791424,-0.6921051849791269,tree
5661171501760512,5966033485561856,-0.08244242335522708,tree
5675218632704000,4600726577741824,0.22523770181779965,tree
5702695061028864,4875461744132096,0.9030696928643581,tree
5706205446012928,5886855977369600,0.3539829408762418,tree
5713569683341312,4917750214426624,-0.22094861928121418,tree
5715537835327488,6207996487008256,0.8101916553288336,tree
5717789341908992,6161991028703232,-0.6372007159374478,tree
5765477236211712,6221563919597568,-0.6010671356420703,tree
5776773335744512,5920154254835712,0.8929951680025594,tree
5777096410398720,5003158591897600,0.0900411161605388,tree
5777096410398720,6123923475267584,0.10184407376989425,tree
5796616957067264,5103641830621184,-0.6146608470059225,tree
5796616957067264,6715240580382720,0.20603620282283783,tree
5819702553083904,6729583841771520,0.1753738699797654,tree
5827807223480320,6031422261297152,0.21709820298406748,tree
5841177574113280,5827807223480320,-0.033042058174204955,tree
5841177574113280,6350651141390336,-0.7171703248481467,tree
5868475161509888,6469280705019904,0.9288892746291874,tree
5890820802609152,5195205030445056,0.45058972825606947,tree
5902174435409920,5574339447488512,-0.2949532663114852,tree
5904019270664192,5241475400990720,-0.2800753226329314,tree
5909216902512640,6176961757970432,-0.4363849209977342,tree
5914386784845824,4840306753142784,0.29405735760136864,tree
5921583124185088,4626048664731648,0.0850224271906208,tree
5926676749877248,4681674581344256,0.5233928848429665,tree
5931543690215424,5402923842404352,0.588856167712696,tree
5939441929551872,6199291964030976,0.5763250472848024,tree
5977442474786816,5726178365145088,0.991432471925952,tree
5997606327025664,5596979495174144,0.9985772059372694,tree
6038139007139840,5100154451394560,0.4556947842575672,tree
6042332719742976,5701759697682432,0.2630987788483627,tree
6043760192389120,5715981408141312,0.3439486027787842,tree
6045379915153408,4753257341648896,-0.4093587605838304,tree
6047872673906688,5483012739301376,0.6094066978274524,tree
6072476129820672,5584651693326336,-0.632134745390282,tree
6098342918488064,4703567510241280,-0.3359326861123779,tree
6110006556491776,6117959091093504,-0.9284118703646842,tree
6131339407392768,4915355380088832,-0.5947398593741064,tree
6139330986770432,5553474576056320,0.46287031581365273,tree
6153645844332544,5877076991148032,0.07989861040591573,tree
6165497533956096,5268265729261568,0.8437317695310935,tree
6167007219154944,5766791022247936,-0.7001205583699877,tree
6171554683551744,5525406348214272,-0.5453302989797465,tree
6172709857787904,5586847570853888,0.9786388962900223,tree
6203542975021056,5367574621585408,-0.7655879950836334,tree
6232507345272832,5200899423076352,-0.8853335079083053,tree
6243335628914688,6381970412011520,0.3959776991740591,tree
6250544093986816,5563124864253952,-0.7013623669400492,tree
6252463373942784,4523862182068224,-0.7975378373623098,tree
6264148910407680,6174156326436864,0.006051620137920943,tree
6264404926529536,4609853571989504,-0.4136792732908487,tree
6270145355841536,6556114139217920,0.40607461641228193,tree
6271033923338240,5775386208108544,-0.020115583004254357,tree
6296935361150976,5890793690628096,0.06331589951594338,tree
6302376669478912,6585894687473664,0.7182057154158596,tree
6307926773858304,5789507221716992,0.9849743628888588,tree
6318835097403392,5877961469198336,0.6458726500101218,tree
6323944921497600,6422416773349376,-0.5098487179183085,tree
6328795495661568,5057710124957696,0.17183431449981734,tree
6329527238131712,6697642375512064,-0.5047032366033627,tree
6331931224440832,6058036227473408,0.24869406660555568,tree
6338419292635136,5895470259896320,0.4587827765488114,tree
6341537778630656,6585894687473664,-0.38029457926160587,tree
6343973360631808,6632018693586944,-0.8589240077551994,tree
6362162056396800,5411631251062784,0.8136829628337066,tree
6372027596275712,6067248483532800,-0.49415422703472234,tree
6381970412011520,4752045758218240,-0.7129464299867069,tree
6425465445154816,6747812828020736,0.36679476858356425,tree
6433464687525888,5079657730801664,-0.5603862091781939,tree
6435272415772672,6140366757560320,0.8578741195312659,tree
6441286313705472,4800797361569792,0.94580399435076,tree
6471317173829632,6666180834099200,-0.5182405833245468,tree
6484200028897280,6740925642440704,0.3449525522532277,tree
6487434462232576,6140366757560320,-0.24568242045747624,tree
6492093763551232,5944161578516480,-0.6099753508877953,tree
6506105289048064,5877076991148032,-0.4536513604444731,tree
6509219673014272,5009873450303488,0.09058314475326254,tree
6530589869998080,5584278081503232,0.09423112998984091,tree
6556725303836672,6129986647883776,-0.3084313116416087,tree
6560186254753792,5009863518191616,0.48868230012945496,tree
6571670984720384,5963324430745600,0.23837867060919252,tree
6573084209315840,6410852137697280,-0.8793768516644919,tree
6582563558653952,5044755949944832,-0.7456325265735985,tree
6592054090006528,5794692136435712,-0.09671560521713637,tree
6601115938324480,5103015675559936,-0.867742091870382,tree
6603145708830720,4681674581344256,-0.42769072121900387,tree
6610673314299904,5623310995947520,0.34723803629303546,tree
6618593166884864,5837754971717632,0.7169204047360616,tree
6627380078575616,6324818322391040,0.2920499749376301,tree
6659770427637760,5394857726050304,-0.6551631350862113,tree
6663513084788736,4987385538412544,0.9509790705792824,tree
6666113066729472,4917750214426624,0.6286906901657081,tree
6684022107275264,5337229599703040,-0.39850085519518824,tree
6696130446360576,4748950617718784,0.34891146071384616,tree
6728665192726528,5776618662395904,0.03982753031526327,tree
6731009435369472,5290741007908864,-0.6696122224351505,tree
6745743723331584,6094151017824256,-0.28379292086152735,tree
4508815351349248,4626484167704576,0.9703198297167884,bird
4518781705519104,5550713901940736,-0.27711965073610784,bird
4525720040636416,6062590906073088,0.24662896528587566,bird
4528306198151168,5847424771817472,-0.8568734090384141,bird
4536691668811776,5838207721668608,-0.5649165115720179,bird
4540473236520960,6098115943727104,0.04176757543863191,bird
4564712840757248,5624840272740352,-0.2087621702155751,bird
4565444679696384,4693077669183488,-0.6271230686995888,bird
4568587605901312,4973196962955264,0.8742282603946196,bird
4568587605901312,6719009951055872,0.6745527582674749,bird
4571054078951424,6373908120862720,-0.6702772320492979,bird
4576070600753152,5250999742627840,0.4910498322950756,bird
4601434207158272,5148642769895424,0.7501342341736952,bird
4602159888859136,6048669440671744,0.4456484991082625,bird
4604032595263488,6253704971812864,-0.2305628071126997,bird
4615466603511808,6736146065260544,-0.46101561681045783,bird
4617756894822400,4905695126224896,0.8488935979080949,bird
4617756894822400,6124344382062592,0.9276151085705906,bird
4620777045360640,6551907101310976,0.10174655663683391,bird
4625798604521472,6732370201804800,-0.22429942944232029,bird
4627167738593280,5919779841900544,0.8935781624498633,bird
4632501198782464,5257088232062976,0.02221746388036978,bird
4633869179420672,6685671492157440,-0.8694465064904153,bird
4643134648614912,6245629829316608,0.45032563640122425,bird
4645230777204736,5323349506916352,0.0294049420622312,bird
4649242549288960,6616379044134912,0.07317667744149613,bird
4655704222728192,5178806358769664,-0.49365495230681516,bird
4668420731699200,6462860437749760,0.8508864140757828,bird
4676411304443904,4725645802209280,0.0981409510225986,bird
4678616799510528,6291681039089664,0.15671795862207866,bird
4692163931668480,5578704505798656,0.20657951495106563,bird
4696492369510400,5583150031831040,0.5380179536657026,bird
4696492369510400,6176610644393984,0.2927806186586877,bird
4698637437239296,5249404300689408,0.7624742938936608,bird
4700555865751552,4953352334999552,-0.41211027210861095,bird
4716273428594688,5268859663679488,0.500306092379607,bird
4719285412823040,6452880712138752,0.005654580176505324,bird
4732467871219712,6569903953805312,-0.29974430967950794,bird
4739483431862272,4952532264681472,0.010256464628976001,bird
4742654225022976,6633124245012480,0.008436903084086827,bird
4743732798685184,4946869484519424,0.18571159943133694,bird
4757499527823360,6690718754013184,0.07649143325746649,bird
4757602405711872,5801329840619520,-0.058019862330805874,bird
4758663396851712,5175747620634624,0.5376996356403447,bird
4759993360318464,5697299055378432,-0.1371728239694939,bird
4767462761431040,6631457260830720,-0.37758458337067613,bird
4768870520848384,5190572522340352,0.2751895934528674,bird
4770171174518784,5533859514941440,-0.6799532289117913,bird
4790994266488832,5676429758955520,0.1018959679447676,bird
4791132108095488,6026938298662912,-0.46846421584064796,bird
4795337875128320,5540883376111616,-0.5055237243301108,bird
4798836927102976,6042239824297984,0.3300087490615364,bird
4804424142684160,6499303247839232,0.9173918044764481,bird
4812745574711296,5514171313553408,-0.05159307263259773,bird
4817962420666368,6228208905093120,0.2235977047841548,bird
4825660138717184,6480810846715904,0.014081879394186012,bird
4843682161229824,5494366346936320,-0.8850163071813512,bird
4859861303033856,6247620295000064,-0.5581060533646552,bird
4866186762256384,5829694324736000,-0.2898319704982278,bird
4874627916496896,6225074904367104,-0.5755954350974529,bird
4875563984486400,5670512334209024,-0.17158248134691956,bird
4880076854263808,6686045238198272,-0.7318339954985351,bird
4880422011928576,6648075902779392,0.4414564544515819,bird
4884047283093504,4996594518720512,-0.05085009811630077,bird
4886042597392384,5261891079241728,-0.3684848907418513,bird
4887776052903936,6625690298351616,0.1393853708313647,bird
4895020974866432,6351326692769792,-0.4919577190279899,bird
4899071481348096,6124967051657216,0.16036033082871667,bird
4904035859562496,5209277893443584,-0.7219561639272639,bird
4924452104044544,5541153606729728,-0.38726648182980383,bird
4924713157525504,6439626858299392,0.44575101320372057,bird
4928348176252928,6121135521398784,0.9941184572793076,bird
4929710888845312,5732811103272960,0.3732861728950362,bird
4933107419447296,6214599512686592,-0.3568521218510797,bird
4948112223240192,5595424108838912,-0.5557440199213597,bird
4969281366261760,5603669275836416,-0.44272439398471114,bird
4985739290869760,6355725934657536,-0.1500823385693183,bird
4986416419307520,5403979330617344,0.7862593642637797,bird
4988270788214784,5082518476816384,0.42054835958897274,bird
4989361894457344,6314581653716992,-0.5757811582068143,bird
4993371632304128,5326876463595520,-0.4174906470735839,bird
4997453801586688,5775780795645952,0.16230569211802282,bird
5001142251552768,5111145205596160,0.10511357632224093,bird
5010715465220096,5277288247590912,-0.21085498484835896,bird
5011684651433984,6141168607821824,-0.8303276568229803,bird
5022370915942400,5265955087187968,0.5725984711004748,bird
5023925559885824,6160227005104128,-0.7121593904957494,bird
5036852539031552,6629965430784000,0.6217588320474156,bird
5046716417966080,5603610131955712,0.8051144981678064,bird
5059130668613632,5863105802272768,-0.4759752408417995,bird
5063867061239808,5950332897067008,-0.1488243454270891,bird
5064968619687936,6618863879847936,-0.2355306782524237,bird
5065515322048512,6040438806937600,0.06685959097259421,bird
5068987266236416,5226986731470848,-0.41286537644632526,bird
5069078018392064,5388430441709568,-0.4851548347806418,bird
5073842072453120,5681776842244096,-0.4849183402490948,bird
5078665001959424,5216692147847168,0.4177366083995808,bird
5109120346619904,6478972248391680,-0.4646032979642061,bird
5124646015860736,5394745805242368,0.9047969718093707,bird
5131154401263616,6237069942718464,0.8649223276936638,bird
5133957790171136,6187492531240960,-0.05040019144773513,bird
5153398540206080,6553434486472704,0.002676788383756739,bird
5158310405734400,5846645340110848,-0.48462810750012614,bird
5167270143721472,5202814521311232,-0.15971776053764003,bird
5175803992080384,6279177751756800,0.5505498686146486,bird
5176207098249216,5431199105286144,-0.0292773999578075,bird
5178806358769664,5455767782031360,-0.4427130334855421,bird
5180101207523328,5626759657553920,0.8617155165477967,bird
5182549825421312,6185752599724032,-0.0286774339265277,bird
5183987028852736,6604406315286528,0.22276979831030772,bird
5198817299267584,5995580847292416,-0.8003457679356635,bird
5199431211155456,5443001977405440,0.032069267565115155,bird
5200006136987648,6405701347835904,0.21627237562040805,bird
5203216692150272,6239821947207680,-0.48352454320020216,bird
5212349801693184,6195096955387904,0.5203493498335869,bird
5221256121024512,5424250670284800,0.3201079609694098,bird
5224682699620352,5618652265054208,-0.3192088574190478,bird
5225663936069632,6036354729246720,-0.3218831683128258,bird
5233871748595712,6507400959885312,0.6890255039671922,bird
5237649205886976,6616228653170688,-0.09026763785677319,bird
5247016365981696,6335651655974912,0.6060325194167135,bird
5247790126989312,6053706732666880,-0.42241161718883125,bird
5268512408862720,5817716264927232,-0.12632237372677066,bird
5277964558139392,6416950336946176,0.006010607926136599,bird
5278567728414720,5429219695788032,0.11237334885192357,bird
5282711499440128,6387729778606080,0.93297922431491,bird
5282957054967808,5513016604884992,0.07084904746154344,bird
5284556372443136,5862074116734976,-0.2655823605655282,bird
5307710977343488,6134778535346176,0.6433267016518112,bird
5308332661276672,5767568193224704,-0.6648590764914216,bird
5316896687652864,6606480969039872,0.9205656595673862,bird
5317052766093312,6687707021443072,-0.6992953723107731,bird
5317652534788096,6490831978496000,-0.3977921522765491,bird
5345846159736832,6728658947407872,-0.02619176438976751,bird
5347030614409216,6059482176028672,0.0043159510009179265,bird
5353623707975680,6212117021589504,-0.7219615988347508,bird
5357880276418560,6094708201750528,0.6881366449662042,bird
5358952474738688,6323940626530304,0.16495163280925562,bird
5417877526020096,6601959760986112,-0.5327025317991281,bird
5422543118794752,6498222073708544,0.301791881313093,bird
5457014425649152,5729799576223744,-0.7861526330213702,bird
5467003680718848,5879347653115904,0.2709541715324137,bird
5475025576525824,6022756443357184,-0.5978367127770101,bird
5496349011214336,5745776619683840,-0.3079554207588489,bird
5500673573519360,6147760107552768,0.08127479545353244,bird
5505665336344576,6113648772644864,0.3801104350170004,bird
5516691083624448,6380611625287680,0.7845797314037256,bird
5517676006866944,5856565506605056,0.10827162747279612,bird
5519395017195520,6589595389001728,-0.6581018186006562,bird
5526499497082880,5693943847059456,-0.3141492016240485,bird
5532534580445184,5878075755593728,0.1652958489204266,bird
5533859514941440,5689541673353216,0.5801438365257641,bird
5539569841733632,6479493818482688,0.03276117339614007,bird
5547904389349376,6080468594196480,0.6545090993404691,bird
5562193212866560,6477704884912128,-0.3560041983327017,bird
5564191727419392,6264945526177792,0.9853933146310047,bird
5588813466304512,6581653193359360,0.1623285290760334,bird
5624840272740352,6681205414035456,-0.7743732416595617,bird
5635369166962688,5769468045164544,0.9467542409288228,bird
5649195656544256,5876103040204800,0.926597014881438,bird
5688084710555648,6481739348180992,-0.5558702925111978,bird
5690000496656384,6353638190481408,0.022979834373695426,bird
5755622098206720,5763402410491904,-0.07988648230135276,bird
5796748771459072,5874219713822720,0.008234262261082382,bird
5797542858063872,6733830595543040,-0.6106798656522869,bird
5797771980308480,6629965430784000,0.9774857420321971,bird
5806859778785280,5875296693649408,0.7940128221455668,bird
5806859778785280,6645520862806016,0.9366585891764881,bird
5825711816310784,6435915939446784,0.15445837922635192,bird
5831477172371456,6000641124073472,0.16588350165746257,bird
5851739972435968,6043001480544256,-0.8827785178239529,bird
5866748198780928,6094995784204288,-0.37763801292412513,bird
5877412283809792,6208120839733248,-0.6834102134309681,bird
5903896528551936,6638988754419712,-0.5384237143878013,bird
5925382286999552,6054744822906880,0.26469308215465526,bird
5966539767414784,6024891260207104,-0.5103846575887337,bird
5975816628338688,6456692810186752,-0.6933415996507455,bird
6002426031112192,6349088410828800,0.13912079257070253,bird
6072182843113472,6091421914234880,-0.38603574852661465,bird
6087822513537024,6130261626454016,-0.006457158560740039,bird
6089198043922432,6141046826205184,-0.31431006948845425,bird
6091592622407680,6213262943191040,0.8429536482224467,bird
6133436043493376,6304002780168192,-0.09150022677822457,bird
6151977580888064,6267123187843072,0.6784849348392012,bird
6151977580888064,6322489930022912,0.5764987169130452,bird
6171740688351232,6659518815535104,-0.6461498514531202,bird
6179361336066048,6260407452827648,0.07155599426822756,bird
6183739770011648,6617497342050304,-0.5574517381046974,bird
6196005630377984,6263669866364928,0.48915334892229856,bird
6225718952329216,6693130038411264,-0.3406387452976688,bird
6293101079429120,6663180065439744,0.46231085642267405,bird
6320537884164096,6434508867895296,0.7451789595021078,bird
6333999452520448,6608501835038720,0.8096917939677214,bird
6373911698604032,6621683894976512,0.9373479907107111,bird
6427261899112448,6679696257318912,0.7097392336985172,bird
6439207381762048,6492146221711360,0.23349214977080465,bird
6488298685988864,6747996500787200,-0.585439183248144,bird
6582684618850304,6588351190663168,0.48622663451435977,bird
6608508562702336,6645680149889024,-0.4981211292979715,bird
6642445951434752,6748577076346880,-0.17936726859211768,bird
