key_id_1,key_id_2,hd_sim
5100411797110784,5164287087607808,55.86591089385369
4909037466419200,5270154239803392,90.08884503644167
5297386144399360,5676347114389504,143.95138068111746
6423432180793344,6466279814725632,106.78014796768171
5367794134679552,6669313354235904,123.40583454602137
6267226451607552,6391809376780288,78.71467461661771
5798152269463552,5843740243525632,130.61393493804556
4683346716131328,5960074432348160,80
5050223460089856,5785519445245952,64.63745044476924
5983819855298560,6422465309835264,89.06739021662193
4858214178881536,5503807897206784,115.94826432508596
5332480573833216,6455736307548160,48.76474136094644
6315925143814144,6385876131119104,61.40032573203501
5036541741105152,5334716574072832,104.7377677822093
4633752896536576,5456684753354752,116
6141606514130944,6289916210184192,111.42710621747295
4624089744408576,6703435111989248,144.06942770761603
6299966316216320,6631239911997440,165.42369842317032
6007337930194944,6422097809113088,169.00295855398508
4624089744408576,6139422334517248,52.3450093132096
6381559403773952,6437375540461568,192.09372712298546
4741367181869056,6509186605121536,153.26447729333762
5682346063822848,5717303939301376,106.7379969832674
5421499542405120,5905444042178560,140.68759717899798
4794297398329344,4849305145835520,147.36349615830918
5447550570070016,5664080553574400,96.40020746865642
5820319673614336,6082721048690688,63.41135544995076
4764165837160448,5926173450174464,92.04890004774636
5526647002365952,6080000103022592,45.17742799230607
5396702766825472,6205771593285632,74.54528824815154
5772403806306304,6643288301895680,78.23042886243178
4599309527941120,6343437810925568,68.6804193347711
4673830142345216,5600553977511936,103.75451797391764
4650565143363584,5556845789839360,99.6393496566492
6238852492558336,6499790089093120,49.01020301937138
5170688165937152,5868078229356544,67.35725647619564
5668725040611328,6026010149519360,82.02438661763951
5891192015290368,6410069082112000,107.16809226630845
4595493311086592,5175536781361152,78.02563681252464
5716757421490176,6212007470563328,121.43310915891102
5214253294288896,6289703357644800,121.01652779682617
5247362173763584,6101551242280960,140.05713120009278
6101619026427904,6361881910444032,76.32168761236873
5519726585315328,6059494721191936,45.0111097397076
5093313625456640,5320490031775744,66.48308055437865
6373783214489600,6420750208598016,189.6549498431296
6502442097180672,6607147259396096,52.630789467763066
5939126857629696,5964885651357696,107.22872749408155
4894186480336896,6112946260279296,103.07764064044152
5312381741694976,5794120301805568,106.06601717798213
5439152864624640,6259705292783616,107.82393055347222
4549921845805056,5673139298107392,119.25183436744275
5951875004235776,6516858406567936,95.38343671728336
4991130133331968,6192224159137792,102.39140588936164
6198346869899264,6293799145832448,96.74709297958259
5381937860444160,6555354940833792,71.02816342831905
4888140437258240,5163529025880064,75.1065909225016
5249074758418432,5696072724774912,68.00735254367721
5504553959030784,6071552174981120,78.64477096412705
4927278611955712,6578489408880640,87.09190547921202
6306583652859904,6543490156593152,139.51702405083043
6206087508262912,6512383772065792,125.92855117089213
5285916753002496,5287956325597184,123.1990259701756
5346315619794944,5968363903778816,99.84988733093293
4594317295353856,4916811495636992,87.5956619930462
4806116208803840,6647296026476544,62.16912416947821
4786271312412672,5069747005685760,62.20128616033595
5515632021864448,6117291173347328,65.49045732013177
4562319369568256,4749761024360448,114.02192771568107
5962136419303424,6128519916552192,123.17873193047572
4681587155271680,4741984579223552,82.34682750416071
6125214939217920,6409275654012928,151.40013210033868
4654500876910592,4937222434324480,98.32598842625484
4958752367181824,5070764610945024,96.25487000666512
4575588671029248,5328502746251264,83.19855767980596
5189652728250368,6706008481071104,75.95393340703298
4513595738030080,6097076809105408,88.88756943465155
4519290965327872,6263864364630016,140
4718912400785408,6515686065045504,130.96946208945045
5214879675842560,5580841658875904,87.05170877128145
4766950167150592,6015848659550208,92.09777413162601
5197138810109952,6345232536829952,99.29753269845128
4841437583638528,5088756497383424,62.20128616033595
4770161884135424,5567495664566272,114.9826073804208
5501706781589504,6646828751650816,100.16985574512923
4833103870689280,5192823789846528,46.84015371452148
5696949820850176,6261240693260288,88.05679985100527
4868119849861120,6598791400521728,86.57944328765345
5556711572111360,6494009264439296,116.1077086157504
4881505450983424,5361902441988096,143
4809843971981312,6205565959143424,56.04462507680822
5470601034596352,5554767226994688,61.032778078668514
4614320971317248,5128591765405696,42.720018726587654
6411017124839424,6527795859554304,146.26346091898688
6010087749451776,6331853545930752,68.00735254367721
5388903697612800,6035775562973184,91.92388155425118
5819981088423936,6475418699825152,141.05672617780408
5485199074787328,6382646231826432,61.5223536610881
6232276356562944,6692617662234624,134.35773144854747
4927104330235904,6155461436899328,67.60177512462228
4858542139899904,6447839674630144,111.44954015158609
4718371289432064,6435146049781760,130.86252328302402
4529113924632576,5879998311301120,112
5750162859229184,6476641205223424,149.09057649630307
6636766213701632,6648502492856320,48
4735800346411008,6596801220050944,113.21660655575224
5665747504201728,5902193355915264,53.48831648126533
4888925543858176,5193535563235328,106.00471687618433
6270070474932224,6516412283617280,102
5639755402313728,6754950304497664,140.22838514366484
5446831024635904,6450212979605504,108.46197490364999
4709727780995072,5486287245017088,76.6550715869472
5486365275848704,5795170505195520,140
4806720914194432,5960074432348160,154.01298646542764
5024065213431808,6364929223294976,151
5633754930348032,5975645232300032,73.10950690573696
4913708377571328,5462747183579136,62.93647591023825
5967090211094528,6745614136115200,101.24228365658294
5054321395761152,6100105587326976,102.6498904042279
5285429077082112,5902699155423232,195.0179478919825
4584980875313152,6587145294708736,167.10774967068403
5319825352032256,5981686338682880,78.40918313565064
5355964700033024,6014275661332480,119.10499569707393
4600241548427264,6238851011969024,72.00694410957877
5289529156042752,6470651353235456,54.378304497290095
5026208502775808,5103535060418560,54.405882034941776
4612248364384256,6126641371676672,146.23952953972466
5587364887920640,6471789368573952,111.72287142747452
5111376932503552,5483806565859328,169.49631264425784
5955551248777216,6562058311041024,99.00505037623081
6153816766414848,6708330531651584,119.33147112141039
4759272602730496,6338909422223360,112.79184367674819
5951875004235776,6242670043201536,88
5227126385016832,6286746507542528,120.06664815842908
5059454552768512,5367811310354432,102.59142264341595
4601646036287488,6288526922481664,112.17842929904127
5441020118433792,6687678986715136,102.23991392797629
6452554223321088,6521331430457344,140.57738082636197
5344544801423360,6291877567397888,96.54014708917737
5056759125245952,5710269068083200,121.06609764917675
6024689245749248,6195251058311168,106.92988356862641
6112038294126592,6293799145832448,121.00413216084813
5972296353185792,6718451689193472,121.80722474467596
4729090265317376,5353927224590336,123
4515936172244992,5942542912716800,101.9803902718557
4640584495005696,4975510356492288,113.53413583587978
4506252161843200,6164344754667520,61.40032573203501
5168065132101632,5190060280381440,101.6366075781753
4575799476748288,5028347300020224,125.44720004846661
6346236103753728,6583713972355072,86.76404785393545
5624273001512960,5906592862044160,44.68780594300866
5594620316614656,6700303992750080,115.00434774390054
4945731016196096,6675170213232640,66.84309986827361
5456768773652480,5678253358448640,103.69667304209909
5318859894554624,6105693956341760,148.94629904767692
5806702878261248,6462916909858816,120.5404496424333
5437939418923008,6596125869998080,70.34912934784623
4770421641576448,5109871093481472,119.23086848631104
4876325149999104,6466279814725632,116.86744627996283
6437645116768256,6675972789108736,55.226805085936306
6370692062773248,6593563976531968,93.14504817756014
6526018972024832,6574984564572160,69.77822009767804
4590799884910592,6112130317156352,112.21853679316978
5016647804911616,5273216685703168,50.08991914547278
5565832874688512,5655867787575296,133.01503674397117
5206960892805120,6602905928859648,62.297672508690084
5698931482689536,6700796471148544,58.180752831155424
6539828747304960,6718684691169280,74.94664769020693
5458082932981760,6090915330392064,138.88484438555562
4833339892563968,6731294060838912,139.70325694127536
5915535269167104,6191890309316608,105.30906893520614
6252719868215296,6500693764472832,114.9826073804208
5843909609521152,6625156480892928,117.06835610018618
5860019599835136,6241584225976320,137.93114224133723
5777505875132416,6267105655652352,56.08029957123981
5596319475302400,6703445845213184,106.47065323364932
5013852519399424,6343957455831040,74.79304780526061
5078284662472704,5934385511530496,93.74433316206373
4947021804863488,5782821736022016,96.88137075826292
4846772469891072,5688325593628672,112.0044641967453
5176057231572992,6508930719023104,92.97311439335567
4636224432111616,6446084006084608,144
5088224709967872,5115810026618880,152.11837495845134
5562443394711552,6115299436789760,115.03912377969506
4999322779254784,5827614084169728,62.81719509815764
5158370120040448,6471753435971584,115.45128842936315
5794347666636800,6186847262736384,125.57467897629681
4950392901206016,5393638609649664,169.36646657470303
6168547078176768,6331832624742400,63.324560795950255
5287965657923584,6702137859899392,107.91200118615167
4752778171777024,5898359359406080,51.07837115648854
5278513185685504,5565189053218816,135.2368293032634
4893149044408320,5132835209871360,68.59300255857006
4661734977568768,5312436162789376,79.84985911070852
5062598854705152,6136962379415552,98.88377015466189
4839641565888512,5580835581329408,64.8459713474939
5028131142369280,6012713786408960,52.81098370604357
5627810494283776,6256198049333248,169.4018890095385
4559715562422272,4746815779897344,93.29523031752481
4540534976675840,4696423700365312,44.01136216933077
5120416815251456,5820844594954240,132.43866504914644
4622566637436928,6035076338941952,154.02921800749363
4901862257983488,6591789798522880,73.53910524340094
4897292928679936,6404762645823488,163.62457028209425
5193621735211008,5520539374321664,124.25779653607253
5414936077402112,6460202285006848,142.6218777046495
5497943635263488,5558731548917760,74.88658090739622
5075463976255488,5487941025529856,60.207972893961475
5833209206013952,6010576436199424,132.59336333316233
5928056109662208,6006938766671872,104.78549517943789
4506252161843200,4800952739561472,58.7962583843564
5458082932981760,6255610381205504,82.29823813423954
5206960892805120,6194759683014656,123.00406497347964
5913307556872192,6229400645271552,110.3675676999362
4529769322381312,5952918396076032,147.2311108427835
5435205055676416,6252532428963840,74.21590126111789
4714709271969792,4835324586885120,72.42237223399962
5757205577990144,6301786996473856,128.87590930814028
5197701362745344,6487542889185280,100
5263697192681472,5753553412947968,76.96752561957543
5646347388583936,5895747079766016,85.70297544426332
5395724944539648,5849454382940160,111.28791488746656
5145515446501376,5398657329266688,71.56814934033156
5082002560647168,6424388364664832,132.9699214108213
4565193172451328,5207160893997056,85.37564055396598
5755271299203072,5800643870588928,75.58438992278762
4521185092042752,6142351422521344,73.76313442364011
5497210554810368,6084024491573248,141.38246001537814
4523676844163072,6536100178821120,64.40496875241847
4647307863654400,6147387787575296,139.44532978913278
4983422223122432,6253766930071552,69.2314957226839
4532353483407360,4638946841591808,81
4927278611955712,5461990615023616,93.43446901438462
4575865046302720,5692213897986048,67.26812023536856
5197526598680576,5561443200008192,68.81860213634101
5161043732987904,6517353586098176,42.720018726587654
5665468197109760,5982527430852608,105.00476179678711
6268940328108032,6721173293367296,85.5102333057278
4956854444621824,5673939852328960,122.2620137246234
5456436454752256,5889935921905664,106
5418294003630080,5707192885837824,110.21796586763884
5947574521430016,6515060476215296,77.6659513557904
4720098080194560,5263856727228416,125.67418191498204
6370376047132672,6723537853218816,85.14693182963201
5354509511426048,5400348241952768,49.33558553417604
5425609238904832,6724172522717184,185.4561942885705
4825540013850624,6161232765648896,145.16886718577092
5895562849157120,6715091816808448,116.27553482998907
5441354521903104,5706732598722560,67.06713054842886
6438001481613312,6650496817299456,121.3424904969401
5439152864624640,5527293243949056,91.00549433962765
5773732209491968,6414763548475392,107
5992182987096064,6592885065515008,157.70859202973057
4971847206567936,6460878276788224,89.19641248391103
6401829988466688,6475761743560704,106.66770832824712
4583921465425920,4689273469009920,176.22996340009834
5428902052757504,5439246145945600,105.64563407921787
5444814441021440,5754511190654976,88.20430828479978
5425609238904832,5867795080282112,133.8992158304148
5534461678583808,6248760558485504,108.93117092916977
4766769359093760,5860308901953536,131.0267148332736
4826684773629952,6179930637336576,75.0066663703967
5075472754933760,5101150682480640,101.19288512538814
5989422044545024,6019904387940352,104.58011283222064
5500879429959680,6692617662234624,102.88342918079665
5062226870272000,6519627385405440,145.24806367039804
4797923311222784,5035336352661504,61.814237842102365
4607628908953600,5223524903944192,86.00581375697809
5360829140566016,6204722060984320,97.082439194738
4930857527672832,5417481734717440,90.35485598461214
6003169966424064,6074997611167744,68.0294054067798
4551362304016384,4997294699053056,166.19265928433782
4956310325952512,6295542483124224,68.8839603971781
4721945335562240,5912236667174912,53.85164807134504
6432796572647424,6536965027528704,148.85227576359054
4775348673708032,6371650331213824,68.46897107449476
4953666505146368,5816231179321344,80.77747210701756
4923599938912256,6551083730075648,97.73944955850733
4720098080194560,4817010946998272,131.79529581893277
6007337930194944,6643149453656064,129.1200991325518
5426304922943488,6505107124387840,76
5076722422644736,6734936360878080,112.53888216967503
4714156181684224,5798099672891392,97.32933781753577
4689855218974720,5724104286011392,138.70832707519762
5223911098679296,5679750829834240,88.60022573334675
4531486956978176,6181036998262784,129.24395537122808
4770561345454080,5062759618183168,135.03332921912278
4645179321483264,4871471841148928,89.06739021662193
5899377606393856,5952249995984896,72.53275122315436
5815354704003072,6593563976531968,143.17122615944868
5307526595739648,6202710678306816,59.53990258641679
4768030506614784,5008014023065600,169.11830178901394
4940571120500736,5406795252105216,157.68956845650888
6053533424025600,6236527954755584,100.40418317978589
4964468800880640,5685023636193280,97
5533616777986048,5688324066902016,61.07372593840988
5397004068847616,6452110906359808,44.04543109109048
4632478486626304,4772706027307008,128.89142717807107
5383043260874752,6327997906812928,98.00510190801293
4570434240512000,5455576819564544,83.72574275573791
5066445048250368,5959637587197952,86.14522621712709
5244355981869056,5568423192952832,138.6001443000692
5377172564869120,5917128551038976,85.90692637965812
6182903409016832,6572577839382528,100.9554357129917
5172076010799104,6677951540101120,56.293871780150276
4950463164186624,5774039266099200,126
4829000956379136,4850105800720384,88.52683209061533
4684548115791872,5738547086622720,98.73196037757987
5515748086644736,6262162366398464,119.50732195141852
5150635601166336,5868104250818560,122
4677902761197568,5654894994259968,64.35060217278468
5352599056285696,6420750208598016,132.80060240827223
5843980023496704,6599470827438080,113.13708498984761
4585115042709504,5027438490812416,78.77182237323191
4620240849731584,5774485070282752,124
5045457824776192,5547875398320128,150.44268011438774
6248622133870592,6412181782396928,111.23398761170077
4734265185009664,5200157681385472,72.24956747275377
5839932687908864,6278461498851328,150.02999700059985
5425950453923840,5490015578619904,113.35784048754634
4704501862760448,5845160434860032,171.1724276862369
4515486693851136,6409352422359040,139.26952286842948
4943560614871040,5011989376008192,172.7946758439044
5958940091219968,6066576455368704,102.07840124139877
6082900682342400,6089368785649664,95.03683496413377
4936822482272256,5041381519130624,83.24061508662703
6071552174981120,6534104797413376,78.40918313565064
5910616256544768,6027886446247936,124.14507642270796
5332713693249536,5851842414116864,140.91131963046828
5372987165376512,5663332927275008,82.61961026293939
4738747448950784,4909037466419200,73.00684899377592
5061457517477888,6512383772065792,168.71573726241425
4833514476273664,5063248300736512,48.041648597857254
5532550955008000,5630637341933568,53
5397004068847616,6202944347176960,144.22205101855957
5484100116807680,5849603259760640,133.73481222179961
6055933656432640,6735077927026688,78.92401408950256
5054087676559360,5252290384494592,56.92099788303083
5463878521585664,6129493158658048,90.00555538409837
5112890287718400,6547205911478272,83.38465086573187
5321624641339392,5465683418677248,117.03845521878696
5833911466721280,5998185992421376,74.14849964766651
4689928841592832,6018854603980800,137
4697439330107392,6310182583795712,95.524865872714
4832538679836672,5537076726464512,131.52946437965906
5297332981596160,5454935913136128,140.73023839957068
4881038239072256,6051924086358016,128.16005617976296
4942082055602176,5794347666636800,65.11528238439882
5537215474040832,6103836382986240,151.92432326655268
4755424773406720,5030655169658880,60.728905802755904
5705066285629440,6475370414997504,120.93386622447825
5150261435695104,6740401291526144,55.31726674375732
5949949046947840,6336088618565632,58.9406481131655
4747905258749952,6030166876749824,111.89280584559492
6080012287475712,6632517949980672,57.0087712549569
5341279569313792,5513605019598848,74.04052944165107
4582612301512704,5473217776975872,103.00485425454472
5421009786109952,5608844321357824,68.87670143089025
5404274609618944,5791695994093568,131.04197800704932
5092367717629952,6248760558485504,71.00704190430693
5857066805624832,6191089834786816,118.53269591129698
5367607987273728,5849291572641792,99.98499887483122
4604351899238400,6439873068138496,101.71037311896953
4780970433576960,6031451877277696,72.24956747275377
4774626682994688,6157093843238912,60.37383539249432
5024533704605696,6062760725053440,123
5497210554810368,5565785059622912,161.94134740701648
5017904019931136,5521834541842432,143.58621103713267
5501806102708224,5985129358950400,118.82760622010359
4922349990182912,6629927044513792,55.31726674375732
5319161381126144,6218347760844800,86.34813257969161
4887180461735936,6716615875887104,95.2102935611481
5176308298416128,6062297405456384,57.8013840664737
6057435267596288,6245803360256000,45.967379738244816
4780726174089216,5798642835259392,94.04786015641186
5663332927275008,6264937317924864,78.29431652425353
4673922303787008,5160856348262400,91.2414379544733
4551435804999680,6454866027216896,83.00602387778854
6032919845928960,6440271170502656,97.57561170702442
5526306139668480,6154001517117440,115
5020449891155968,5666281137111040,63.60031446463138
5458582088712192,5830110500356096,131.91285001848757
5616912450977792,5954082315436032,94.37160589923221
4828154910736384,5963545369903104,104.30723848324239
4637150064672768,6703445845213184,137.82960494755835
5375471220948992,6586535933640704,155.56349186104046
4772803557457920,6367667801817088,145.00344823486094
4807521015431168,5537463072194560,144.49913494550754
5338832545251328,6395015905411072,71.84705978674423
5991743424036864,6631592757821440,138.01449199268893
6211572768702464,6396485723750400,137.32079230764728
5773680149790720,6030217241952256,116.69190203266035
4889139436584960,6532215179575296,91.39474820797966
6083911526383616,6443650202468352,134.13426109685773
4967462460194816,6462864829186048,88.68483523128404
5227414936354816,6309445413896192,81.30190649671138
4704616199487488,4871921348902912,79.22752047110903
4691342892466176,5041558095134720,118
5842626169274368,6450698612899840,148.27339613025663
5327778796797952,5830110500356096,154.042202009709
5808731382087680,6192224159137792,98.04590761474952
5542868338868224,5961232920084480,51.92301994298868
5183272671772672,5610892500664320,151.72672803431834
4558985552199680,4734360009834496,40.70626487409524
5089874296176640,6700303992750080,240.41630560342617
4802756621631488,5788450626207744,147.3295625460145
5610195843547136,6164344754667520,59.135437767890075
5195190954360832,5828669102620672,126.69648771769484
5462479352102912,6252581904973824,107.46627377926528
4957014532816896,5052365642137600,48.877397639399746
4687799204708352,4780588869353472,120.55289295574785
5570554172014592,6425124620206080,77.38862965578342
4551291571273728,6681726833131520,103.58571330062848
4698082715369472,5726909168091136,69.1158447825099
4682169106563072,4876203817172992,73.37574531137656
5855249078157312,6128519916552192,112.00892821556681
5375095491002368,5895160598626304,66.64082832618455
5060298379624448,6055691494096896,130.26895255585654
5367607987273728,6327316248526848,108.2266141020775
4961294639693824,5399035588378624,91.92388155425118
4669587066978304,5658781318905856,138.00362314084367
5892681865625600,5948560296116224,125.03199590504823
5766925885898752,5830730674339840,65.19202405202648
4826191578005504,5641941943320576,83.43260753446461
5316959941951488,5534394569719808,124
4508047290400768,6612602530562048,71.78439941937245
6404762645823488,6679186494193664,81.40024569987489
5144462407761920,6213373672816640,85.07055894961546
5128088130158592,5764261018075136,118.51160280748886
4752230026575872,6734372528979968,117
5425950453923840,6257425000693760,103.58571330062848
6051924086358016,6310544569008128,119.54078801814885
5119000700780544,6383229290414080,48.60041152089147
4914566498615296,5823111482048512,166.4602054546371
6198895606497280,6697597525819392,98.71676655968832
4518264363286528,6280068374462464,102.59142264341595
4638946841591808,6462864829186048,86.53323061113575
4958189189595136,5482884943052800,65.55150646628954
4863431842725888,6600570108379136,122.24974437601087
4554112257490944,5394117800493056,57.723478758647246
4947341595377664,6010643968688128,68.94200461257273
4805103049506816,4938405416796160,60.07495318350236
4626652229271552,6433440025018368,83.09632964216891
5457692028043264,6083294829477888,146.53668482670133
4660979252068352,6350667599839232,92.19544457292888
4924171974868992,6448586243964928,94.81033698917012
4628187742994432,5997535191629824,79.64923100695951
5529403012415488,6698328811110400,89.80534505250787
5986553425821696,6477015471357952,110.01818031580054
5502283649384448,5680429229146112,74.30343195303969
5838703891054592,5928395613405184,49.39635614091387
5312206264598528,5501706781589504,155.62133529821674
4773446003195904,6656714352885760,77.92945527847606
5516332218974208,6457895585579008,115
4795686568591360,5295176232730624,147.75655653811103
4711714169815040,4979930632814592,84.64632301523794
5517444363845632,6065102354644992,72.06247289678588
5582176483540992,5669300012580864,81.5659242576212
5300742493569024,6397323510808576,129.1200991325518
4624089744408576,6019465894428672,65.86349520030045
5949349731237888,6426569335635968,55.569775957799216
5592968981381120,6316877364068352,70.2353187506115
5289435203633152,6577114935459840,146.696966567138
4566817295040512,5760142731640832,133.9290857132983
5331447231545344,6637608463499264,64.40496875241847
6042251820007424,6058169123995648,133.3641631023867
5689795143532544,6625626674954240,92.44457799135652
4799672499568640,5459471700590592,83.2586331859946
5890594666708992,6078547246448640,60.83584469702052
6174069600813056,6648805237719040,162.60996279441184
5256133134516224,5918682842660864,69.58448102845921
5731836833562624,6344570159759360,69.26037828369117
6241360887676928,6643750547750912,105.32331175955302
4521717617655808,5839352632442880,66.12110101926616
5272286489739264,5580824189599744,139.91783303067555
5551972813897728,6164373796028416,48.05205510693585
4972378306117632,6137174778970112,71.386273190299
6163135285166080,6179930637336576,123.62847568420473
5300742493569024,6739466498605056,110.21796586763884
6182903409016832,6404493606387712,89.02246907382428
4503935362531328,6703543023042560,110.02272492535349
4774939934588928,5570812939599872,106
6187247919431680,6471510615130112,60
4794451782270976,5423861707309056,80.39900496896712
4874302035853312,5245868481445888,150.72159765607583
5362848928628736,6083897366413312,47.75981574503821
4904393465921536,6262162366398464,110.16351483136329
5027070096703488,5723271074938880,148.05404418657398
5022967564075008,5975071770279936,145.08618128546908
5593438898618368,5632230367952896,128.65846260545786
5348183783768064,6481502235787264,86.83317338436964
6279433369419776,6719331322822656,113.35784048754634
4585297801117696,5460896337887232,165.24527224704494
5318742588260352,6321864412495872,68.8839603971781
5414700256854016,6560175571861504,141.9929575718458
5964885651357696,6023722248962048,68.24954212300622
5038606462746624,6433440025018368,108.07404868885037
5462577599479808,5521834541842432,85.58621384311844
5593455789080576,6004118873178112,57.688820407423826
5270571589828608,5284122396196864,82.00609733428362
4752012405112832,6500141454327808,146.2942240828393
5161043732987904,5786361342722048,70.03570517957252
4683301434425344,5623599748612096,43.60045871318328
5543727483322368,5767963229552640,136.35615130972272
4588962343550976,5404903654555648,70.83784299369935
4777747903676416,5243097590005760,47.853944456021594
5064516574380032,5428041079586816,73.06161783043132
5390064223780864,6556090198130688,56.32051136131489
4869420704858112,5425398449963008,79.02531240052139
4647307863654400,4671323139735552,106.09901036296239
4572010745167872,6164024611831808,112.53888216967503
5811068246949888,5892798970593280,63.694583757176716
5796628025835520,6657136538943488,128
5131082829660160,6143218783617024,133.41664064126334
4633745212571648,6159249447059456,87.20665112249179
5852409718898688,6024881361649664,117.27318534089538
4691006085660672,5124728257773568,90.0499861188218
5850532365205504,6070442592829440,64.4437739428721
6039162832551936,6583214359445504,71.06335201775947
4524708630364160,5666245317754880,124.14507642270796
5295057517150208,6717704180334592,92.64987857520376
6023938381447168,6306839153082368,170.57842770995398
5966195784155136,6016193129349120,48.877397639399746
6426876262219776,6463236075421696,100.96038827183659
4925235700695040,5869590309502976,150.5456741324705
4861001210003456,5783700392378368,62.39390995922599
4541176856182784,5512109326598144,81
4709915484487680,6292541597024256,163.67040050051813
4522188185010176,4626595052519424,84.09518416651456
6523334059622400,6736369822990336,116.21101496846157
5177402978205696,6467236338335744,104
5609771061215232,6257506235973632,104.5609869884557
5383672624578560,6751265189003264,118.00423721205946
4718507767889920,6700363384094720,107
6167700856373248,6539645003235328,97.18538984847466
6110400149979136,6593015088939008,120.24142381059865
4831662774943744,6420337858183168,155.0290295396317
5375171407904768,6646828751650816,80.52328855678958
4632834243297280,5986388690337792,58.249463516842795
4693970204491776,6235293285875712,79.42921376924235
4519538576064512,4947260209102848,92.65527507918802
4829000956379136,6696956384509952,41.10960958218893
4510088964341760,4989160299429888,68.60029154456998
4579724204441600,4786245173510144,137
6331837490135040,6545784944197632,73
5697593948504064,6229855001640960,135.79396157414365
5232925379395584,6287310863728640,149.09057649630307
5473621789114368,6410172295544832,82.56512580987206
4718222001569792,4997809747001344,72.18032973047436
5275689295020032,5751382239870976,164.0762018087937
5910170787905536,5922110947983360,85.42833253669417
5630603028332544,5977894876610560,116.06894502837527
5828996761649152,6268230937083904,126.19429464123962
4894709405188096,5433607843741696,65.73431371817918
4900557326123008,6215041709768704,56.60388679233962
5326030740914176,5680301101547520,119.50732195141852
5758453366652928,6746332519727104,111.46299834474219
5426071199547392,5479976092565504,80.00624975587844
6452554223321088,6605913144164352,153.55129436120035
5336481319092224,5441354521903104,143.0034964607509
4564616694726656,4589200181559296,54.12947441089743
4831662774943744,5908923552890880,102.20078277586722
5055095479730176,5405624542167040,192.7200041511
6477015471357952,6477240151834624,62.68173577685928
4743578179862528,5156969184755712,57.42821606144492
5525631511035904,6372644209295360,117.00427342623003
4645784693768192,5314559957008384,145.82523787054146
5269917731389440,6292541597024256,109
4943833261408256,5270887471251456,132.85330255586422
4515486693851136,6076388169744384,110.13627921806692
4698965519892480,6191685295931392,59.64059020499378
4832430936555520,5624382774837248,78.16009211867653
4548966802784256,6290497863680000,98.00510190801293
5429734320111616,5642539367399424,84.69356528095862
5629227250483200,6309493832941568,112.21853679316978
5055586381070336,6202417815224320,91.43850392476902
5150120288976896,5714902721232896,125
5843114906353664,6553208795168768,120.70211265756701
4753507070509056,6232706591490048,96.21330469326995
5475630692958208,6201085112877056,76.11832893594026
4568024176656384,6720424756903936,152.34500319997372
4603677857808384,5009224025243648,71.5122367151245
5431565205110784,5818824232271872,76.55063683601855
6003874827599872,6738347558961152,75.27283706623525
4611693273415680,6267156121518080,108.67382389517726
4790724354637824,6360210283167744,121.03718436910205
4974319341928448,5397535302615040,143.0314650697531
5216525399097344,5983053446905856,127
4956854444621824,6321525927968768,66.09841147864296
6200880212738048,6472906680827904,101.1236866416568
5738547086622720,6015317912322048,130.18832512940628
6021904966090752,6473747856883712,93.94147114027967
6138637009813504,6430929201397760,83.21658488546619
4839889700913152,5528889025626112,104.9952379872535
4578957619888128,6626669848690688,108.72442227944924
4655496369799168,5135385736773632,73.60027173862879
5604206952054784,5611320135122944,45.27692569068709
4891682862530560,5183564461113344,113.99122773266372
5831408419340288,5861362745999360,119
4997294699053056,6361186515812352,130.09611831257686
5398019073638400,5500514731032576,132.06059215375342
5735711502237696,6126641371676672,63.51377803280167
4510088964341760,6148968490729472,78.08969202141856
4678121708060672,5651263247089664,73.00684899377592
5727558375047168,6024269161037824,73.348483283569
4634534983237632,4869547691606016,125.14391715141412
5116861739958272,6678747937767424,89.20201791439474
5933119469256704,6349803589992448,157.94302770302968
6016980521844736,6685588746928128,85.09406559801923
4890352865509376,5278917046829056,145.01379244747721
6366479257698304,6479762690146304,110.04090148667449
4785432988483584,4876742550355968,139
5284757631926272,5901458228641792,55.47071299343465
6077295750021120,6494058656563200,74.32361670424818
5668230867714048,5842056972861440,60.37383539249432
6178274663202816,6606417970593792,74.73285756613352
4930888095760384,6094577624678400,150.60212481900777
4508145420337152,6187547258519552,76.02631123499285
5147951749922816,6563460496228352,112.94689017409908
5519726585315328,5810754508816384,57.87054518492115
5966154159882240,6214896167419904,100.12492197250393
4738197575696384,5954082315436032,71.58910531638176
4795857813635072,6414064135700480,90.0222194794152
4771061356822528,5470218899947520,131.18688958886096
5240911334211584,5668043097112576,63.89053137985315
5916987421097984,6262118733053952,117.23907198540937
4513595738030080,4873196769640448,82.03657720797473
5402506676928512,6665537474002944,67.89698078707183
4507676295823360,6302481707433984,214.0864311440592
5185269579907072,6137706281172992,83.38465086573187
5030113248804864,6282688270958592,64.8459713474939
6000431757000704,6103114929143808,64.53681120105021
5386364231090176,5873257959915520,173.07223925286226
5057710930264064,6321984113737728,70.61161377563892
5079154816974848,5291962104020992,114.12712210513327
4589130350592000,5433607843741696,94.36630754670864
6077702345850880,6566248936636416,122.78436382536663
5212886722936832,5733899978145792,126.8897158953396
4666935566401536,5537076726464512,116
5251237408669696,5477553378689024,57.245087125446844
4691213586268160,5396562693849088,47.70744176750625
4657883566309376,4976351884869632,117.6860229593982
5458082932981760,5759042246934528,151.07613974417006
5913764450795520,6467799276847104,45.60701700396552
5162601010954240,5642866300813312,61.1310068623117
5082002560647168,6662403221618688,67.68308503607086
5441735616364544,5582176483540992,65.45991139621256
5748599889592320,6200880212738048,81.12336284942828
5108394060939264,6440278737027072,110.45361017187261
6186347251367936,6415967829622784,80.72174428244226
5485570807562240,6498349513441280,121.26417442921878
4647307863654400,6622381055410176,79.6994353806851
4903493888376832,6424817894948864,100.57832768544127
4521185092042752,6559762630049792,100.66280345788111
5696072724774912,6451847382433792,109.01834707974616
5802140415033344,6578489408880640,112.21853679316978
5064718257487872,5634372533223424,149.21461054467824
5393325764902912,5709178515488768,159
4732473256706048,5589775018885120,101.83319694480774
5094525577986048,6023996548055040,60.40695324215582
4576943531884544,5008894583635968,57.14017850864661
4771061356822528,6700844957302784,78
5038876592701440,6033073642668032,78.10249675906654
5560240827269120,5983401775464448,134.01492454200763
4812342992830464,5973010672517120,101.51354589413178
4768344387354624,6639119046279168,97.082439194738
4735800346411008,6038564338925568,101.20276676059801
6245556663877632,6251766532276224,139.29106216839614
5454520509267968,5943338823843840,47.50789408087881
5858573567393792,6598775327948800,116.06894502837527
5083909928779776,6014597486084096,148.22280526288793
4509363446218752,4617960536670208,86.20904824900923
4943833261408256,5058783116001280,138.00362314084367
5946800018030592,6609061640404992,109.07336980216573
4619733888401408,5100400006922240,91.706052144883
5953931085611008,6734736946888704,122.06555615733703
6494125014646784,6734032421257216,115
4524721779507200,4538100585857024,108.85311203635843
4602675117162496,6393127176765440,91.92388155425118
5784644601511936,6457117206642688,95.96353474106714
4858663657275392,5367811310354432,114.03946685248927
5351143817347072,6064032370917376,98.41239759298622
6373090118336512,6376344457838592,84.8528137423857
4957784456036352,5607398091784192,72.83543093852057
5974456386191360,6496358376669184,123.01625908797584
4512702988812288,5401656931909632,99.92497185388645
5390872466161664,6410172295544832,88.25531145489205
4568414481809408,5363831268179968,70.83078426785913
5988829288726528,6576216263884800,79.76214641043707
6213373672816640,6599549747462144,121.03718436910205
6193278674272256,6472297768550400,106.40018796975878
4677253315166208,5201875584417792,90.55385138137417
5331113851486208,5530415735504896,147.03060905811415
5112317631004672,5847699683278848,94.42986815621421
5363877590073344,6346516111294464,142.57980221616245
4768773028446208,6264937317924864,104.69479452198185
5377523506479104,5794429002579968,105.57461816175325
5539856128147456,5934517149761536,55.97320787662612
5947449464061952,6551279432105984,116.00431026474836
5366486279389184,6687472190750720,106
5139950951464960,6305929324658688,133.00375934536586
4669587066978304,5635346639355904,79
5193410623307776,5456436454752256,81.09870529176159
5301466816315392,6636766213701632,146.77874505527018
4782373327601664,5570996956299264,69.57010852370435
6075370199580672,6157431388241920,84.40379138403677
5331241748398080,5839165851697152,123.62847568420473
5509306239680512,6631592757821440,138.00362314084367
4576770076442624,4630275633971200,111.44954015158609
5950208523370496,6059392384368640,93.05912099305473
5925709660815360,6377579999133696,74.10802925459562
5027935650054144,6213697619886080,117.34138229968147
5607364369580032,5857802402660352,103.23274674249446
4574069208907776,6038717082894336,70.57619995437555
5577082165788672,6448586243964928,101.49384217774002
5418863304900608,5743492569497600,61.84658438426491
5262007022387200,6494058656563200,88.05679985100527
6527567102214144,6696205151109120,124.06449935416659
5044442958397440,5065311797641216,132.23085872821065
5211204102389760,5957305440927744,122.24974437601087
4838941054205952,6301898451714048,143.01398533010678
4624662866690048,5235310294204416,130.034610777285
4787406207188992,6601918023467008,122.494897852931
4794451782270976,5789803222138880,90.0222194794152
5209095294418944,6311060736835584,106.53168542738823
5088991298715648,6345426737299456,114.75626344561765
5264522312941568,6712009305358336,116.69190203266035
5310833942855680,6342728554119168,137
5297563546681344,6317907199918080,81.32035415564789
5649987792797696,6023347605340160,117.27318534089538
5547875398320128,6108332710428672,63.89053137985315
5351300650762240,5367794134679552,56.61271941887264
4808146017058816,6370152272625664,48
4669396679131136,5218515965444096,98.3107318658548
6047345064017920,6373783214489600,188.56563843924482
5139532661915648,6399280908599296,73.7563556583431
5161046098575360,6332316395765760,34.713109915419565
4867298034712576,5114512275406848,195.68597292601225
5452996555046912,6298312804139008,97.16480844420988
5124901801295872,5516908281462784,44.04543109109048
5115324544319488,5116365721567232,122
4796825275990016,6033837307985920,69.63476143421474
5137226797154304,6124364565053440,146.972786596703
4804017328750592,6388735337824256,57
5509489748869120,6024364979912704,87.29833904490967
6147561213657088,6662152721006592,123.48279232346505
5091344886267904,6070442592829440,118.69709347747316
4505301061468160,4796620321325056,40.70626487409524
4969127598882816,5570649143640064,82.56512580987206
5190249661595648,5623551451201536,156.5790535161073
4720945048584192,6238809656131584,48.25971404805462
4518365563453440,5743236549181440,155.2063143045411
5791570605375488,5901886873927680,78.44743462982075
4924356557799424,4965467984756736,57.0701322935211
4794451782270976,5669796370710528,122.05326705991938
4897292928679936,5244892886335488,206.16983290481662
5276661870231552,5688961252982784,93.47192091746055
5389845146894336,5709296325099520,135.36986370680884
4519798136373248,4655176327626752,120.20815280171308
4633557865594880,5502283649384448,149
4894965492613120,5572876201623552,51.264022471905186
5189812837416960,5690954566598656,69.26037828369117
5500514731032576,6100941558251520,88.84255736976509
4599256444829696,6394551881170944,55.90169943749474
6678341526487040,6681499602518016,90.80198235721508
4969333174304768,5446838645686272,46.95742752749558
5477553378689024,6336795409121280,131
4533373034823680,4969242443120640,93.05912099305473
5431261331980288,6514316054364160,50.774009099144415
5935506749652992,6615379688292352,55.226805085936306
5108959201460224,5510452677181440,57.97413216254298
5552754212732928,6278113522614272,141
5669671829241856,6440278737027072,130.080744155313
5170212699635712,6597547067965440,90.35485598461214
4723564739559424,6487695729623040,114.9826073804208
5236762798456832,5761587002474496,107.05606008068857
5692843647565824,6088870552666112,137.05838172107534
5947508498890752,6238852492558336,133.0338302838793
4885231033122816,6644383988318208,51.78802950489621
5316854056747008,5780628366688256,97.73944955850733
5927857597448192,6680654500593664,75
4988428477267968,5643453268492288,39.20459156782532
6630038952738816,6731618314092544,80.60397012554654
4640624408002560,6339127895130112,84.50443775329198
5034903378853888,5584222565695488,131.70041761513136
4708202648174592,5545160278540288,153
6128390631325696,6440278737027072,58.215118311311535
5162601010954240,6278113522614272,102.07840124139877
5533643403427840,5803828840497152,170.88007490635061
5504468965654528,6066006009053184,149.96666296213968
5648546416033792,5814411019157504,50.59644256269407
5806169278906368,6111502954135552,58.463663928973865
5041682737266688,6349397564588032,122
5369447038582784,5592968981381120,111.94641575325224
4690592325959680,6270689755529216,127.01574705523721
4946075536326656,6001915601092608,101.1236866416568
4824646710984704,6676880834953216,142.97202523570826
4629846523117568,6250565166170112,179.17868176767013
5928138984914944,5991286261678080,70.61161377563892
6317220743348224,6377668721246208,78.10249675906654
5060841512632320,6422085205229568,150.00333329629711
6467948443074560,6597268352270336,137.78606605894515
4808941324206080,5939874047721472,102.12247548899312
4658705704419328,5703296842989568,87.5956619930462
5319825352032256,6262393610960896,59.135437767890075
4706356466548736,6549446408011776,128.01562404644207
4585229148749824,5955485796663296,57.21887800367987
5010191445655552,5330617044566016,59.481089431852205
4585115042709504,5761597668589568,96.54014708917737
5162603863080960,6030217241952256,95.2102935611481
5702903585046528,5845944962646016,92
4885444858740736,6533700852383744,137.2953021774598
4607628908953600,6083131939487744,73.824115301167
4575359997575168,5945330463932416,107.07007051459338
5215471521497088,6401284477288448,147.33974345029924
5142011323613184,5346315619794944,70.61161377563892
6269661580623872,6565117372137472,79.40403012442127
5283001627836416,5636172527173632,120.33702672078948
5808731382087680,6345305014403072,127.09445306542689
5188955802697728,5542726655279104,82
4531502123581440,5367794134679552,117.10678887237921
4887166805082112,6727016059502592,49.8196748283246
5382983299104768,6615450660110336,72.83543093852057
4936822482272256,5138459335327744,136.31214179228496
5367794134679552,5874633691627520,79.90619500389191
5393863692779520,6691857402691584,95.88013350011565
4791007776342016,4839889700913152,90.69729874698585
4891682862530560,6718788659576832,134.09325113517085
4835298452176896,6721527741415424,102.77159140540736
6319303869595648,6558970091143168,107.54068997360952
6088172989579264,6657136538943488,39.96248240537617
6673104954720256,6725951708725248,88.0056816347672
5929885459546112,6040338848284672,88.64536084872124
5272596285227008,6661886940545024,84.8528137423857
6172364565905408,6340854874636288,66.12866246946176
4539076751392768,5463256623742976,87.8179936004006
4691812012785664,6325410876882944,101.07423014794622
4590841798590464,5115206080397312,124.4869471069156
6712417360805888,6747809669709824,148.7615541731129
5950654818287616,6455736307548160,102.00490184299969
5255188480786432,5414700256854016,116.67476162392619
4717186918645760,5260444509929472,113.78049041905207
4707886649311232,5927857597448192,64.20280367709809
4950178958147584,6615379688292352,93.08598175880189
4778317838286848,5982859569397760,145.15164484083533
4593596630040576,5778038736289792,132.03408650799233
6052086510780416,6251766532276224,67.08203932499369
4650948838293504,6580579548004352,139.0323703315167
4907711479152640,5441048924913664,72.56031973468694
4771061356822528,4807521015431168,131.68523075880606
6108416881721344,6481918327521280,103.60019305001319
4647762291326976,5068342702374912,79.40403012442127
5481943221141504,5539042366062592,62.609903369994115
5358548693286912,5672700318056448,53
5272729458573312,5391254655336448,65
6241410443378688,6515060476215296,59.413803110051795
5036654920204288,6565058358280192,85.70297544426332
5189737956507648,5479019422154752,106.01886624558857
6113220735533056,6453822396301312,95.01578816175763
5385247636062208,5723458061205504,119.06720791217035
4538858194599936,5489415809925120,70
5639727568912384,6516858406567936,123.06502346320826
5785814711664640,6727412131823616,64.66065264130884
4536077605928960,4561678412808192,112.14722466472365
5195157248933888,5318957806387200,158.38244852255568
6003874827599872,6156602639908864,66.06814663663572
5430332478193664,6475139313041408,169.33103672983285
4525104451026944,5134688911884288,67.53517601961218
5484670458265600,5719554451832832,119.54915307102765
4639936965771264,6186193911808000,75
6338746112802816,6481372984115200,72.00694410957877
4846662059032576,5481416785657856,108.06016842481785
4869420704858112,5503625356902400,104.29285689825551
4699014924599296,5711832222269440,140.80127840328723
4710936461967360,5058881476624384,144.55448799674122
6113480765603840,6641579475337216,134.12307780542466
5193962358833152,6023347605340160,95.524865872714
5211346826166272,6098362904346624,136.01470508735443
4578385500045312,4730897725128704,92.0869154657707
5075420204498944,6437094169772032,140.22838514366484
5711832222269440,6009726217224192,154.65122049308243
4772325788483584,6014490762018816,104.80935072788114
5652282093862912,6496358376669184,82.09750300709517
5372820517289984,6318384415244288,59.033888572581766
5103535735701504,5280650590420992,122.57650672131263
4671511149412352,4914366396760064,105.65036677645753
4934382622081024,5659520070057984,70.21395872616783
5565832874688512,6381832654290944,133
4899861788884992,6290107202011136,137.92751719653333
4782628005740544,5025707283447808,104.12012293500234
4953666505146368,5649950769676288,127.12198865656563
5425249535393792,5503975195410432,96.83491106000976
4959076389748736,5934957815922688,73.40980860893181
6303426180808704,6478662306103296,108.90362712049586
4572956921430016,6493532778921984,93.02150289046077
6052086510780416,6238791570292736,58.66856057549052
5164714940170240,6342728554119168,91.18113840043894
4668158856134656,6516858406567936,87.36704184073076
5837298748882944,6344570159759360,59.54829972383762
5316854056747008,6471510615130112,75
4598952588476416,5172120592056320,57.42821606144492
5537186097135616,6656375671226368,90.00555538409837
4514787067166720,5511715884105728,99.68951800465283
5696516637327360,6447363893755904,99.29753269845128
5407916154683392,6103726508998656,146.972786596703
5693907042041856,5723613934125056,109.89540481748998
4714240583663616,4934338766438400,118.87808881370864
5178291902218240,6595947612078080,185.17289218457435
4618593473921024,6178857180725248,67.4166151627327
5085397015068672,5147978845126656,70.178344238091
5302029691912192,6229961033646080,62.625873247404705
6327274808803328,6376344457838592,143.19916200872126
5132835209871360,6222750588862464,124
5092128516472832,5931760246325248,142.50614021858848
5437097525641216,5549814106292224,160.0781059358212
5979460794843136,6041058590851072,143.0034964607509
4688696534106112,5290086847479808,118.06777714516353
4863090392825856,5520532696989696,84.01190391843289
4571162036142080,4661252129292288,145.27904184706065
5456768773652480,5698607917301760,75.76938695805846
5605753589071872,5835856847831040,50.35871324805669
4800293256560640,6310364302016512,136.8575902169843
5483834298597376,6516982557966336,142.00352108310554
5382828948717568,6041058590851072,54.74486277268398
5043319098834944,6685144456888320,101.40019723846694
5525149468065792,5871065161007104,133.2066064427737
4709260858490880,4867444671774720,45.60701700396552
6072546808037376,6343755856609280,74.73285756613352
5333638071713792,5948476678471680,108.23123393919151
5061084895510528,6643276473958400,157.4102919125684
5376938736615424,6016485103239168,75.53806987208503
6069475554099200,6701146968162304,94.83142938920619
5250518509158400,5659450260062208,75
4810331471740928,5160856348262400,74.72616676907762
5185527265361920,5715714130313216,117.06835610018618
5053701762842624,6181036998262784,154.26276284314372
5214627648503808,5678471999127552,172.5688268488837
4700190269243392,6460202285006848,139.46325680981354
4757827522396160,6342271140102144,81.43709228600933
4911548747218944,6136996214865920,125.78155667664477
5256133134516224,5349796543987712,165.77394246382633
5723271074938880,6526584561336320,143.0034964607509
5533086047535104,5581833909567488,101.6070863670443
5353035633000448,6685195270881280,97.51410154434076
4787489908719616,5252316150104064,117.01709276853532
4971890890244096,5126629233786880,113.03096920755833
6561156346937344,6754967970906112,106.56922632730333
6286308924194816,6641464886951936,87.13208364316786
4676519416823808,5404334017740800,59.61543424315552
4936827989393408,6426569335635968,112.27199116431488
6079183258124288,6181804501368832,56.32051136131489
4523717902204928,6410868898136064,105.68348972285122
5406134972186624,5514257967874048,61.35144660071187
5968210526470144,6124364565053440,94
4998058314039296,6137174778970112,65.86349520030045
5946415412936704,5953787929821184,84.1486779456457
4700328379285504,6490135057137664,53.33854141237835
5494579014926336,6704252443426816,105
5992848371482624,6306583652859904,167.59773268156107
4894583324409856,5725722075201536,49.72926703662542
4992443319582720,5250928791781376,85
4572010745167872,5023811088941056,109.2520022699813
4610682228047872,5361284939776000,108.6830253535482
5773939676545024,6466279814725632,75.7099729229908
5221188458512384,6486018729443328,150.4725888658795
4583713708965888,5384658638340096,54.405882034941776
4522823655620608,6271356465315840,210.76052761368766
5429974322380800,5676647581745152,106.01886624558857
5648213623177216,6327262515298304,119
4648898394062848,5636269231046656,170.48753620133056
5399887485075456,5554302732992512,65.43699259593154
5042126138114048,5570554172014592,157.20368952413298
5696220150366208,6593015088939008,116.15506876585283
5889905169268736,6101610096754688,118
5112917454225408,6674754960359424,166.14752480852673
5222401237319680,5893170036473856,119.06720791217035
6254774989094912,6493532778921984,105.47511554864494
5164666286243840,5768569478447104,85.47514258543241
4976351884869632,6142032500228096,83.81527307120105
5484755803963392,6032665352339456,61.032778078668514
4927140082483200,5105756636446720,86.20904824900923
5852405130330112,6083897366413312,31.064449134018133
4523657768468480,5673745672830976,162.92943257741985
5759700601667584,6513159567310848,88.60022573334675
5357069265797120,5906164896235520,120.00416659433121
6281076160856064,6349828084727808,85.23496934944014
5122844914614272,6523876467015680,104.80935072788114
5373224713977856,6200392935276544,115.10864433221339
4520819046744064,6562058311041024,137
5554295703339008,5596966006292480,125.03599481749245
5851175184236544,6410739478691840,121.82364302548172
6091420555280384,6557758860034048,142.33762678926468
4848070141411328,6644585281355776,166.97305171793442
5151790309834752,5232084589215744,140
5054321395761152,5162808863883264,97.16995420396162
5145757575282688,5408694919495680,63.812224534175265
6125267716145152,6444333525893120,113.22543883774529
4535493104500736,5065316629479424,155.9134375222354
4986618786086912,6565330438586368,153.18289721767243
5080274272518144,5898358570876928,153.22206107476822
