"","pair_id","category","drawing_key_id_1","drawing_key_id_2","ci_lower_human","ci_upper_human","human_rating_mean","n_participants","hausdorff","avg_hausdorff","mahalanobis"
"1",1,"bread",4512057078579200,5301208245862400,6.33333333333333,7,6.66666666666667,9,100.801785698469,44.9827828773455,1.86155695565217
"2",2,"bread",4512177153114112,6334400226656256,1.66666666666667,3.66666666666667,2.5,6,35.1140997321589,14.268153598388,1.80754096407497
"3",3,"bread",4517415574568960,5171456952500224,1,1.75,1.375,8,52.2015325445527,19.4501654058662,1.87627197090546
"4",4,"bread",4553981596532736,5760679489306624,5.08333333333333,6.66666666666667,5.91666666666667,12,96.1353212924365,43.3409663024138,1.92611513649906
"5",5,"bread",4561961628991488,5215576467177472,3.63636363636364,5.27272727272727,4.45454545454545,11,127.757582945201,34.7987798695471,1.92451802818954
"6",6,"bread",4588376130846720,5275074091286528,7,7,7,5,90.3548559846121,27.9367056792857,2.1716594765747
"7",7,"bread",4603484299067392,5826439611940864,1.44444444444444,2.22222222222222,1.77777777777778,9,74.027022093287,35.962169035756,1.80197489859003
"8",8,"bread",4603484299067392,6456419710664704,4.11111111111111,6.33333333333333,5.22222222222222,9,72.4982758415674,35.8771504511139,1.82563734608454
"9",9,"bread",4623583877791744,4601234612813824,4.7,6.3,5.5,10,99.6242942258564,34.4811841894927,1.88978785243394
"10",10,"bread",4653333350449152,6697488574578688,3.30576923076923,5.07692307692308,4.23076923076923,13,110.113577727726,29.3062810985635,1.86104557100977
"11",11,"bread",4656048642195456,6303531139072000,2.25,4.08333333333333,3.08333333333333,12,67.0671305484289,24.8508022518521,1.9133053693503
"12",12,"bread",4673896848556032,4988894737072128,2.27272727272727,4.63636363636364,3.36363636363636,11,43.1856457633784,20.6978124552635,1.88293441068231
"13",13,"bread",4674210850930688,6019556508172288,5.2,7,6.2,10,92.0217365626187,29.0451132237093,1.82318424512305
"14",14,"bread",4683017245163520,6471038269390848,6,7,6.5,10,98.1835016690686,32.315867011909,1.88073637227974
"15",15,"bread",4693938105483264,6617681694294016,6.5,7,6.75,8,197.428468058687,54.8783463412119,1.72542931383679
"16",16,"bread",4696621705068544,5690227727269888,3.425,5.43214285714285,4.42857142857143,7,80,39.9047658945842,2.02469745668475
"17",17,"bread",4705301078999040,4803424270942208,2.18181818181818,3.45454545454545,2.81818181818182,11,78.390050389064,33.5828068385078,1.98708989189854
"18",18,"bread",4705301078999040,5087658025943040,5.44444444444444,6.77777777777778,6.22222222222222,9,133.003759345366,62.6921228826875,2.05134173290672
"19",19,"bread",4706969170477056,6679387804008448,3.22222222222222,5.33333333333333,4.22222222222222,9,58.0344725141876,27.3787748195438,1.85201121748978
"20",20,"bread",4712557224919040,5830382022819840,5,6.875,6.125,8,104.484448603608,39.8188507431877,1.88071631540246
"21",21,"bread",4762845570924544,4813886261821440,3.44444444444444,5.77777777777778,4.55555555555556,9,165.469030334984,71.5806354700829,2.04519890209252
"22",22,"bread",4774223929147392,6438204339126272,3.22222222222222,4.88888888888889,4,9,79.2085853932514,32.6483519658146,1.90011470571884
"23",23,"bread",4801654475980800,6291120428417024,2.61538461538462,4.00192307692308,3.23076923076923,13,77.4144689318476,27.0163077448671,1.95996398517219
"24",24,"bread",4806635111317504,4685170688917504,4.85714285714286,7,6,7,48.8262224629348,17.4910705786427,1.81088524753107
"25",25,"bread",4808817424465920,5883436562644992,4.75,6.75,5.875,8,159.154013458662,47.1238875498277,1.85157892395665
"26",26,"bread",4823807099404288,6706496714833920,3.8,5.53333333333333,4.73333333333333,15,75.3923072998831,29.871013523604,1.88800353647158
"27",27,"bread",4835178172121088,6368627156582400,4.71428571428571,6.14285714285714,5.42857142857143,7,166.192659284338,65.600026962809,1.84048216537749
"28",28,"bread",4871156911833088,6133755125170176,2.66666666666667,4.16666666666667,3.33333333333333,6,152.453271529344,51.1451703701911,2.01923123830605
"29",29,"bread",4883190625861632,4906501724438528,4.21944444444445,6.77777777777778,5.55555555555556,9,175.524927004685,68.5685338035379,1.90622727702434
"30",30,"bread",4925687158800384,6100771890266112,1.66666666666667,5,3.16666666666667,6,55.1543289325507,23.465069614022,1.77792218712591
"31",31,"bread",4936112269164544,4755338572070912,4.15384615384615,6.38461538461539,5.30769230769231,13,78.8923316932641,34.7129772216524,1.94984535721595
"32",32,"bread",4937218844000256,6314443111661568,3,5.18181818181818,4.09090909090909,11,55.1724568965349,17.7456056719744,1.80643269986802
"33",33,"bread",4945893591613440,5846668555583488,5.30769230769231,6.84615384615385,6.23076923076923,13,179.011172835664,84.0928761950235,2.13316403927691
"34",34,"bread",4960131072655360,4809963576754176,5.69230769230769,6.61538461538461,6.15384615384615,13,66.4830805543786,31.1327097126778,1.84721112477973
"35",35,"bread",4978898532040704,5972817654841344,3.14285714285714,6.57142857142857,4.85714285714286,7,154.466824917197,45.0617128145671,1.82964470397629
"36",36,"bread",4993213125361664,5672293961302016,4.625,6.5,5.625,8,65.6201188660917,27.3958002562397,1.99130774434098
"37",37,"bread",4997464316706816,6420443571421184,3.56785714285715,6.14285714285714,5,7,36.7151195013716,16.9895921526004,1.88354086975245
"38",38,"bread",5015407364669440,5889453543391232,1.1,1.7,1.4,10,38.0131556174964,14.6041351263596,1.76586129092168
"39",39,"bread",5015899692072960,5945098854465536,5.63636363636364,6.90909090909091,6.36363636363636,11,56.5154846037792,21.7600886849817,1.82524985696824
"40",40,"bread",5018645451243520,6746778944667648,6,6.8,6.4,10,108.046286377645,47.3589198265111,1.95903766218523
"41",41,"bread",5030435874668544,5345981434429440,7,7,7,6,70.4059656563277,26.8197713394449,1.86471300015595
"42",42,"bread",5038028525404160,5331899549483008,5.75,6.75,6.25,12,125.419296760905,39.3373309397434,1.85443451174493
"43",43,"bread",5054457341542400,4701830862864384,2.2,3.8,3,5,120.50311199301,31.3835249432878,1.90665922771893
"44",44,"bread",5055594903896064,6129118624088064,5.66666666666667,7,6.5,12,157.876534038469,42.2627328845745,1.79722569268563
"45",45,"bread",5057106950488064,6622646538076160,2.875,4.875,3.875,8,156.579053516107,55.1620553708392,1.89656309511515
"46",46,"bread",5069642584293376,5266744761384960,4.35714285714286,6.21428571428571,5.35714285714286,14,172.586210341383,67.9347996633946,1.90802795543415
"47",47,"bread",5085614447788032,4830263773233152,4.66388888888889,6.78055555555555,5.88888888888889,9,119.369175250565,35.1602712157218,1.77157289408478
"48",48,"bread",5094016758579200,6311392644694016,7,7,7,6,112.64102272263,30.7370943779994,2.18363045645176
"49",49,"bread",5097250768289792,4534849647935488,4.71428571428571,6.57142857142857,5.71428571428571,14,138.23168956502,52.8083379996794,1.91792995739138
"50",50,"bread",5106353162944512,5613401130663936,6.7,7,6.9,10,137.786066058945,39.3707601809977,1.77682948156391
"51",51,"bread",5113019975598080,6214978379972608,4.5,6.75,5.5,4,191.637678967368,73.9690756799212,1.77794027899032
"52",52,"bread",5113801491873792,6531895909154816,3.33333333333333,4.88888888888889,4.11111111111111,9,43.3820239269677,16.698782277646,1.8143542054225
"53",53,"bread",5114652717481984,4579761516969984,5.09090909090909,6.45454545454545,5.81818181818182,11,144.886162210199,45.6106840877775,1.86808646743186
"54",54,"bread",5132349257809920,6234092729270272,4.30769230769231,6.38461538461539,5.38461538461539,13,173.415685565061,65.6805801568298,1.96884288976386
"55",55,"bread",5138400535379968,4597371323285504,3,5.2,4,10,99.6443676280802,29.5553352592694,1.80514536999612
"56",56,"bread",5138470362152960,6237249777696768,3.85714285714286,6.57142857142857,5.28571428571429,7,89.9888882029331,41.1178177519604,1.94521655800357
"57",57,"bread",5161026624421888,5762596114268160,2,3.33333333333333,2.66666666666667,6,70.1141925718324,32.2848150908436,1.78634597250627
"58",58,"bread",5164322542059520,4553901250445312,4.18181818181818,6.18181818181818,5.18181818181818,11,128.631255921724,47.1233152953236,1.86926762857329
"59",59,"bread",5165722164527104,5848453651365888,2.22222222222222,3.33333333333333,2.77777777777778,9,41.3037528561268,15.2976196809629,1.79973453016155
"60",60,"bread",5171070506106880,4690437874909184,2.11111111111111,3.55555555555556,2.88888888888889,9,120.070812439993,34.1073030544964,1.79842720740926
"61",61,"bread",5192786494095360,5112461394968576,5.25,6.75,6.08333333333333,12,143.405020832605,43.0404312338472,2.15411328683095
"62",62,"bread",5196818612748288,4557891681910784,5.41666666666667,6.66666666666667,6.08333333333333,12,75.4320886625844,29.4344052013625,1.85527603060193
"63",63,"bread",5205133065453568,5236057568182272,4.33333333333333,6.11111111111111,5.22222222222222,9,110.290525431698,36.2179249596952,1.75580670672003
"64",64,"bread",5205542899286016,6436450415411200,5.63636363636364,6.72727272727273,6.18181818181818,11,124.458828533777,47.6506593469186,1.85132593432092
"65",65,"bread",5259239473807360,6526906755186688,5.54545454545455,6.81818181818182,6.27272727272727,11,41.2310562561766,16.1119322337215,1.80743483613298
"66",66,"bread",5288154615513088,5203904016941056,5.99791666666667,7,6.5,12,86.3307592923866,25.5808362617237,1.83700507359891
"67",67,"bread",5299291230830592,5761119253692416,3.125,5.25,4.125,8,75.1664818918645,30.9381866525426,1.79503248022311
"68",68,"bread",5300083971063808,4828986288898048,5.91666666666667,6.75,6.33333333333333,12,76.8439978137525,30.9532120187389,1.76485125245358
"69",69,"bread",5303571232849920,6333377877639168,6,6.84615384615385,6.46153846153846,13,149.405488520335,45.2468737480024,1.73458387015203
"70",70,"bread",5308799332122624,5008995184017408,3.84615384615385,5.38653846153846,4.69230769230769,13,84.7584804016684,31.0071532800489,1.81955256748973
"71",71,"bread",5310246903873536,6598053354012672,5.23076923076923,6.54038461538461,5.92307692307692,13,67.4166151627327,28.1246506356175,1.80421888619168
"72",72,"bread",5347838085038080,5202895408463872,5.44444444444444,6.77777777777778,6.11111111111111,9,62.4819974072532,27.149127199332,1.7819479808077
"73",73,"bread",5355326226300928,6334006687694848,6.57142857142857,7,6.85714285714286,7,118.258192105241,42.7785604171953,1.89353782022041
"74",74,"bread",5357625262735360,4772489919987712,5.23076923076923,7,6.23076923076923,13,60.4152298679729,25.8816528890029,1.80665115022631
"75",75,"bread",5369757920395264,6623091268517888,6,7,6.5,8,105.118980208143,44.1301898108195,1.90727577309513
"76",76,"bread",5371470186283008,6355479506714624,5.33333333333333,6.66666666666667,6,6,79.8122797569397,33.3075407318171,1.98743778552804
"77",77,"bread",5383724180963328,4838273455226880,4.17954545454546,5.72727272727273,4.90909090909091,11,62.6258732474047,22.9734783960348,1.75128183217711
"78",78,"bread",5385189100355584,6112834557575168,4.33333333333333,5.66666666666667,5.11111111111111,9,150.880747612146,52.270678042312,1.8342347768494
"79",79,"bread",5386147704340480,6462238451826688,6,6.8,6.4,10,129.769025580067,46.935095672839,1.89394388875574
"80",80,"bread",5387131901968384,4774223929147392,5.09090909090909,6.63636363636364,5.90909090909091,11,83.6480723029527,33.1492397049635,1.90136916765839
"81",81,"bread",5430369438400512,4706202653032448,5.85714285714286,6.92857142857143,6.5,14,101.133575038164,45.3631189366332,2.17560202408761
"82",82,"bread",5459817109913600,6696240316153856,4.61538461538461,6.30961538461538,5.53846153846154,13,92.0054346220918,29.3253273266205,1.82252029043287
"83",83,"bread",5464578739666944,5407435604885504,2,4.575,3.28571428571429,7,142.635900109334,50.8503670764829,1.82566024598022
"84",84,"bread",5464578739666944,6406059121967104,6.57142857142857,7,6.85714285714286,7,99.9849988748312,43.4872800975407,1.89418153585538
"85",85,"bread",5481995800936448,5786918983827456,6.4,7,6.8,5,130.142229887151,56.7859372393996,2.10475193648605
"86",86,"bread",5481995800936448,6382855632453632,6.57142857142857,7,6.85714285714286,7,49.0407993409569,19.5004582478918,1.78678382010044
"87",87,"bread",5507829509128192,5139027634159616,6.42857142857143,7,6.71428571428571,7,178.89941307897,74.9707709745227,1.92340444057744
"88",88,"bread",5522072862195712,6151037725442048,3,5,4,8,178.717654416121,86.0772775384397,2.02711400477662
"89",89,"bread",5530798088257536,6112946063147008,6,7,6.57142857142857,7,85.842879728024,27.0873403621962,1.80847439832231
"90",90,"bread",5530798088257536,6476551229014016,4.77777777777778,6.22222222222222,5.55555555555556,9,96.5401470891774,27.2891726446528,1.83752248052788
"91",91,"bread",5544098662449152,5889453543391232,4.45454545454545,6.54772727272727,5.72727272727273,11,53.3385414123783,19.5560986243685,1.82621777183599
"92",92,"bread",5547682443558912,6665163765710848,3.3,4.9,4.1,10,77.5241897732572,25.8564504486626,1.88927197914405
"93",93,"bread",5556117507670016,4553789262528512,4.76923076923077,6,5.38461538461539,13,187.181729877678,61.0677158510249,1.82905755135773
"94",94,"bread",5556117507670016,4903159707205632,1.22222222222222,2.33333333333333,1.77777777777778,9,60.2079728939615,15.1925235293927,1.77762650748528
"95",95,"bread",5563572501348352,4862302434099200,5,6.63636363636364,5.90909090909091,11,109.658560997307,40.1442957187508,1.84505371432915
"96",96,"bread",5590854536265728,5565220674076672,1.33333333333333,2.83541666666666,2,12,58.2408791142441,22.1530516595249,1.7936607242631
"97",97,"bread",5596632420712448,4951663540436992,4.5,6.08333333333333,5.25,12,165.420675854018,45.2969568895518,1.82908094810019
"98",98,"bread",5623729692344320,6536574558797824,3.6,5.8,4.6,5,52.6972485050216,27.4868124712872,1.8712367747439
"99",99,"bread",5647064799117312,5171820275695616,5.875,6.753125,6.375,8,116.456000274782,44.2690480859586,1.97628778710563
"100",100,"bread",5651594232201216,4859015139950592,1.3125,2.1875,1.6875,16,51.8555686498567,21.2513356322052,1.81380913331102
"101",101,"bread",5696286164516864,5595598931623936,4.75,6.5,5.66666666666667,12,160.589538887189,42.3213242160386,1.89757943403797
"102",102,"bread",5701570400354304,6498196152909824,3.88888888888889,5.55555555555556,4.66666666666667,9,71.7007670809734,36.4099720378152,1.77953215249189
"103",103,"bread",5721906135171072,6584423447265280,6.5,7,6.83333333333333,6,102.591422643416,48.7363262975456,2.12612594172053
"104",104,"bread",5722698418225152,5917724209315840,4.83333333333333,6.41666666666667,5.66666666666667,12,37.4432904536981,16.5929097798244,1.82063645641187
"105",105,"bread",5733702577422336,6224960148209664,4,5.8,4.9,10,124.903963107661,43.9498461370368,1.78820280351677
"106",106,"bread",5744874814963712,5535194524155904,5.77777777777778,7,6.44444444444444,9,67.1863081289633,30.3794325164935,2.05670502951167
"107",107,"bread",5744874814963712,6707542673588224,5.18181818181818,6.27272727272727,5.72727272727273,11,67.1192967781993,27.293310967344,1.87718227720717
"108",108,"bread",5760162193211392,5636664804245504,6.75,7,6.91666666666667,12,90.8240056372763,36.0634887972434,1.94883606247513
"109",109,"bread",5775278867480576,5205907686293504,3.74375000000001,6.5,5.25,8,64.1950153828161,31.5906151795277,1.85733887554917
"110",110,"bread",5815057545953280,6064567316643840,6.72727272727273,7,6.90909090909091,11,145.168867185771,46.9319895388007,2.08500852388069
"111",111,"bread",5819741342007296,6311565882032128,2.14285714285714,3.57142857142857,2.85714285714286,7,85.842879728024,33.7109733572877,1.80808538383328
"112",112,"bread",5827846347948032,5245897371811840,5.38461538461539,6.61538461538461,6.07692307692308,13,142.08800090085,41.4813764993073,1.82848897516244
"113",113,"bread",5829237367898112,5978086149455872,3.8,5.6025,4.7,10,56.3205113613149,21.9311076442966,1.93265952232064
"114",114,"bread",5837141898690560,4962738298159104,4.41666666666667,6.41666666666667,5.5,12,159.380048939634,75.2949612995892,2.00469817168777
"115",115,"bread",5837141898690560,6467393117224960,6.5,7,6.75,8,99.4886928248633,41.5901163927057,2.060349247284
"116",116,"bread",5846211812655104,5165932383043584,2.75,4.83333333333333,3.75,12,202.408003794316,82.8579493958672,1.81229249691153
"117",117,"bread",5856222525784064,5480653875314688,4.09090909090909,6.54545454545455,5.45454545454545,11,121.004132160848,53.2110138545962,2.02211901764798
"118",118,"bread",5864737952759808,6691086019854336,3.66666666666667,5.58333333333333,4.58333333333333,12,123.146254510643,55.8383865728269,1.84321035157722
"119",119,"bread",5890358321872896,4872495620423680,4.75,6.83333333333333,5.91666666666667,12,135.723984615837,36.6825059554883,1.88246398893249
"120",120,"bread",5901581356630016,6515227497594880,4.28571428571429,6.57142857142857,5.42857142857143,7,162.265215003093,67.0456741390411,2.03569498044262
"121",121,"bread",5908474112245760,5420607380389888,5.42857142857143,6.57142857142857,6,7,182.010988679255,50.4892920876771,1.81042944820754
"122",122,"bread",5924994133524480,5259242002972672,4.23076923076923,5.76923076923077,5,13,192.275843516548,75.7494344195032,1.94414885843173
"123",123,"bread",5928295688306688,5051215396208640,7,7,7,6,70.4556598152341,32.3507595779478,2.17766612868132
"124",124,"bread",5928295688306688,6511590029393920,4.78571428571429,6.14285714285714,5.5,14,59.0084739677277,21.6114593228327,1.89552707333078
"125",125,"bread",5933599503155200,5446657397227520,5.75,7,6.5,8,118.342722632192,37.3673775363599,2.27779767011778
"126",126,"bread",5944082205507584,5004023893590016,3.7,5.6,4.6,10,101.390334845093,38.4240504143072,2.04213941159588
"127",127,"bread",5945648610279424,4655865820872704,5.875,7,6.5625,16,114.546933612384,48.2127267128717,1.88291035377239
"128",128,"bread",5992469994930176,5655140797251584,4.71428571428571,6.57142857142857,5.71428571428571,7,183.393020586935,76.3384366661683,1.96800609973894
"129",129,"bread",5996853831139328,6358669409124352,3.81590909090909,5.63636363636364,4.72727272727273,11,211.028434103085,76.1233759049241,1.91278546319138
"130",130,"bread",6017845701902336,6215611497578496,3.6,5.6,4.6,10,56.5685424949238,25.9910911243809,1.87361217414686
"131",131,"bread",6034519905796096,5126386987565056,3.14285714285714,5.14642857142857,4.14285714285714,7,135.712932324079,47.8582762108384,1.89958519378685
"132",132,"bread",6038446244102144,5234962267635712,5.83333333333333,7,6.5,6,75.3126815350509,30.8173393615297,2.01084013675611
"133",133,"bread",6060647567589376,4905727405588480,5,6.28571428571429,5.64285714285714,14,55.3263047744922,25.7380210692869,1.82433917829058
"134",134,"bread",6067738042695680,6244417541242880,6.25,6.91666666666667,6.66666666666667,12,99.6242942258564,32.3386132158296,1.93232964418189
"135",135,"bread",6075263563595776,5155641351995392,4.90681818181818,6.63636363636364,5.81818181818182,11,128.73616430514,43.3343442905908,2.21599681520016
"136",136,"bread",6087056570712064,5165292915261440,4.46153846153846,6,5.15384615384615,13,78.0576709875461,30.787140234667,1.81549056307774
"137",137,"bread",6116265301114880,6200665334349824,5.875,6.875,6.375,8,170.097031132233,69.2444324777101,2.0460083564482
"138",138,"bread",6131525416386560,6232117459550208,4.55555555555556,5.77777777777778,5.11111111111111,9,132.966161108757,52.3536123970032,1.88099744401105
"139",139,"bread",6132053298905088,5244845192904704,3,5.4,3.8,5,143.136298680663,50.6234937248632,1.93490812168559
"140",140,"bread",6138211606724608,4685170688917504,2.41666666666667,4.16666666666667,3.33333333333333,12,68.1542368455549,35.7597000874748,1.92354560586087
"141",141,"bread",6138211606724608,6526906755186688,2.93333333333333,4.66833333333333,3.8,15,42.9418211071678,17.4614906607903,1.82438656504496
"142",142,"bread",6139959394172928,5666224128131072,4.66666666666667,6.44444444444444,5.55555555555556,9,106.103722837608,36.729545949011,1.80087411663514
"143",143,"bread",6141023266799616,5487190345777152,3.5,5.625,4.5,8,84,30.8578778271996,1.85881883327989
"144",144,"bread",6171467471388672,6212038743293952,2.625,3.625,3.125,8,90.0277734924062,32.8026461677556,1.80152980677882
"145",145,"bread",6193506525642752,6246894344863744,5.30769230769231,6.61730769230769,6.07692307692308,13,165.737744644966,46.5426083323974,1.93031148601094
"146",146,"bread",6213338503577600,6747917865975808,4.1,6,5,10,88.4816365128946,36.4050806997394,1.82291431592442
"147",147,"bread",6254451545341952,5357274245627904,6.18181818181818,7,6.63636363636364,11,65.9469483751902,23.6369634543308,1.83025133046595
"148",148,"bread",6278667040718848,5380090357612544,5.3125,6.25,5.8125,16,138.65424623862,64.3337578463565,2.07965455166746
"149",149,"bread",6290239205146624,4558417475665920,4.33333333333333,5.83333333333333,5.16666666666667,6,134.974071584138,53.3731992353176,1.88724546818329
"150",150,"bread",6295430293880832,5216256258998272,5.9975,7,6.6,10,51.8555686498567,21.7302520458454,1.8472401473324
"151",151,"bread",6323845130616832,5095247602253824,4,6.4,5.2,5,113.745329574449,43.5077046106844,1.91277572597505
"152",152,"bread",6326609076289536,6557657190105088,2.875,5.75,4.375,8,76.6550715869472,28.1689300768873,1.80610988737337
"153",153,"bread",6329964049727488,6739095655022592,4.55277777777778,6.77777777777778,5.77777777777778,9,101.242283656583,41.4421802040686,2.00479668619089
"154",154,"bread",6332315288469504,5593199454191616,4.3975,6.3,5.4,10,206.903359083414,81.9536002519036,2.06288494573487
"155",155,"bread",6332351040716800,6467672042635264,4.42857142857143,6.71428571428571,5.71428571428571,7,82.0060973342836,25.286472303151,1.88828259849593
"156",156,"bread",6334333772103680,5599318100672512,3.08333333333333,4.83333333333333,3.91666666666667,12,98.4327181378224,42.2396223578585,1.78884801655569
"157",157,"bread",6351042251849728,5514579922649088,3.83125,5.41875,4.66666666666667,12,84.3445315358382,29.610820844324,1.86217063812542
"158",158,"bread",6360677662851072,5344090143064064,6.7,7,6.9,10,220.952483579615,91.461221588594,1.93468167802405
"159",159,"bread",6364221648404480,5495939651338240,4.44444444444444,6.225,5.33333333333333,9,180.510387512741,64.1041782452893,1.94347070480635
"160",160,"bread",6369939592052736,6737884654600192,4.75,6.75,5.75,8,111.6154111223,61.7179608903486,1.97662172200473
"161",161,"bread",6378928467869696,5636664804245504,6.70588235294118,7,6.88235294117647,17,111.803398874989,27.3285998270405,1.99619423780949
"162",162,"bread",6384812522733568,4922011958640640,6.72727272727273,7,6.90909090909091,11,166.715326230074,36.2766773923366,2.03867702961444
"163",163,"bread",6402266380632064,6114739950190592,4.54545454545455,6.27272727272727,5.45454545454545,11,109.293183684986,57.9116723387998,1.80879732291728
"164",164,"bread",6407123434995712,5866014464016384,3,5.2,4,5,56.0802995712398,26.3895894451022,1.8386372431406
"165",165,"bread",6429096269578240,5957502250254336,4,6.1,5.1,10,122.80879447336,46.7597903066663,1.90944870664818
"166",166,"bread",6433422761263104,5383595248058368,3.92857142857143,5.57142857142857,4.71428571428571,14,202.200395647486,66.7554024208654,1.86480661542487
"167",167,"bread",6438206822154240,4803814508986368,6.30769230769231,7,6.69230769230769,13,80.4114419718985,36.9443530137351,2.0494528722384
"168",168,"bread",6445791277219840,6321989268537344,2.66666666666667,4.88888888888889,3.66666666666667,9,52.4309069156733,18.0161576574748,1.85407673744289
"169",169,"bread",6447242103750656,4576082256723968,5.77777777777778,6.89166666666666,6.44444444444444,9,139.262342361458,42.2573127763191,1.83923314609673
"170",170,"bread",6462238451826688,4785026795307008,5.5,7,6.25,4,104.086502487114,36.431063483482,1.88669835827688
"171",171,"bread",6478436367335424,5114910465851392,5.82352941176471,6.58823529411765,6.23529411764706,17,163.248277173145,64.0872657963495,1.88884172737952
"172",172,"bread",6481629813932032,5812575105187840,2.375,3.375,2.875,8,93.7709976485267,39.6889104547766,1.84082316189316
"173",173,"bread",6481629813932032,6358669409124352,5.2,6.7,6,10,188.679622641132,52.4230640840042,1.87147547895956
"174",174,"bread",6489874741854208,6239885008568320,4.33333333333333,6.2,5.26666666666667,15,171.026313764871,53.4041660249052,1.78811159589518
"175",175,"bread",6496685050036224,4813826077753344,6.14285714285714,7,6.71428571428571,7,137.058381721075,45.0066836654474,1.85054699746744
"176",176,"bread",6496685050036224,5725384249180160,5.86666666666667,6.73333333333333,6.33333333333333,15,161.046577113579,59.2425634043353,1.94274650264503
"177",177,"bread",6509840027353088,5248072961490944,5,6.69230769230769,5.84615384615385,13,136.091880727691,66.4111579119971,1.99430801686383
"178",178,"bread",6510861294239744,6701024460931072,6,7,6.5,4,184.097800095493,43.5115545058438,1.82868528937205
"179",179,"bread",6512979614892032,5211894585491456,5.6,7,6.4,5,77.7946013551069,26.1758643598278,1.96054777919099
"180",180,"bread",6542276559896576,5059619024011264,2.88888888888889,5.44444444444444,4.11111111111111,9,67.468511173732,22.9765563473654,1.81932035294855
"181",181,"bread",6559041377533952,5572000900710400,6.07692307692308,6.92307692307692,6.53846153846154,13,101.434708063858,43.2865840460603,2.13832506295925
"182",182,"bread",6563035751645184,4893404058091520,5,6.78055555555555,6.11111111111111,9,70.0071424927486,30.3894407322064,1.81471898301087
"183",183,"bread",6589787022557184,6384812522733568,6.57142857142857,7,6.85714285714286,7,133.090194980697,29.2871988306286,1.94872704472426
"184",184,"bread",6618717385392128,6415962309918720,3.77777777777778,5.33333333333333,4.55555555555556,9,151.489273547667,53.104129893064,1.80961046514274
"185",185,"bread",6621407440011264,6288081978130432,2.28571428571429,3.42857142857143,2.85714285714286,7,69.462219947249,22.3047833750902,1.88342463001791
"186",186,"bread",6625968498147328,6137759578193920,6.33333333333333,6.88888888888889,6.66666666666667,9,68.6804193347711,23.2125361691572,2.14656492125113
"187",187,"bread",6626243346694144,5867716999118848,3.33333333333333,4.66666666666667,4,6,132.638606747809,34.1354604630326,1.8169152815016
"188",188,"bread",6665264559030272,6139959394172928,4.66666666666667,6.55833333333333,5.66666666666667,9,104.809350727881,34.7277793224958,1.81223422373479
"189",189,"bread",6669494766272512,5948753066328064,3,5,4,8,48.6621002423858,21.172791182448,1.8172823695878
"190",190,"bread",6688507328200704,5998211846111232,5.75,6.83333333333333,6.33333333333333,12,88.2326470191165,33.5741091519489,1.96509601355163
"191",191,"bread",6702236426043392,6690949004525568,4.69230769230769,6.23076923076923,5.46153846153846,13,43.4165866921848,18.7903523997197,1.80544850549712
"192",192,"bread",6703616133955584,6112946063147008,1.90681818181818,3.09090909090909,2.45454545454545,11,34.7850542618522,15.1086461792642,1.79144637436798
"193",193,"bread",6713282566029312,6279235247276032,3.85714285714286,5.57142857142857,4.57142857142857,7,138.014491992689,59.7022459801026,2.08171378062688
"194",194,"bread",6718722540568576,4773339434319872,5.83333333333333,7,6.5,6,96.0832971957145,43.0867403866272,1.87388627169585
"195",195,"bread",6727718769000448,4868310611001344,5.14285714285714,6.57142857142857,5.85714285714286,7,75.4519714785505,35.6769884524968,1.86471562199262
"196",196,"bread",6741019460632576,6720390380388352,3.2,4.8,3.9,10,135.723984615837,50.0538198480569,1.808909389743
"197",197,"bread",6744448807469056,5739182150385664,2.14285714285714,3.57142857142857,2.71428571428571,7,65.0307619515564,18.4242870717467,1.79053001460522
"198",198,"bread",6747649485045760,6749654328803328,4.42857142857143,6.14285714285714,5.35714285714286,14,61.6116872029975,24.560680035057,1.87635602390494
"199",199,"bread",6749882679296000,5683149088489472,2.85714285714286,4.42857142857143,3.57142857142857,7,144.201248260894,49.8385528802309,1.80807769216251
"200",200,"bread",6750208023068672,4838273455226880,4,6,5,9,153.883072493371,54.9430420034618,1.74139571382602
"201",201,"tree",4507637007777792,5506359007117312,3,4.53846153846154,3.76923076923077,13,88.6002257333467,38.2892111084731,1.95374583855503
"202",202,"tree",4514498452914176,5045351679524864,3,5.375,4.125,8,57.2800139664787,23.5160557402436,1.80081054064178
"203",203,"tree",4558391374512128,6704110596259840,3.3,5.4,4.4,10,125.80143083447,46.5236661236892,1.84503773932808
"204",204,"tree",4559700781694976,6691873160691712,3.25,5.375,4.375,8,40.7921561087423,19.291111674647,1.87814334498918
"205",205,"tree",4580306881347584,5174745467191296,2,2.85714285714286,2.42857142857143,7,46.1735855224608,21.0357033082904,1.80917980682643
"206",206,"tree",4592989026385920,5001874006605824,2.7,4.2,3.4,10,93.407708461347,27.5860126943521,1.80659004218168
"207",207,"tree",4592989026385920,5086907564294144,4.38461538461539,5.84615384615385,5.07692307692308,13,85.7088093488645,24.2547478286528,1.80833761281387
"208",208,"tree",4604872747909120,6580511281512448,5.5,6.7,6.1,10,68.6804193347711,26.3541223564611,1.83923110394732
"209",209,"tree",4607559971373056,5835679013535744,2.25,3.83333333333333,3,12,107,29.1862519965971,1.77974637473376
"210",210,"tree",4646404377018368,6681960573304832,2.07692307692308,3.30769230769231,2.69230769230769,13,72.034713853808,20.8692284833728,1.8285251111217
"211",211,"tree",4656344177049600,5687001888063488,2.49791666666667,3.66666666666667,3,12,133.184083133083,46.2768556406954,1.86508486878894
"212",212,"tree",4659614236803072,6393343753846784,3.07692307692308,4.84615384615385,3.92307692307692,13,48.5489443757534,17.569727896698,1.77746380902977
"213",213,"tree",4661648457465856,5022978049835008,4.11111111111111,6.11111111111111,5.22222222222222,9,36.4005494464026,16.3630990698696,1.78337469266888
"214",214,"tree",4667853879902208,6346891920932864,5.33333333333333,7,6.41666666666667,12,135.944841755765,29.3786140313516,1.85818016777051
"215",215,"tree",4707338638327808,6739835475722240,3.77777777777778,5.55555555555556,4.66666666666667,9,93.407708461347,26.2644526747081,2.01970494282883
"216",216,"tree",4708881638883328,5367125659090944,3.5,5.57142857142857,4.57142857142857,14,117.515956363381,34.1590146366579,1.80385086394776
"217",217,"tree",4721944261820416,5794425110265856,5.125,6.625,5.875,8,70.1141925718324,22.8779469446514,1.86403535367472
"218",218,"tree",4730719286853632,5325080026415104,1.69230769230769,2.92307692307692,2.23076923076923,13,47.0106370941726,15.8741858598451,1.79243830098541
"219",219,"tree",4733652242006016,6427475242385408,3.28571428571429,4.71428571428571,4,7,113.371072148057,22.9453636064419,1.83354903999302
"220",220,"tree",4742438486802432,6227319846862848,4.08333333333333,5.58333333333333,4.83333333333333,12,56.2938717801503,22.6407892240621,1.84444602787628
"221",221,"tree",4746912655736832,6346891920932864,7,7,7,15,141.088624630053,33.5304203272264,1.9175127457848
"222",222,"tree",4754237751820288,6231969887158272,4,6.25,5.25,12,72.9451848993475,21.233076457138,1.82688317667317
"223",223,"tree",4771622672138240,6399144027488256,2.4,4.8025,3.5,10,68.4689710744948,13.6891338432841,1.81210539069677
"224",224,"tree",4777250606022656,6728984358289408,6.42857142857143,7,6.71428571428571,7,110.027269347194,28.4118596170291,1.82551595208412
"225",225,"tree",4781795235069952,6629514828316672,6.125,7,6.625,8,102.95630140987,25.8102582789952,2.00996198857196
"226",226,"tree",4793407400574976,5021520449503232,1.5,2.3,1.9,10,66.6483308118065,24.6414861279913,1.81575083055166
"227",227,"tree",4808756976156672,5394944229376000,5.63636363636364,6.81818181818182,6.27272727272727,11,112.071405808975,27.7445793345235,2.02735661817945
"228",228,"tree",4833264831299584,6299933638393856,1.85357142857143,4.28571428571429,3,7,67.4759216313494,17.3679741944679,1.81887932562548
"229",229,"tree",4834441937551360,5745391112814592,4,6.5,5.5,8,116.275534829989,31.8996953646592,1.84571501117022
"230",230,"tree",4863967757336576,5347951129919488,2.4,6,4.2,5,151.211772028503,33.5838739770663,1.81988164821026
"231",231,"tree",4866146731819008,5708735160778752,5.66666666666667,6.88888888888889,6.33333333333333,9,46.0977222864644,18.784433307972,1.84146644521842
"232",232,"tree",4875814367657984,5252928635928576,2.375,4.75,3.5,8,47.2652091923859,19.1163650609909,1.78067119896776
"233",233,"tree",4883105863172096,6073022391779328,5.5,7,6.25,4,64.3506021727847,17.9163504667203,1.8783668013644
"234",234,"tree",4929169806852096,4841224265531392,3.6,6,4.9,10,76,19.5983230783203,2.01465637218992
"235",235,"tree",4942365473112064,4616725163147264,2.425,4,3.14285714285714,7,107.228727494082,25.054941838693,1.80149464445197
"236",236,"tree",4948287830360064,4573178275823616,7,7,7,6,139.903538196859,58.5085648950813,1.80248716227502
"237",237,"tree",4962187703484416,5432947106643968,3.83333333333333,5.25,4.5,12,69.8569967862919,26.9239881626169,1.87413552214135
"238",238,"tree",4964647931215872,5411631251062784,4.5,6.125,5.25,8,135.723984615837,48.9536649385697,1.87676829843586
"239",239,"tree",4969273292226560,5914595644407808,5,7,6,6,99.0858213873206,32.2773654848519,1.85485687036378
"240",240,"tree",4972097820426240,6424964968218624,5,6.44444444444444,5.77777777777778,9,96.5660395791398,29.2724936694091,1.96574490859175
"241",241,"tree",4975705777504256,4891858939412480,3.25,5.25,4.25,8,82.8733974204026,25.0621227543795,1.83095025567939
"242",242,"tree",4975705777504256,6110962455150592,5.36363636363636,7,6.45454545454545,11,103.73041983912,34.9431337425919,1.82791625781505
"243",243,"tree",4993606987284480,6215830910009344,5.58333333333333,6.66666666666667,6.16666666666667,12,54.0370243444252,18.4102373093018,1.94505254578587
"244",244,"tree",4994591117803520,6102497246576640,2.5,4.378125,3.5,8,83.2165848854662,26.8514735151275,1.85362338895831
"245",245,"tree",5009873450303488,6279764618772480,3.77777777777778,5.88888888888889,4.88888888888889,9,64.3272881443016,22.7366856100502,1.78981862989966
"246",246,"tree",5037475460284416,6605035263754240,2.9,4.3,3.7,10,61.6198020120156,27.0770906988099,1.79928396128325
"247",247,"tree",5039160815517696,5273307853094912,2.5,3.753125,3.125,9,53.0094331227943,20.5778765038836,1.83264781309121
"248",248,"tree",5047015186628608,6209153632567296,3.9975,6.3,5.2,10,45.0111097397076,18.1979440555572,1.79020651160529
"249",249,"tree",5055632770072576,6179685941641216,2.5,4.25,3.33333333333333,12,68.0661443009665,15.8729748083755,1.81947075570422
"250",250,"tree",5055707562901504,6749607969161216,3.45227272727273,5.54545454545455,4.54545454545455,11,95.5876561068426,28.707168114359,1.81859150065918
"251",251,"tree",5104298172088320,6005399176085504,2.5,7,5.25,4,86.9540108333135,33.2631406136535,1.9330047474185
"252",252,"tree",5107052588302336,5169473847820288,5.3,6.4,5.9,10,67.6239602507869,20.4565464576,1.79120978092722
"253",253,"tree",5112301692649472,6337442959327232,4.42857142857143,5.78571428571429,5.14285714285714,14,74.9666592559653,18.1286343344598,1.86754461753094
"254",254,"tree",5113119821004800,4958919220789248,3.88888888888889,5.33333333333333,4.66666666666667,9,82.2921624457639,31.5579203456533,1.91625216676185
"255",255,"tree",5114250873798656,5060717059244032,2.58333333333333,3.33333333333333,3,12,56.2227711874824,19.6255560354606,1.78143144148
"256",256,"tree",5118934401417216,5748403667468288,2.1,4.1,3,10,61.5223536610881,20.9739223524908,1.80938308583141
"257",257,"tree",5129032486092800,4885966042955776,3.18181818181818,4.45454545454545,3.81818181818182,11,90.0943949421938,20.1242007762894,1.79800270328422
"258",258,"tree",5130195000360960,4640703244140544,2.4,5.1,3.7,10,92.655275079188,37.7689730689143,1.88047545737948
"259",259,"tree",5130379159666688,4646269303652352,3.75,5.25,4.5,8,128.035151423349,29.1982697081433,1.8520297992851
"260",260,"tree",5134134693330944,5254297275072512,3.57142857142857,5.28571428571429,4.42857142857143,7,124.310096130604,30.1068739000197,2.04667572649009
"261",261,"tree",5134134693330944,6475540087177216,3.90909090909091,6.09318181818182,5.18181818181818,11,67.1863081289633,19.3930657096556,2.15674527419956
"262",262,"tree",5144799529140224,6285104324280320,4.23076923076923,5.925,5.15384615384615,13,95.1892851112981,26.5520254707332,1.774387538258
"263",263,"tree",5147511503192064,4860964920885248,3.25,5.75,4.5,8,35.3836120259083,16.2001744026186,1.77278335295087
"264",264,"tree",5148873020407808,5830302062608384,3.11111111111111,4.88888888888889,4,9,63.1268564083465,24.7196543990352,1.84335817092294
"265",265,"tree",5155894339829760,5725838915928064,4.375,6.125,5.25,8,87.2066511224918,31.5902379784411,1.91168391506747
"266",266,"tree",5161603961978880,6691046576619520,3.5,5,4.125,8,54.4058820349418,15.7577466930031,1.81372339169086
"267",267,"tree",5164092761309184,5899403510415360,2.33333333333333,3.33333333333333,2.83333333333333,6,55.0272659687904,16.8557161709298,1.80217761594343
"268",268,"tree",5168918907846656,5845843049447424,4.33333333333333,6.83333333333333,5.66666666666667,6,73.7563556583431,25.3104882515913,1.8633997683221
"269",269,"tree",5183192241799168,4753236034584576,2.66666666666667,4.44444444444444,3.55555555555556,9,92.1357693840997,17.6652754506178,1.7801208083711
"270",270,"tree",5183192241799168,6576084143308800,2.81818181818182,4.09090909090909,3.45454545454545,11,114.039466852489,23.2317056932791,1.75578426762179
"271",271,"tree",5183785098280960,6704008519483392,2.8,4.6,3.8,10,42.4499705535822,15.2190106135159,1.81652519056955
"272",272,"tree",5188495888875520,5241475400990720,4.33333333333333,5.78055555555555,5.11111111111111,9,70.7106781186548,27.2873341256192,1.86595973965645
"273",273,"tree",5191090451775488,5540948224245760,5.2,6.5,5.9,10,67.1788657242737,24.2243281424955,1.81837387414895
"274",274,"tree",5195205030445056,6725736373157888,5.83333333333333,7,6.5,6,119.281180409988,38.8845475384974,1.80470837958226
"275",275,"tree",5261627857305600,6658538187259904,4.83333333333333,6.33333333333333,5.66666666666667,6,87.2811548961172,27.8116812872842,2.40541998962964
"276",276,"tree",5264652575440896,5097736317698048,1.83333333333333,3.16666666666667,2.5,6,44.7772263544762,22.1159700689317,1.80673495044805
"277",277,"tree",5286518522380288,5859979330322432,4.21428571428571,5.93035714285714,5.07142857142857,14,104.048065815757,29.7594682669729,1.83759673649102
"278",278,"tree",5333845102559232,6475577814941696,6.14285714285714,6.85714285714286,6.57142857142857,7,79.0569415042095,24.226134765976,2.051704728641
"279",279,"tree",5378216153841664,4825033144795136,3.61346153846154,4.61538461538461,4.07692307692308,13,55.6057550978314,21.2376077601314,1.91121283468012
"280",280,"tree",5393230117994496,6606710670098432,4.2,6.2,5.3,10,97.6524449258696,31.2771352196355,1.88149211006983
"281",281,"tree",5397981056466944,5559823997337600,1.7,2.8,2.2,10,57.706152185014,22.008890233624,1.78280622239993
"282",282,"tree",5410446918025216,6311665287036928,3.55555555555556,5.66666666666667,4.66666666666667,9,44.3846820423443,18.4291571793893,1.94572686321759
"283",283,"tree",5416359288635392,4578476117983232,3.14285714285714,5.71428571428571,4.42857142857143,7,53.160135440008,18.4223668915407,1.77831707127797
"284",284,"tree",5417418534944768,5708454767362048,5,6.66666666666667,5.83333333333333,6,65.2533524043018,20.0169158357267,1.78658084272277
"285",285,"tree",5427139807543296,5782657822621696,3,5.375,4.25,8,54.0832691319598,23.9234709660995,1.81883598081439
"286",286,"tree",5465383655964672,5708691795869696,4.6,6.3,5.5,10,55.9732078766261,22.8018345539052,1.84527842321527
"287",287,"tree",5481275638939648,5089586533367808,3.66666666666667,6.83333333333333,5.5,6,72.1110255092798,23.3412093224761,1.99567636383052
"288",288,"tree",5484525100466176,6048833744142336,1.71428571428571,3.71428571428571,2.57142857142857,7,80.2122185206219,36.9993202891391,1.85184077512868
"289",289,"tree",5498678397632512,6098342918488064,2.75,3.83333333333333,3.25,12,67.1192967781993,18.162001772867,1.82428684751342
"290",290,"tree",5502021924814848,5291858756370432,4.11111111111111,5.77777777777778,4.88888888888889,9,48.3321838943783,19.2210304999307,1.89320792941605
"291",291,"tree",5512375149002752,6085611746230272,1.88888888888889,2.77777777777778,2.33333333333333,9,59.2114853723498,15.353257398082,1.80900455281746
"292",292,"tree",5532733088464896,6397449797107712,3.75,5.875,4.75,8,123.369364106329,31.6763022725237,1.85776207204839
"293",293,"tree",5546023545995264,6055544374689792,6.1,6.9,6.5,10,106.79419459877,26.1284568350536,2.08553640561826
"294",294,"tree",5577263649128448,5844517297061888,4.30769230769231,5.38461538461539,4.84615384615385,13,89.4035793466906,28.4514637962197,2.16569354202726
"295",295,"tree",5579564220678144,5499033231556608,3.45454545454545,5.09090909090909,4.27272727272727,11,90.6200860736735,23.6933319410754,1.7810076318732
"296",296,"tree",5579984255057920,5039879870218240,4,5.5,4.75,8,58.5234995535981,22.677315137832,1.75264840940957
"297",297,"tree",5591976898461696,4846112856866816,4.41666666666667,6.08333333333333,5.25,12,97.2471079261486,37.08795181233,1.9685290889307
"298",298,"tree",5595075864166400,6663567124201472,5.375,7,6.25,8,113.745329574449,34.4974916630702,1.87880313601017
"299",299,"tree",5606326832988160,6425465445154816,2.5,3.5,3,6,94.1328847959097,15.9234899714814,1.79608552442909
"300",300,"tree",5644084460912640,6532474475642880,2.996875,5.125,4.125,8,108.908218239029,45.0413863521137,1.85544473393964
"301",301,"tree",5646240689684480,5045330821251072,2.375,4,3.125,8,53.7587202228625,21.5234031809608,1.83906016707215
"302",302,"tree",5656537441763328,5847868126527488,5.44444444444444,6.78055555555555,6.11111111111111,9,82.2800097228968,31.8735796545751,1.85631607097051
"303",303,"tree",5656537441763328,6617903266791424,5,6.33333333333333,5.75,12,61.8465843842649,21.0904391225184,1.78613083895531
"304",304,"tree",5661171501760512,5966033485561856,5.14285714285714,7,6.28571428571429,7,50.6951674225463,16.4814287762655,1.90739690898822
"305",305,"tree",5675218632704000,4600726577741824,4.28571428571429,6.57142857142857,5.42857142857143,7,103.247275993122,27.8472270830921,1.81436444886607
"306",306,"tree",5702695061028864,4875461744132096,2.3,3.9,3.1,10,52.2015325445527,21.2387962638591,1.80397010878405
"307",307,"tree",5706205446012928,5886855977369600,2.4,3.9,3.2,10,119.540788018149,29.7849920046862,1.79881400220735
"308",308,"tree",5713569683341312,4917750214426624,2.63636363636364,4.18181818181818,3.36363636363636,11,69.1158447825099,24.1871601975857,1.82593787919901
"309",309,"tree",5715537835327488,6207996487008256,4.83333333333333,6.5,5.66666666666667,6,61.8465843842649,25.7325971986424,1.73621567223199
"310",310,"tree",5717789341908992,6161991028703232,4.09090909090909,6.36363636363636,5.36363636363636,11,46.7546789102438,19.2072577759673,1.97538618098148
"311",311,"tree",5765477236211712,6221563919597568,4.41666666666667,6.58333333333333,5.66666666666667,12,89.5544527089524,21.0008703354161,2.14574617132196
"312",312,"tree",5776773335744512,5920154254835712,2.42857142857143,3.86071428571428,3.14285714285714,7,85.6329375882902,28.2192022156026,1.79427825815218
"313",313,"tree",5777096410398720,5003158591897600,5,6.33541666666666,5.66666666666667,12,50.6951674225463,21.0509407400767,1.91386414006211
"314",314,"tree",5777096410398720,6123923475267584,3.15192307692308,4.61538461538461,3.84615384615385,13,87.2811548961172,26.6885213544642,1.8554278870679
"315",315,"tree",5796616957067264,5103641830621184,3.91666666666667,5.58333333333333,4.75,12,96.5090669315583,35.6927310521087,2.27403954328089
"316",316,"tree",5796616957067264,6715240580382720,3,4.36363636363636,3.63636363636364,11,81.706792863262,29.5989690232913,1.80680559700405
"317",317,"tree",5819702553083904,6729583841771520,2.5,4.41666666666667,3.33333333333333,12,60.8769250208977,22.3209183952738,1.81881676160007
"318",318,"tree",5827807223480320,6031422261297152,4.125,6,5,8,95.0789145920377,37.8964373218406,1.87306430147717
"319",319,"tree",5841177574113280,5827807223480320,2.5,4.1,3.3,10,36.0138862107382,16.4953888183407,1.82527390306797
"320",320,"tree",5841177574113280,6350651141390336,3.6,6.2,4.8,5,52.6117857518636,17.8401131199289,2.16992813633724
"321",321,"tree",5868475161509888,6469280705019904,2.83333333333333,5.83333333333333,4.33333333333333,6,55.1089829338194,16.2658071987186,1.85886901572252
"322",322,"tree",5890820802609152,5195205030445056,3.36363636363636,5.18181818181818,4.27272727272727,11,51.9711458407451,21.5977412844905,1.8278775569446
"323",323,"tree",5902174435409920,5574339447488512,3.88888888888889,5.88888888888889,4.88888888888889,9,132,30.1636837759493,1.78501413108666
"324",324,"tree",5904019270664192,5241475400990720,4.57142857142857,6.42857142857143,5.57142857142857,7,55.9732078766261,24.0423721306955,2.12635418990372
"325",325,"tree",5909216902512640,6176961757970432,6.25,7,6.75,8,81.3203541556479,51.6334691348704,2.05921968378892
"326",326,"tree",5914386784845824,4840306753142784,5,6.4025,5.8,10,114.070153852794,24.9954218200984,1.87386717332105
"327",327,"tree",5921583124185088,4626048664731648,3.45454545454545,5.72727272727273,4.63636363636364,11,98.7319603775799,15.2025645830149,2.02924895022048
"328",328,"tree",5926676749877248,4681674581344256,1.8,3,2.4,10,61.5223536610881,22.8436339031264,1.80040102176633
"329",329,"tree",5931543690215424,5402923842404352,2.99642857142857,4.71428571428571,4,7,66.8879660327626,16.3606797404226,1.82110641622613
"330",330,"tree",5939441929551872,6199291964030976,4.46153846153846,5.38461538461539,4.92307692307692,13,60.6712452484701,17.4183251338851,1.78938806078921
"331",331,"tree",5977442474786816,5726178365145088,6.15384615384615,6.69230769230769,6.46153846153846,13,137.003649586425,49.5498181236649,2.0693675038423
"332",332,"tree",5997606327025664,5596979495174144,2.58333333333333,4.33333333333333,3.5,12,42.4264068711929,9.54422664978449,1.79688268839158
"333",333,"tree",6038139007139840,5100154451394560,3.875,6.25,5.125,8,69.9213844256534,23.2534189480027,1.85568477574184
"334",334,"tree",6042332719742976,5701759697682432,3.54545454545455,4.63863636363636,4.09090909090909,11,81.5843122174846,25.4808806414416,1.82563360207604
"335",335,"tree",6043760192389120,5715981408141312,2.8,4.5025,3.7,10,77.8973683766018,24.6633526170677,1.77412426622019
"336",336,"tree",6045379915153408,4753257341648896,3.5,6.5,5.125,9,89.4706655837543,35.7604905786509,1.83967451636507
"337",337,"tree",6047872673906688,5483012739301376,3,4.25,3.58333333333333,12,70.6116137756389,17.1677188946298,1.83834461455273
"338",338,"tree",6072476129820672,5584651693326336,5.4,7,6.2,5,89.4427190999916,24.5773077800857,1.93130146062649
"339",339,"tree",6098342918488064,4703567510241280,3.7,5.2,4.4,10,80.7774721070176,24.2395984716561,1.81887371075066
"340",340,"tree",6110006556491776,6117959091093504,4.69230769230769,6.07692307692308,5.46153846153846,13,100.179838290946,36.401473970258,2.02821062860535
"341",341,"tree",6131339407392768,4915355380088832,3.66666666666667,5.66944444444444,4.77777777777778,9,71,24.4468290559692,2.08669881781868
"342",342,"tree",6139330986770432,5553474576056320,4.55555555555556,6.22222222222222,5.44444444444444,9,68,26.7091909562149,1.81407445096312
"343",343,"tree",6153645844332544,5877076991148032,6.36363636363636,6.90909090909091,6.63636363636364,11,58.258046654518,22.0477503080505,1.81961799463315
"344",344,"tree",6165497533956096,5268265729261568,4.22222222222222,6.77777777777778,5.66666666666667,9,89.8888202169769,31.51411953282,1.85903849306776
"345",345,"tree",6167007219154944,5766791022247936,2.2,3.6,2.9,10,142.077443670697,48.7935500324128,1.92971774785999
"346",346,"tree",6171554683551744,5525406348214272,2.88888888888889,5.55555555555556,4.22222222222222,9,68.9420046125727,24.4621899968326,1.81219254101708
"347",347,"tree",6172709857787904,5586847570853888,3.72727272727273,5.27272727272727,4.45454545454545,11,63.5688603012513,15.9562191945456,1.82082149205572
"348",348,"tree",6203542975021056,5367574621585408,3.57142857142857,5.85714285714286,5,7,41.0487515035476,17.5070469635886,2.04216637542338
"349",349,"tree",6232507345272832,5200899423076352,5.57142857142857,7,6.28571428571429,7,81.3941029804985,26.6764789489558,1.83356177641189
"350",350,"tree",6243335628914688,6381970412011520,3.35714285714286,5.07142857142857,4.21428571428571,14,71,21.1496345718809,1.84319728836898
"351",351,"tree",6250544093986816,5563124864253952,6.625,7,6.875,8,93.0859817588019,21.4385602382429,1.98927764610665
"352",352,"tree",6252463373942784,4523862182068224,3.22222222222222,5.88888888888889,4.55555555555556,9,92.9623579735368,21.7430833094796,1.81305653220297
"353",353,"tree",6264148910407680,6174156326436864,1.7,2.5,2.1,10,58.7281874401041,23.1178028788807,1.8145666341814
"354",354,"tree",6264404926529536,4609853571989504,5.14285714285714,7,6.28571428571429,7,57.2800139664787,20.7309762257957,2.16494380265509
"355",355,"tree",6270145355841536,6556114139217920,2.28571428571429,3.5,2.85714285714286,14,113.357840487546,29.5962625570203,1.78919067123188
"356",356,"tree",6271033923338240,5775386208108544,4.93333333333333,6,5.46666666666667,15,75.2861208988748,22.1932323197791,1.81006362718688
"357",357,"tree",6296935361150976,5890793690628096,6.1,6.9,6.5,10,54.817880294663,18.4862755015073,1.92510887838006
"358",358,"tree",6302376669478912,6585894687473664,4.36363636363636,5.72727272727273,5.09090909090909,11,58.2494635168428,20.6126815078802,1.83127896484089
"359",359,"tree",6307926773858304,5789507221716992,5.5,7,6.25,8,143.781083595861,24.2622596787955,2.01831372757704
"360",360,"tree",6318835097403392,5877961469198336,3.28571428571429,5.57142857142857,4.42857142857143,7,74.3303437365925,29.3529147080282,1.83376212921777
"361",361,"tree",6323944921497600,6422416773349376,1.795,3.4,2.6,5,42.9534631898291,14.3489409873905,1.83496628120271
"362",362,"tree",6328795495661568,5057710124957696,4.55555555555556,6.00277777777778,5.33333333333333,9,63.6396103067893,22.4448571153411,1.79557282418538
"363",363,"tree",6329527238131712,6697642375512064,4.55555555555556,6.44444444444444,5.55555555555556,9,112.969022302576,21.5504115149948,1.77756468747021
"364",364,"tree",6331931224440832,6058036227473408,3.22222222222222,5.11111111111111,4.11111111111111,9,71.386273190299,21.3831883413855,1.80798051341313
"365",365,"tree",6338419292635136,5895470259896320,6,6.8,6.4,5,84.717176534632,18.7563949087333,1.78053905451585
"366",366,"tree",6341537778630656,6585894687473664,4.55555555555556,6.22222222222222,5.44444444444444,9,112.507777508935,36.9254565132313,1.95952999638417
"367",367,"tree",6343973360631808,6632018693586944,5.36363636363636,6.63636363636364,6,11,94.5568612000208,28.784973899617,1.80413736963751
"368",368,"tree",6362162056396800,5411631251062784,3.63636363636364,5.90909090909091,4.81818181818182,11,60.1082357085949,25.556852320241,1.83677464806301
"369",369,"tree",6372027596275712,6067248483532800,4.85714285714286,6.28571428571429,5.57142857142857,7,63.5609943282828,16.9516369939416,1.68597995078314
"370",370,"tree",6381970412011520,4752045758218240,5.46666666666667,6.53333333333333,6.06666666666667,15,66.7083203206317,14.7588079475336,1.92459233726473
"371",371,"tree",6425465445154816,6747812828020736,2.85714285714286,5.42857142857143,4.14285714285714,7,76.1183289359403,26.3663970384326,1.93328905764703
"372",372,"tree",6433464687525888,5079657730801664,3.35714285714286,4.64285714285714,4,14,121.148668998054,42.3249092976458,1.87031533155805
"373",373,"tree",6435272415772672,6140366757560320,3.24791666666667,4.83333333333333,4,12,81.8413098624405,29.8869507218126,1.7896386870965
"374",374,"tree",6441286313705472,4800797361569792,1.5,3.375,2.375,8,44,15.5784723872078,1.84114369798074
"375",375,"tree",6471317173829632,6666180834099200,3,6.33333333333333,4.83333333333333,6,121.794909581641,24.3808016562649,1.79622443930772
"376",376,"tree",6484200028897280,6740925642440704,2.2,3.3,2.7,10,46.0977222864644,18.1695389770114,1.81744776383349
"377",377,"tree",6487434462232576,6140366757560320,2.8,4.4,3.6,10,83.7376856618333,35.9685087993766,1.81707117071807
"378",378,"tree",6492093763551232,5944161578516480,3.57142857142857,5.85714285714286,4.57142857142857,7,120.01666550942,24.4256680803639,1.81760506082363
"379",379,"tree",6506105289048064,5877076991148032,4.55555555555556,6.11111111111111,5.33333333333333,9,57.3149195236284,21.2223112147925,1.78648201800691
"380",380,"tree",6509219673014272,5009873450303488,3.33333333333333,5.11111111111111,4.22222222222222,9,50.4876222454574,19.728463588344,1.79178243792755
"381",381,"tree",6530589869998080,5584278081503232,4.5,6.375,5.5,8,79.8498591107085,29.4759015000946,1.80916422918525
"382",382,"tree",6556725303836672,6129986647883776,4.6,6.3,5.5,10,56.859475903318,24.7928888157167,1.89123137193152
"383",383,"tree",6560186254753792,5009863518191616,5.33333333333333,6.83333333333333,6.16666666666667,6,73.1641988953614,22.1464256589939,1.83568754085268
"384",384,"tree",6571670984720384,5963324430745600,2.38461538461538,3.92307692307692,3.07692307692308,13,73.109506905737,23.2567559746206,1.83881880566602
"385",385,"tree",6573084209315840,6410852137697280,2.75,6.5,4.75,4,58.8302643203309,24.6252455204191,1.84077654992443
"386",386,"tree",6582563558653952,5044755949944832,5.58333333333333,6.58333333333333,6.08333333333333,12,102.396288995256,23.5797556063138,1.82730131751389
"387",387,"tree",6592054090006528,5794692136435712,3.33333333333333,5,4.11111111111111,9,73.0068489937759,19.6466100103515,1.78515757610836
"388",388,"tree",6601115938324480,5103015675559936,3.72727272727273,5.90909090909091,4.81818181818182,11,100.424100693011,32.34700775424,1.82791020825396
"389",389,"tree",6603145708830720,4681674581344256,4.30769230769231,5.46153846153846,4.84615384615385,13,93.9201788754685,27.8262447186845,1.88285353357485
"390",390,"tree",6610673314299904,5623310995947520,2.64705882352941,3.82352941176471,3.23529411764706,17,95.524865872714,19.5451589617534,1.81258079115208
"391",391,"tree",6618593166884864,5837754971717632,3.61538461538462,5.76923076923077,4.69230769230769,13,87.0517087712815,22.6051713193776,1.80587166416981
"392",392,"tree",6627380078575616,6324818322391040,4.8,5.8,5.3,10,61.2943716828878,18.7622719131849,1.77756265474126
"393",393,"tree",6659770427637760,5394857726050304,4.83333333333333,5.91666666666667,5.41666666666667,12,103,20.9894226184687,2.07259987631854
"394",394,"tree",6663513084788736,4987385538412544,2.18181818181818,3.63636363636364,2.90909090909091,11,64,21.5070780787867,1.78342018583537
"395",395,"tree",6666113066729472,4917750214426624,1.5,3,2.16666666666667,6,111.64676439557,24.7348641393208,1.81487279397939
"396",396,"tree",6684022107275264,5337229599703040,3.9,6.4,5.3,10,82.6801064343775,19.4666127356092,1.78863651063619
"397",397,"tree",6696130446360576,4748950617718784,7,7,7,4,81.4984662432367,25.4293490004218,1.94487681559289
"398",398,"tree",6728665192726528,5776618662395904,3.15384615384615,5.15384615384615,4.15384615384615,13,88,21.2211431389381,1.84053110114273
"399",399,"tree",6731009435369472,5290741007908864,3,6,4.5,4,86.9770084562581,21.8247016928994,2.09241960318667
"400",400,"tree",6745743723331584,6094151017824256,3.5,5.08333333333333,4.33333333333333,12,75.9605160593318,22.2531175167885,1.87211229706123
